{"type": "FeatureCollection", "features": [{"type": "Feature", "properties": {"utility": "Alectra Utilities Corporation", "license": "ED-2016-0360", "source": "OEB Open Data \u2014 Electric_260225.kmz (2026-02-25)", "polygon_count": 15}, "geometry": {"type": "MultiPolygon", "coordinates": [[[[-79.80258568499994, 43.11269741000007], [-79.79638600399994, 43.12691321700004], [-79.79875902699996, 43.12741078700003], [-79.79814065099998, 43.12910738000005], [-79.81530828299998, 43.13309345200003], [-79.82220139399999, 43.11670427700005], [-79.80258568499994, 43.11269741000007]]], [[[-80.14712616199995, 43.23925570300003], [-80.14767451599994, 43.23916279200006], [-80.14793434099994, 43.23918044600003], [-80.14882532199994, 43.23905432200007], [-80.14866839099994, 43.23858850500005], [-80.15031336699997, 43.23847100100005], [-80.15028352299998, 43.23819751900004], [-80.15276030399997, 43.23802275900005], [-80.15270135899993, 43.23780739700004], [-80.15307507199998, 43.23777856000004], [-80.15344798899997, 43.23774466200007], [-80.15381998299995, 43.23770571300003], [-80.15419092299999, 43.23766172800003], [-80.15442422599995, 43.23763656500006], [-80.15465668099995, 43.23760750800005], [-80.15488816699997, 43.23757457000005], [-80.15511856099994, 43.23753777000007], [-80.15534774299994, 43.23749712600005], [-80.15557559299998, 43.23745266100008], [-80.15583695899994, 43.23740394600003], [-80.15609649099997, 43.23735025000008], [-80.15635401199995, 43.23729160800008], [-80.15660934699997, 43.23722805900007], [-80.15686232099995, 43.23715965000008], [-80.15716747799996, 43.23707692700003], [-80.15747077899994, 43.23699063200007], [-80.15667204699997, 43.23446058200005], [-80.15584966999995, 43.23182980600006], [-80.15512645099994, 43.22946918400004], [-80.15486365499999, 43.22869382100004], [-80.15453025899996, 43.22763738800006], [-80.15434291299994, 43.22707868700007], [-80.15360394199996, 43.22720790200003], [-80.15401565499997, 43.22848989700003], [-80.15234597899996, 43.22881005600004], [-80.15278012099998, 43.23014492800007], [-80.15337136199997, 43.23196274000003], [-80.15091608999995, 43.23232097100004], [-80.15082572699998, 43.23216352000003], [-80.14998623099996, 43.22954375700004], [-80.14960746099996, 43.22835500900004], [-80.14953599199998, 43.22813605500005], [-80.14946191599995, 43.22789681200004], [-80.14773433199997, 43.22819756000007], [-80.14725224499995, 43.22828050500004], [-80.14677015999996, 43.22836344300003], [-80.14652910999996, 43.22840491400007], [-80.14628806899998, 43.22844638400005], [-80.14602077899997, 43.22849237400004], [-80.14574441999997, 43.22853991600005], [-80.14549475799998, 43.22858286200005], [-80.14529686799995, 43.22861690400003], [-80.14499556199996, 43.22866873900006], [-80.14473911199997, 43.22871285100007], [-80.14462304199998, 43.22873281900007], [-80.14438219999994, 43.22877492200007], [-80.14408868799995, 43.22882701100008], [-80.14390091799999, 43.22886033100008], [-80.14378050499994, 43.22888167500003], [-80.14106068899997, 43.22940937600004], [-80.14082001899999, 43.22945210400007], [-80.14054657499997, 43.22950065200007], [-80.14027313099996, 43.22954919500006], [-80.13540856999998, 43.23041245500008], [-80.13518112399998, 43.23045218300007], [-80.13472495599996, 43.23053185700007], [-80.13479564899995, 43.23075649700007], [-80.13489323699997, 43.23106658900008], [-80.13595840199997, 43.23442102800004], [-80.13735369699998, 43.23881455900005], [-80.13743941599995, 43.23908443600004], [-80.13994675699996, 43.23892201000007], [-80.14241446599993, 43.23877574000005], [-80.14608986699994, 43.23849387400003], [-80.14621058999995, 43.23887473400004], [-80.14628387299996, 43.23910591800006], [-80.14704143699998, 43.23898843800004], [-80.14712616199995, 43.23925570300003]]], [[[-79.20566786499995, 43.24699253600005], [-79.22090870199997, 43.24656621900004], [-79.22346660499994, 43.22684905200003], [-79.26396672899995, 43.21246085000007], [-79.32843676999994, 43.18141039400007], [-79.32843300599995, 43.18139611800007], [-79.32842989599999, 43.18138569200005], [-79.32838287399994, 43.18128904400004], [-79.32839635999994, 43.18125732900006], [-79.32838527499996, 43.18121150300004], [-79.32838071599997, 43.18115666300008], [-79.32845184299998, 43.18108031200006], [-79.32848270899996, 43.18106674200004], [-79.32857739199994, 43.18104725200004], [-79.32867273199997, 43.18101510700006], [-79.32890255799998, 43.18093760900007], [-79.32897702799994, 43.18028161000007], [-79.32913264099994, 43.17934929200004], [-79.32789274699996, 43.17934346500004], [-79.32573018299996, 43.17939709400008], [-79.32551273899998, 43.17919983200005], [-79.32541415899993, 43.17910999100008], [-79.32529680499994, 43.17900303800008], [-79.32516258699997, 43.17890729000004], [-79.32499854799994, 43.17879026500003], [-79.32463256399996, 43.17871035900004], [-79.32447804399999, 43.17867866800003], [-79.32434986599998, 43.17866966900004], [-79.32424559299994, 43.17866719600005], [-79.32420598499994, 43.17866111400008], [-79.32413466999998, 43.17863792800006], [-79.32399208799995, 43.17858223600007], [-79.32393486199999, 43.17855104200004], [-79.32386736499996, 43.17850212200005], [-79.32375157899997, 43.17842414400008], [-79.32366268599998, 43.17836429700003], [-79.32354565099996, 43.17830970200004], [-79.32345859299994, 43.17827923800007], [-79.32161475499998, 43.17850482400007], [-79.32061846499994, 43.17863244900008], [-79.32050632299996, 43.17828470400008], [-79.32040742299995, 43.17802210400004], [-79.31972862299995, 43.17739530400007], [-79.31958342199994, 43.17721760400008], [-79.31945362199997, 43.17704900400003], [-79.31934722199998, 43.17689000400003], [-79.31927872199998, 43.17669990400003], [-79.31924032199998, 43.17646950400007], [-79.31933142199995, 43.17625930400004], [-79.31955282199993, 43.17603750400008], [-79.31981962199995, 43.17584350400006], [-79.32014772299993, 43.17562750400003], [-79.32036142299995, 43.17549550300004], [-79.32047582299998, 43.17535770300003], [-79.32049882299998, 43.17516900300006], [-79.32045332299998, 43.17491170300008], [-79.32028542199998, 43.17467060300004], [-79.31985012199993, 43.17399770300005], [-79.31955282199993, 43.17370980300007], [-79.31900402199994, 43.17340010300006], [-79.31827122199996, 43.17320030300004], [-79.31808022199994, 43.17309840300004], [-79.31793552199997, 43.17299260300007], [-79.31790502199993, 43.17281670300008], [-79.31792792199997, 43.17262340300005], [-79.31801142199998, 43.17246250300008], [-79.31815682199993, 43.17227110300007], [-79.31830172199994, 43.17217420300005], [-79.31845442199995, 43.17201440300005], [-79.31872912199998, 43.17186520300004], [-79.31914132199995, 43.17164170300003], [-79.31927812199996, 43.17147730300007], [-79.31932372199998, 43.17138330300003], [-79.31932432199994, 43.17127530300007], [-79.31918672199998, 43.17119680300004], [-79.31901872199995, 43.17112220300004], [-79.31875192199999, 43.17098320300005], [-79.31840052199993, 43.17075740300004], [-79.31817182099996, 43.17062790300002], [-79.31777552099999, 43.17041510300004], [-79.31749282099997, 43.17026690300003], [-79.31731772099994, 43.17009310300006], [-79.31724072099996, 43.16980830300002], [-79.31727972099998, 43.16948930300003], [-79.31715752099996, 43.16912730200005], [-79.31680632099994, 43.16886550200007], [-79.31668442099993, 43.16857100200008], [-79.31681402099997, 43.16830280200003], [-79.31694392099996, 43.16797150200006], [-79.31691332099996, 43.16762910200003], [-79.31680642099997, 43.16728970200006], [-79.31676832099998, 43.16691100200006], [-79.31666892099997, 43.16672490200006], [-79.31644752099999, 43.16630750200005], [-79.31618071999998, 43.16588480200005], [-79.31599751999994, 43.16569750200006], [-79.31566921999996, 43.16561610200006], [-79.31553961999998, 43.16554670200003], [-79.31537951999996, 43.16549930200006], [-79.31528781999998, 43.16547990200007], [-79.31520411999998, 43.16544280200003], [-79.31512781999999, 43.16531560200008], [-79.31506651999996, 43.16525160200007], [-79.31498301999994, 43.16515570200005], [-79.31491461999997, 43.16506910200007], [-79.31486831999996, 43.16499200200008], [-79.31484551999995, 43.16496010200007], [-79.31483781999998, 43.16490150200008], [-79.31486861999997, 43.16484350200005], [-79.31489911999995, 43.16479890200003], [-79.31495221999995, 43.16473190200003], [-79.31506721999995, 43.16455380200006], [-79.31518871999998, 43.16441150200006], [-79.31522741999999, 43.16432200200006], [-79.31546371999997, 43.16405530200007], [-79.31554781999995, 43.16382700200006], [-79.31560861999998, 43.16362070200006], [-79.31564661999994, 43.16353120200006], [-79.31568501999999, 43.16350030200005], [-79.31573071999998, 43.16346480200008], [-79.31623411999999, 43.16335980200006], [-79.31644021999995, 43.16332230100005], [-79.31661531999998, 43.16322580100007], [-79.31672991999994, 43.16313300100006], [-79.31676811999995, 43.16305690100006], [-79.31676021999994, 43.16295780100006], [-79.31669921999998, 43.16284440100003], [-79.31661541999995, 43.16273950100003], [-79.31643221999997, 43.16254780100007], [-79.31634821999995, 43.16242050100004], [-79.31625691999994, 43.16229760100003], [-79.31623421999996, 43.16220720100006], [-79.31622641999996, 43.16201330100006], [-79.31628741999998, 43.16191990100003], [-79.31636401999998, 43.16184440100005], [-79.31644751999994, 43.16174220100004], [-79.31647091999997, 43.16159380100004], [-79.31650881999997, 43.16147290100002], [-79.31656971999996, 43.16135670100005], [-79.31663831999998, 43.16129020100004], [-79.31670731999998, 43.16121470100006], [-79.31672971999996, 43.16115190100004], [-79.31682941999998, 43.16091050100005], [-79.31685221999999, 43.16078000100003], [-79.31686711999998, 43.16065880100007], [-79.31682121999995, 43.16053670100007], [-79.31676851999998, 43.16049530100003], [-79.31669171999994, 43.16049400100007], [-79.31658491999997, 43.16055110100007], [-79.31647831999999, 43.16061700100005], [-79.31629511999995, 43.16072220100006], [-79.31608911999996, 43.16082290100007], [-79.31590651999994, 43.16090120100006], [-79.31570771999998, 43.16097020100005], [-79.31557821999996, 43.16098170100003], [-79.31545611999996, 43.16097560100008], [-79.31527301999995, 43.16089190100007], [-79.31519631999998, 43.16080510100005], [-79.31518911999996, 43.16067910100003], [-79.31522671999994, 43.16056700100006], [-79.31537221999997, 43.16042050100003], [-79.31554001999996, 43.16030160100007], [-79.31569201999997, 43.16019580100004], [-79.31575341999996, 43.16008850100008], [-79.31579931999994, 43.15998570100004], [-79.31581441999998, 43.15988680100003], [-79.31576121999996, 43.15969250100005], [-79.31572291999998, 43.15957480100008], [-79.31572271999994, 43.15944870100003], [-79.31576891999998, 43.15933250100005], [-79.31583011999999, 43.15922980100004], [-79.31589851999996, 43.15912260100004], [-79.31592901999994, 43.15904220100003], [-79.31595161999996, 43.15894780100007], [-79.31591331999994, 43.15857350100003], [-79.31589811999999, 43.15846090100007], [-79.31580671999996, 43.15826590100005], [-79.31571541999995, 43.15803040100008], [-79.31562351999997, 43.15784880100006], [-79.31548621999997, 43.15764440100003], [-79.31535661899994, 43.15743550000008], [-79.31523461899997, 43.15734350000002], [-79.31508241899996, 43.15731440000008], [-79.31476951899998, 43.15723320000006], [-79.31452541899995, 43.15724740000007], [-79.31427321899997, 43.15724830100004], [-79.31409801899997, 43.15724120100003], [-79.31386861899995, 43.15725580100008], [-79.31367851899995, 43.15726650100004], [-79.31354841899997, 43.15724660100005], [-79.31348741899996, 43.15720070100008], [-79.31347211899998, 43.15711040100007], [-79.31347251899996, 43.15698890000004], [-79.31347981899995, 43.15685840000003], [-79.31348001899994, 43.15674130000008], [-79.31367811899997, 43.15622210000004], [-79.31371641899995, 43.15616860000006], [-79.31374681899996, 43.15613290000005], [-79.31383851899994, 43.15608930000008], [-79.31394501899996, 43.15607270000004], [-79.31403721899994, 43.15604720000005], [-79.31414341899995, 43.15601280000004], [-79.31421251899997, 43.15598680000005], [-79.31425801899996, 43.15595150000007], [-79.31426591899998, 43.15589310000007], [-79.31427311899995, 43.15579860000003], [-79.31425081899994, 43.15569000000005], [-79.31421191899994, 43.15561750000006], [-79.31417381899996, 43.15558090000007], [-79.31407481899998, 43.15554360000004], [-79.31398311899994, 43.15552410000004], [-79.31392221899995, 43.15550510000003], [-79.31389201899998, 43.15545510000004], [-79.31388431899995, 43.15540120000003], [-79.31390001899996, 43.15533830000004], [-79.31395271899999, 43.15526250000005], [-79.31399891899997, 43.15520030000005], [-79.31405211899994, 43.15508850000003], [-79.31412881899996, 43.15492760000006], [-79.31416611899994, 43.15482440000005], [-79.31419711899997, 43.15465390000003], [-79.31422791899996, 43.15453720000005], [-79.31425801899996, 43.15446560000004], [-79.31429661899995, 43.15441680000004], [-79.31444921899998, 43.15426150000008], [-79.31454011899996, 43.15419520000006], [-79.31459391899995, 43.15411490000002], [-79.31461711899993, 43.15405240000007], [-79.31470061899995, 43.15389600000003], [-79.31481471899997, 43.15376710000004], [-79.31486841899994, 43.15369130000005], [-79.31490701899997, 43.15362900000008], [-79.31494481899995, 43.15354380000008], [-79.31500611899997, 43.15346380000005], [-79.31506681899998, 43.15341050000006], [-79.31515121899997, 43.15336230000003], [-79.31525031899997, 43.15333210000006], [-79.31531851899996, 43.15333770000007], [-79.31539471899998, 43.15336580000007], [-79.31549401899997, 43.15341660000007], [-79.31558561899999, 43.15344060000007], [-79.31570821899999, 43.15346060000007], [-79.31592081899998, 43.15345910000008], [-79.31597481899996, 43.15342830000003], [-79.31601321899996, 43.15340200000003], [-79.31610451899996, 43.15332690000002], [-79.31619581899997, 43.15324260000006], [-79.31624191899994, 43.15316240000004], [-79.31627261899996, 43.15308170000003], [-79.31626431899997, 43.15299150000004], [-79.31621861899998, 43.15289620000004], [-79.31611971899997, 43.15282280000008], [-79.31602061899997, 43.15274470000003], [-79.31590611899998, 43.15268450000008], [-79.31579131899997, 43.15263330000005], [-79.31571491899996, 43.15258720000003], [-79.31550141899999, 43.15244450000006], [-79.31541031899997, 43.15238000000005], [-79.31531111899994, 43.15229300000004], [-79.31525001899996, 43.15222470000003], [-79.31523471899999, 43.15216140000007], [-79.31523441899998, 43.15203540000005], [-79.31524261899995, 43.15196350000008], [-79.31530301899994, 43.15188770000003], [-79.31538711899998, 43.15178999900007], [-79.31546351899993, 43.15164259900007], [-79.31549431899998, 43.15144499900003], [-79.31551701899997, 43.15131909900003], [-79.31554741899998, 43.15118889900003], [-79.31557031899996, 43.15108139900008], [-79.31560851899997, 43.15090189900008], [-79.31559341899998, 43.15074839900007], [-79.31556251899997, 43.15054989900005], [-79.31549371899996, 43.15029209900007], [-79.31537951899998, 43.15014199900003], [-79.31528031899995, 43.15005509900004], [-79.31502081899998, 43.14998819900006], [-79.31492931899999, 43.14991029900006], [-79.31489101899996, 43.14984669900008], [-79.31484571899995, 43.14973339900007], [-79.31468501899997, 43.14948339900008], [-79.31454831899998, 43.14928329900005], [-79.31446401799997, 43.14913799900006], [-79.31442611799997, 43.14897969900005], [-79.31441405299995, 43.14887657100007], [-79.31439179399996, 43.14887559800007], [-79.31342310999997, 43.14883326900008], [-79.31344458799998, 43.14846598300005], [-79.31215445799995, 43.14837715200008], [-79.31212713999997, 43.14778956000004], [-79.31197617799995, 43.14466218500007], [-79.31336272199997, 43.14473089300003], [-79.31335811799994, 43.14468689800003], [-79.31335184599999, 43.14466479800006], [-79.31334486499998, 43.14464019600007], [-79.31333501799998, 43.14460549800003], [-79.31328891799996, 43.14454179800003], [-79.31325111799998, 43.14447389800006], [-79.31316721799999, 43.14436439800005], [-79.31305231799996, 43.14428619800003], [-79.31290741799995, 43.14422109800006], [-79.31275531799997, 43.14419619800003], [-79.31257201699998, 43.14417559800006], [-79.31238141699998, 43.14415019800003], [-79.31228191699995, 43.14413529800004], [-79.31216771699997, 43.14409289800005], [-79.31203831699997, 43.14401929800005], [-79.31193101699995, 43.14395449800003], [-79.31177071699994, 43.14385319800004], [-79.31162621699997, 43.14375189800006], [-79.31155731699994, 43.14371019800006], [-79.31152691699998, 43.14369649800005], [-79.31148891699996, 43.14365079800007], [-79.31145841699998, 43.14359189800007], [-79.31141201699995, 43.14353719800005], [-79.31137411699996, 43.14349149800006], [-79.31133631699998, 43.14344149800007], [-79.31130551699994, 43.14342299800006], [-79.31127471699995, 43.14339549800007], [-79.31123701699994, 43.14333639800003], [-79.31121381699995, 43.14325509800005], [-79.31119091699998, 43.14311069800004], [-79.31119061699997, 43.14303849800007], [-79.31118351699996, 43.14298889800006], [-79.31116841699998, 43.14293019800004], [-79.31114551699994, 43.14289399800003], [-79.31111481699998, 43.14286179800007], [-79.31107651699995, 43.14283429800003], [-79.31104581699998, 43.14280239800007], [-79.31102341699994, 43.14277939800007], [-79.31100801699995, 43.14275229800006], [-79.31100041699995, 43.14272059800004], [-79.31099281699994, 43.14269359800005], [-79.31101621699997, 43.14260379800004], [-79.31102331699998, 43.14253189800007], [-79.31102331699998, 43.14247779800007], [-79.31103851699999, 43.14242839800005], [-79.31105361699997, 43.14237929800004], [-79.31106141699996, 43.14234779800006], [-79.31109151699997, 43.14231229800004], [-79.31112241699998, 43.14227659800008], [-79.31115301699998, 43.14226359800006], [-79.31119891699996, 43.14223729800005], [-79.31124481699999, 43.14221999800003], [-79.31131331699999, 43.14221649800004], [-79.31136671699994, 43.14219939800006], [-79.31141201699995, 43.14220439800005], [-79.31145841699998, 43.14219159800007], [-79.31150401699995, 43.14218339800004], [-79.31154931699996, 43.14215699800008], [-79.31158061699995, 43.14213949800006], [-79.31167941699994, 43.14206429800004], [-79.31173251699994, 43.14200659800008], [-79.31176321699996, 43.14197099800003], [-79.31178591699995, 43.14190839800006], [-79.31179411699998, 43.14186339800005], [-79.31176311699994, 43.14179089800007], [-79.31173311699996, 43.14173639800003], [-79.31171731699999, 43.14169129800007], [-79.31170971699999, 43.14163249800004], [-79.31175531699995, 43.14156559800006], [-79.31183911699998, 43.14148149800008], [-79.31193101699995, 43.14141079800004], [-79.31199181699998, 43.14135309800002], [-79.31208401699996, 43.14126889800008], [-79.31212191699996, 43.14120639800007], [-79.31214511699994, 43.14114369800006], [-79.31217481699997, 43.14106299800005], [-79.31219061699994, 43.14102289800007], [-79.31221351699998, 43.14095109800007], [-79.31226691699999, 43.14087989800004], [-79.31235801699995, 43.14080469800007], [-79.31251101699996, 43.14072599800005], [-79.31260281699997, 43.14068219800004], [-79.31267131699997, 43.14065169800006], [-79.31271691699999, 43.14061649800004], [-79.31280101699997, 43.14056809800007], [-79.31283151699995, 43.14055519800007], [-79.31292251699995, 43.14051129800004], [-79.31300721699995, 43.14048109800007], [-79.31306811699994, 43.14044599800008], [-79.31315201699994, 43.14036159800003], [-79.31318211699994, 43.14032619800003], [-79.31320561699994, 43.14031299800007], [-79.31322091699997, 43.14028609800005], [-79.31324321699998, 43.14023249800005], [-79.31325121699996, 43.14018749800005], [-79.31325091699995, 43.14011549700007], [-79.31324371699998, 43.14007049700007], [-79.31322791699995, 43.14003399700005], [-79.31319781699995, 43.13997519700007], [-79.31316731699997, 43.13993879700007], [-79.31313651699998, 43.13991119700006], [-79.31311351699998, 43.13988389700006], [-79.31308281699995, 43.13982939700003], [-79.31303771699999, 43.13973439700004], [-79.31299131699996, 43.13966139700005], [-79.31293081699994, 43.13960209700008], [-79.31283911699995, 43.13952859700004], [-79.31280061699994, 43.13949649700004], [-79.31272441699997, 43.13944599700005], [-79.31269401699996, 43.13943649700008], [-79.31265621699998, 43.13944489700003], [-79.31259471699997, 43.13943949700007], [-79.31254131699995, 43.13945659700005], [-79.31251111699999, 43.13946089700005], [-79.31246521699995, 43.13947799700003], [-79.31237341699995, 43.13949489700008], [-79.31223601699998, 43.13942969700003], [-79.31212221699997, 43.13937859700007], [-79.31194601699997, 43.13930369700006], [-79.31185501699997, 43.13926189700004], [-79.31173381699995, 43.13920609700006], [-79.31173461699996, 43.13919489700004], [-79.31154291599995, 43.13550499700006], [-79.31153371599999, 43.13532339700004], [-79.31147761599993, 43.13422759700006], [-79.31115151599994, 43.12752629500005], [-79.31112511499998, 43.12633789500006], [-79.31109041499997, 43.12615749500003], [-79.31104061499997, 43.12482389500008], [-79.31096441499994, 43.12278539500005], [-79.31085091499995, 43.11974299400003], [-79.31075281499994, 43.11711819400006], [-79.31074571499994, 43.11693719300007], [-79.31074861499997, 43.11681339300003], [-79.31074829199997, 43.11680560200006], [-79.31233679399998, 43.11684685200004], [-79.31604372199996, 43.11694895000005], [-79.31586956899997, 43.11179813100006], [-79.31554695199998, 43.11183824500006], [-79.31434661299994, 43.11188516900006], [-79.31418531999998, 43.11189373300004], [-79.31402458999997, 43.11190679000003], [-79.31386465399999, 43.11192432200005], [-79.31370574399995, 43.11194630300002], [-79.31354809299995, 43.11197270100007], [-79.31339192899998, 43.11200347900007], [-79.31111840399996, 43.11244630800007], [-79.31111383699994, 43.11228137200004], [-79.31102286299995, 43.11229724500004], [-79.31092225199995, 43.11231479900005], [-79.31084572499998, 43.11232815100004], [-79.31073246799997, 43.11234791100003], [-79.31056511299994, 43.11237710900008], [-79.30918296599998, 43.11261824800005], [-79.30906904899996, 43.11263567200007], [-79.30895398199993, 43.11264840800004], [-79.30883812399998, 43.11265641800003], [-79.30872183599996, 43.11265967700007], [-79.30860547999998, 43.11265817400005], [-79.30848942199998, 43.11265191500007], [-79.30837401999997, 43.11264091700008], [-79.30825963699994, 43.11262521700007], [-79.30814662899996, 43.11260486300006], [-79.30803534799998, 43.11257991800005], [-79.30792614299997, 43.11255046000008], [-79.30781935099998, 43.11251658200007], [-79.30771530799996, 43.11247838800006], [-79.30761433899994, 43.11243599900007], [-79.30751675599998, 43.11238954600003], [-79.30637127299997, 43.11181026800006], [-79.30642116699994, 43.11180783600003], [-79.30642973099998, 43.11114287600003], [-79.30639387699995, 43.11103338700008], [-79.30617587099994, 43.11036765200004], [-79.30555993099995, 43.11038370800003], [-79.30551954899994, 43.10955405100003], [-79.30547908699998, 43.10872275300005], [-79.30544821399997, 43.10802489200006], [-79.30519171199995, 43.10804659200005], [-79.30344631099996, 43.10819939200007], [-79.30025270999994, 43.10845659200004], [-79.29906510999996, 43.10848809300006], [-79.29861105999998, 43.10849659300004], [-79.29815700999995, 43.10850519300004], [-79.29704210899996, 43.10852589300004], [-79.29489934799994, 43.10853855000005], [-79.29489505599997, 43.10843516400007], [-79.29488182599994, 43.10811653500008], [-79.29482419899995, 43.10670506600007], [-79.29478923699997, 43.10577863700007], [-79.29473215599995, 43.10425641300003], [-79.28718247199998, 43.10436349800005], [-79.28713690099994, 43.10436414300005], [-79.28725815199994, 43.10856191900007], [-79.28967634199995, 43.10850175100006], [-79.28968380299995, 43.10795305400006], [-79.28968471299999, 43.10786707900007], [-79.29039509299997, 43.10785811100004], [-79.29039042399995, 43.10801281000005], [-79.29037846699998, 43.10849280900004], [-79.29037634599996, 43.10859271300006], [-79.29037462499997, 43.10867373700006], [-79.28967935499998, 43.10868477800005], [-79.28647059199994, 43.10874870200007], [-79.28635573199995, 43.10866994100007], [-79.28624178399997, 43.10859180600005], [-79.28614786099996, 43.10852740200005], [-79.28605147399998, 43.10801110300008], [-79.28575458999995, 43.10785308600003], [-79.28500590999994, 43.10784645200005], [-79.28463619699994, 43.10780325600007], [-79.28449862799994, 43.10775988800003], [-79.28419116199996, 43.10760332000007], [-79.28401519999994, 43.10746171300008], [-79.28392264199994, 43.10708426900004], [-79.28380795699996, 43.10680293900003], [-79.28370955199995, 43.10667350300002], [-79.28357405899999, 43.10646007200006], [-79.28319016799998, 43.10613842300006], [-79.28269644999995, 43.10585993100005], [-79.28252440299997, 43.10576288400006], [-79.28222001499995, 43.10558943900003], [-79.28206879399994, 43.10559328100004], [-79.28182174599993, 43.10559821500004], [-79.28169423799994, 43.10119686000007], [-79.27673990099998, 43.10128437800006], [-79.27690966599994, 43.10560387900006], [-79.27691329199996, 43.10569613000007], [-79.27692454399994, 43.10587704700004], [-79.27800829899996, 43.10585523300006], [-79.28207643699994, 43.10577426000003], [-79.28219979099998, 43.10577112800007], [-79.28225506199999, 43.10578677600006], [-79.28257478699999, 43.10596442500002], [-79.28306136699996, 43.10623888700007], [-79.28343308299998, 43.10655033900008], [-79.28371349499997, 43.10699698300004], [-79.28385124499994, 43.10744653600005], [-79.28413061999998, 43.10770011900007], [-79.28460104499999, 43.10794920900003], [-79.28486419699993, 43.10798246000007], [-79.28454207599998, 43.10812237200003], [-79.28407095499995, 43.10847558100005], [-79.28392314799999, 43.10863615400007], [-79.28379611299994, 43.10873165600003], [-79.28378283199999, 43.10874172100006], [-79.28366880499993, 43.10874599300007], [-79.28346050499994, 43.10875399300005], [-79.28343500499994, 43.10875489300003], [-79.28304750499996, 43.10876729300003], [-79.28213190499997, 43.10879639300003], [-79.28205250499997, 43.10879899300005], [-79.28196385099994, 43.10880263900003], [-79.28196020499996, 43.10880279100007], [-79.28196010499994, 43.10880279500003], [-79.28163640499997, 43.10881229300003], [-79.28084719699996, 43.10883748600003], [-79.28082200399996, 43.10883829200003], [-79.28082190399994, 43.10883829300008], [-79.28081574299995, 43.10883825400003], [-79.27982410399994, 43.10883209300005], [-79.27915880399996, 43.10882789300007], [-79.27754149399993, 43.10881777500003], [-79.27591410299993, 43.10880769400006], [-79.27531400299995, 43.10880399400003], [-79.27464060199998, 43.10879939500006], [-79.27464050199995, 43.10879939400007], [-79.27464960199995, 43.10667049300008], [-79.27458775199995, 43.10669174300006], [-79.27452590199994, 43.10671309300005], [-79.26949070099994, 43.10844579400003], [-79.26938900099998, 43.10847289400004], [-79.26881960099996, 43.10862189400007], [-79.26854470499995, 43.10869358300005], [-79.26854498099993, 43.10869330900005], [-79.26849956799998, 43.10859840200004], [-79.26842997399996, 43.10845295900003], [-79.26775494699996, 43.10706413200006], [-79.26435353099998, 43.10795154300007], [-79.26422745899998, 43.10798443400006], [-79.26484574099999, 43.10833185600006], [-79.26496539599998, 43.10842492000006], [-79.26505984199997, 43.10854337300003], [-79.26511067999996, 43.10869073300006], [-79.26528223699995, 43.10916008300006], [-79.26538991899997, 43.10929579600003], [-79.26546699399995, 43.10938958200006], [-79.26553913199996, 43.10947736100007], [-79.26553916199998, 43.10947738900006], [-79.26535239999998, 43.10952609400005], [-79.26509809199996, 43.10959238600003], [-79.26412289899997, 43.10984669400005], [-79.26394339899997, 43.10989654400004], [-79.26376389899997, 43.10994649400004], [-79.26235814199998, 43.11041100700004], [-79.26141689799994, 43.11072209500003], [-79.25859079799994, 43.11165639500007], [-79.25847979799994, 43.11169299500006], [-79.25657269699997, 43.11232329500007], [-79.25466559599994, 43.11295369500004], [-79.25339969599997, 43.11337209500005], [-79.25324329599994, 43.11343349500004], [-79.25146639499997, 43.11413339600006], [-79.25054089499997, 43.11449729600002], [-79.24961569499999, 43.11486259600008], [-79.24916454499999, 43.11504059600003], [-79.24871339499998, 43.11521869600006], [-79.24831779499993, 43.11537479600003], [-79.24457749399994, 43.11664789600007], [-79.24439569299994, 43.11670979600007], [-79.24357859299994, 43.11698779700004], [-79.24330039299997, 43.11708249700007], [-79.24317662899995, 43.11712466900008], [-79.24308439299995, 43.11715619700004], [-79.23938899199999, 43.11841759700008], [-79.23824009199996, 43.11880979700004], [-79.23323018999997, 43.12062479800005], [-79.23256238999994, 43.12086709800008], [-79.23222688999994, 43.12098889800006], [-79.22880778899997, 43.12222959800005], [-79.22813668899994, 43.12247319800008], [-79.22802578899996, 43.12251329800006], [-79.22691818799996, 43.12291509800008], [-79.22679146299998, 43.12296105900003], [-79.22679144899996, 43.12296102600004], [-79.22658795299998, 43.12266698300004], [-79.22635922999996, 43.12233624700008], [-79.22613801799997, 43.12241705700006], [-79.22571285499998, 43.12257237300003], [-79.22567152199997, 43.12258747200008], [-79.22545228199994, 43.12266756300005], [-79.22519575299998, 43.12276126500007], [-79.22492074999997, 43.12286172800003], [-79.22486641499995, 43.12288157400008], [-79.22463266999995, 43.12296696000004], [-79.22448066899995, 43.12274838400003], [-79.22427333599995, 43.12245023700007], [-79.22425861299996, 43.12242905900007], [-79.22406492399995, 43.12249986600006], [-79.22381378599994, 43.12259166900003], [-79.22359529899995, 43.12267153600004], [-79.22380633299997, 43.12297496400004], [-79.22393276399998, 43.12315674100006], [-79.22336409599995, 43.12336886600008], [-79.22333235599996, 43.12338070600003], [-79.22366858699996, 43.12386674600003], [-79.22373924199997, 43.12396806000004], [-79.22379484699997, 43.12404779500008], [-79.22379491499998, 43.12404786100007], [-79.22350586299996, 43.12415254200005], [-79.22321197699995, 43.12370856100006], [-79.22233263499999, 43.12408638900007], [-79.22200959199995, 43.12420229400004], [-79.22205051699996, 43.12430120300007], [-79.22209845899994, 43.12441707500005], [-79.22218378899998, 43.12462843400004], [-79.22218382299997, 43.12462849900004], [-79.22162922399997, 43.12482778100008], [-79.22162919999994, 43.12482772400006], [-79.22155584099994, 43.12471154000008], [-79.22149746699995, 43.12461908900008], [-79.22143385899994, 43.12452233600004], [-79.22134669299999, 43.12438974700007], [-79.22114533499996, 43.12408345600005], [-79.22087922999998, 43.12417744100003], [-79.22085949799998, 43.12418441400007], [-79.22081466999998, 43.12420024700003], [-79.22067725199997, 43.12424877800004], [-79.22058931699996, 43.12427983400005], [-79.22049000799996, 43.12412921000004], [-79.22035295199998, 43.12417040500003], [-79.22002984099998, 43.12426750600008], [-79.21983469799994, 43.12432615100005], [-79.21971908999996, 43.12436089500005], [-79.21936908799995, 43.12446608000005], [-79.21909873199996, 43.12454732600003], [-79.21948579499997, 43.12534140000002], [-79.21953404299995, 43.12543799100007], [-79.21959444299995, 43.12555891200003], [-79.21843318599997, 43.12597619900004], [-79.21793918599997, 43.12616909900004], [-79.21775698599998, 43.12624019900005], [-79.21574898499995, 43.12702470000005], [-79.21319638499995, 43.12802180000006], [-79.21177107299997, 43.12859192200006], [-79.21173634499996, 43.12849141300006], [-79.21171130099998, 43.12841893900003], [-79.21160608899999, 43.12811615500004], [-79.21143780499995, 43.12812112400007], [-79.21145424299993, 43.12839905100003], [-79.21154638199994, 43.12852262400003], [-79.21157230799997, 43.12855704600003], [-79.21163851399996, 43.12864494800004], [-79.21057868399998, 43.12906890000005], [-79.20842748299998, 43.12992950000006], [-79.20821138299993, 43.13000970000007], [-79.20791568299995, 43.13011330100005], [-79.20647580699995, 43.13061785500003], [-79.20548228199993, 43.13096600100005], [-79.20338668199997, 43.13170030100008], [-79.20241013799995, 43.13204799700003], [-79.20240200999996, 43.13182025000003], [-79.20239288499994, 43.13159588100007], [-79.20238703799998, 43.13145212000006], [-79.20200729299995, 43.13152301300005], [-79.20117189999996, 43.13165881000003], [-79.20120138199997, 43.13198556600003], [-79.20122349299999, 43.13223861800003], [-79.20124806199993, 43.13242779300003], [-79.20100356799998, 43.13251940800006], [-79.19942878099994, 43.13310950100004], [-79.19667937999998, 43.13406920200003], [-79.19291607899999, 43.13535940200006], [-79.18769657699994, 43.13703580300006], [-79.18751467699997, 43.13709420300006], [-79.18442807599996, 43.13808520300006], [-79.18335927599998, 43.13842830300007], [-79.18111567499994, 43.13922060300007], [-79.17821387399994, 43.14027350400005], [-79.17783857399996, 43.14040960400007], [-79.17783585899997, 43.14041052800007], [-79.17783387399999, 43.14041120400003], [-79.17783757399997, 43.14050820400007], [-79.17818897499996, 43.14978450500007], [-79.17819237299994, 43.14987410500004], [-79.18321477699999, 43.14808110500007], [-79.18808327799997, 43.14635370400003], [-79.19215977899995, 43.14494110400005], [-79.19248508099997, 43.14593850400007], [-79.19268347699995, 43.14963780500005], [-79.19268348399999, 43.14963790500008], [-79.19306537599994, 43.15412820600005], [-79.19447688099996, 43.16148460700003], [-79.19507888199996, 43.16688340800005], [-79.19527047599996, 43.16844860900005], [-79.19527048899994, 43.16844870700004], [-79.19605588299999, 43.17326040900008], [-79.19582708299998, 43.17515660900006], [-79.19642927899997, 43.18084811100005], [-79.19642928399998, 43.18084821000008], [-79.19642968399995, 43.18096521000007], [-79.19729958399995, 43.18519761100004], [-79.19797068499997, 43.18713521100005], [-79.19850458499997, 43.18848981100007], [-79.20040478599998, 43.19107211200003], [-79.20046288599997, 43.19113051200003], [-79.20055298599993, 43.19122081200004], [-79.20058672999994, 43.19195151700006], [-79.20045773899994, 43.19199266600003], [-79.20032674699996, 43.19201246800003], [-79.20013368699995, 43.19201630400005], [-79.19991668999995, 43.19198733200005], [-79.19972730999996, 43.19193701300003], [-79.19933450999997, 43.19175296600008], [-79.19893198499994, 43.19159912600003], [-79.19857427999995, 43.19142616100004], [-79.19828355399994, 43.19136040200004], [-79.19581441599996, 43.19231556300008], [-79.19582330099996, 43.19240312500006], [-79.19583916099998, 43.19249015500003], [-79.19586193799995, 43.19257635800005], [-79.19589155499995, 43.19266144200003], [-79.19592791099996, 43.19274511500004], [-79.19597088199998, 43.19282709300006], [-79.19602032099993, 43.19290709500007], [-79.19607605899995, 43.19298484900003], [-79.19613790699998, 43.19306008900003], [-79.19620565399998, 43.19313255900005], [-79.19627906799997, 43.19320201100004], [-79.19635789899996, 43.19326820800006], [-79.19644187799997, 43.19333092600004], [-79.19653071799996, 43.19338994900005], [-79.19662411699994, 43.19344507600005], [-79.19672175499994, 43.19349611900003], [-79.19780422599996, 43.19402787300004], [-79.19888828599994, 43.19455960500005], [-79.19883123599999, 43.19482322700003], [-79.19569541299995, 43.19599845900007], [-79.19576172199999, 43.19720191900007], [-79.19729250199998, 43.19662857300005], [-79.19730090299998, 43.19687533500007], [-79.19836749799998, 43.19647605800003], [-79.19851395599994, 43.19874946400006], [-79.19973961499994, 43.19829785600007], [-79.19975243299996, 43.19851713400004], [-79.20018037299997, 43.19836173100003], [-79.20019240899995, 43.19862496400003], [-79.20060537899997, 43.19847562400003], [-79.20077052999994, 43.19841560500004], [-79.20088335099996, 43.19837460400004], [-79.20090468699993, 43.19883661300003], [-79.20091162499995, 43.19900386200004], [-79.20066692499995, 43.19909670700008], [-79.20020632099994, 43.19926561800003], [-79.20032572899999, 43.19999578700003], [-79.20032802999998, 43.20000984100005], [-79.20007484999996, 43.20004747900003], [-79.20003773699995, 43.20005299500008], [-79.19952395199994, 43.20012937100006], [-79.19952791399999, 43.20016789200002], [-79.19957216799997, 43.20059824600003], [-79.19874494199996, 43.20062177700004], [-79.19864938699999, 43.19983653900005], [-79.19836976099998, 43.19993907700007], [-79.19840662899998, 43.20063139800004], [-79.19849627199994, 43.20231459000007], [-79.19861557699994, 43.20458883000003], [-79.19861810499998, 43.20463706700008], [-79.20066968599997, 43.20386939600007], [-79.20103161699996, 43.20373356900006], [-79.20115631099998, 43.20368677300007], [-79.20121292499994, 43.20476952600006], [-79.20092639399996, 43.20477878700007], [-79.20033584799995, 43.20479513700008], [-79.20036670099995, 43.20539225100003], [-79.20036837599997, 43.20539220500007], [-79.20101418899998, 43.20537432700007], [-79.20111622399997, 43.20537042700005], [-79.20124408899994, 43.20536553900007], [-79.20127917599996, 43.20603657800007], [-79.20116426599998, 43.20607953400003], [-79.20104489199997, 43.20612415900007], [-79.20058129899996, 43.20629931200006], [-79.20058092399995, 43.20629945500008], [-79.19791414299993, 43.20730695300006], [-79.19837899099997, 43.20845621000007], [-79.19875270299997, 43.20938011800007], [-79.20070422399994, 43.20863655800008], [-79.20106742999997, 43.20849816900005], [-79.20128674999995, 43.20841368200007], [-79.20140114199995, 43.20836961600003], [-79.20140968799996, 43.20854341500007], [-79.20148881099999, 43.21008156800008], [-79.20137323399996, 43.21012552100007], [-79.20123574599995, 43.21017780800003], [-79.19906944299998, 43.21100200000006], [-79.19911743399996, 43.21156987800003], [-79.19914944399994, 43.21194864400007], [-79.19918167799995, 43.21233004700008], [-79.19919838899995, 43.21252778500008], [-79.19928855699999, 43.21468107300007], [-79.20105115299998, 43.21401572300005], [-79.20107830999996, 43.21452196500007], [-79.20109530999997, 43.21486799300004], [-79.20148678199996, 43.21472026100002], [-79.20160633199998, 43.21467438000008], [-79.20172276899996, 43.21462969300006], [-79.20187110699999, 43.21751336200003], [-79.20175330599994, 43.21754417600005], [-79.20154168999994, 43.21759952900004], [-79.20068671199994, 43.21782745400003], [-79.20069742099997, 43.21803503800004], [-79.20070812799997, 43.21824261200004], [-79.20157346499997, 43.21801280400007], [-79.20177455499999, 43.21795902600007], [-79.20189234699995, 43.21792752400006], [-79.20189388899996, 43.21795781600008], [-79.20195221499995, 43.21900621900005], [-79.20194598299997, 43.21900782700004], [-79.20189047699995, 43.21902215000006], [-79.20182083799995, 43.21904011700008], [-79.20085521299995, 43.21928925900005], [-79.20088506699994, 43.21983753500007], [-79.20044284899996, 43.21995163700007], [-79.20045655899997, 43.22020343100007], [-79.19824616399995, 43.22077366800005], [-79.19839094099996, 43.22343389300005], [-79.19856812599994, 43.22668863900003], [-79.19858402299997, 43.22698063600006], [-79.19862042399996, 43.22764925300004], [-79.19864481499997, 43.22810625500006], [-79.19876181499995, 43.23018664300002], [-79.20694681699996, 43.22898063800005], [-79.20566786499995, 43.24699253600005]]], [[[-79.88597581199997, 43.28776329700003], [-79.88601801199997, 43.28776609700003], [-79.88605971199996, 43.28777199700005], [-79.88610021199997, 43.28778129700004], [-79.88613931199995, 43.28779359700007], [-79.88617631199998, 43.28780859700004], [-79.88621101199999, 43.28782659700005], [-79.88624301199997, 43.28784699700003], [-79.88627171199994, 43.28786979700004], [-79.88629731199995, 43.28789469700007], [-79.88631891199998, 43.28792119700006], [-79.88633681199997, 43.28794949700006], [-79.88635041199996, 43.28797889700007], [-79.88635981199997, 43.28800919700006], [-79.88636491199998, 43.28803989700003], [-79.88636541199998, 43.28807089700007], [-79.88636151199995, 43.28810179700008], [-79.88635631199998, 43.28812269700006], [-79.88614571199997, 43.28883899700003], [-79.88613981199995, 43.28886699700007], [-79.88613811199997, 43.28889339700004], [-79.88614031199995, 43.28891979700006], [-79.88614601199998, 43.28894589700008], [-79.88615561199998, 43.28897139700007], [-79.88616881199994, 43.28899599700003], [-79.88618541199997, 43.28901959700005], [-79.88620541199998, 43.28904149800007], [-79.88622821199993, 43.28906189800006], [-79.88625391199997, 43.28908049800003], [-79.88628221199997, 43.28909719800004], [-79.88631261199998, 43.28911119800006], [-79.88634501199994, 43.28912319800003], [-79.88637891199994, 43.28913239800005], [-79.88654171199994, 43.28917049800003], [-79.88697282499999, 43.28812692000002], [-79.88707581999995, 43.28636456500004], [-79.88611453499999, 43.28360659400005], [-79.88283014699994, 43.28262242200003], [-79.88447806299996, 43.28067696500005], [-79.88382576299995, 43.27987589500003], [-79.87464837899995, 43.28609712500003], [-79.87490457599995, 43.28638108600006], [-79.87490530799994, 43.28638189800006], [-79.87672160899996, 43.28766709800004], [-79.87689970899999, 43.28779309800007], [-79.87706950899997, 43.28791319800007], [-79.87729270899996, 43.28788039800003], [-79.87751880899998, 43.28786089800008], [-79.87774640899994, 43.28785469800005], [-79.87861820899997, 43.28785699800005], [-79.88068080999994, 43.28786219800003], [-79.88117090999998, 43.28787749800006], [-79.88182360999997, 43.28794169800005], [-79.88360631099994, 43.28818669700007], [-79.88371401099994, 43.28819709700008], [-79.88382231099996, 43.28819949700005], [-79.88393051099996, 43.28819339700004], [-79.88403711099994, 43.28817909700007], [-79.88414111099996, 43.28815669700003], [-79.88424161099994, 43.28812639700004], [-79.88427301099995, 43.28811459700006], [-79.88430581099999, 43.28810219700006], [-79.88436771099998, 43.28807459700005], [-79.88438331099997, 43.28806709700007], [-79.88439671099997, 43.28806069700005], [-79.88448691099995, 43.28801699700006], [-79.88452491099997, 43.28799859700007], [-79.88471201099998, 43.28792029700003], [-79.88487811099998, 43.28786819700008], [-79.88505101099997, 43.28782899700008], [-79.88522841199995, 43.28780329700004], [-79.88535401199994, 43.28779339700003], [-79.88593091199994, 43.28776369700006], [-79.88596001199994, 43.28776289700005], [-79.88597581199997, 43.28776329700003]]], [[[-79.79495934699997, 43.17421002100008], [-79.79438500299995, 43.17551932500004], [-79.79422734599996, 43.17548169200006], [-79.79414334799998, 43.17546164200007], [-79.79394991899994, 43.17541070900006], [-79.79375845899995, 43.17535593500003], [-79.79356910999996, 43.17529736200004], [-79.79338201599995, 43.17523503100006], [-79.79299093399999, 43.17509998900005], [-79.79292877399996, 43.17507852500006], [-79.79271904599995, 43.17500914500005], [-79.79207324299995, 43.17483082700005], [-79.79185316399997, 43.17478153000008], [-79.79163104999998, 43.17473739300004], [-79.79140712699996, 43.17469845900007], [-79.79123127599996, 43.17467146400003], [-79.79105456199994, 43.17464768100007], [-79.79055379099998, 43.17458557000003], [-79.79035594199996, 43.17455881800004], [-79.79015913699999, 43.17452821000006], [-79.78996351899997, 43.17449377000003], [-79.78994016799999, 43.17448938600006], [-79.78990255099995, 43.17448220100005], [-79.78985930999994, 43.17447376100006], [-79.78980356499994, 43.17446257500006], [-79.78960364999995, 43.17441967900004], [-79.78748102599997, 43.17394076500005], [-79.78737361199995, 43.17398260900006], [-79.78749007299996, 43.17370073000006], [-79.78718560799996, 43.17362920400006], [-79.78642452299994, 43.17345747100006], [-79.78521297399999, 43.17318407900007], [-79.78519745199998, 43.17318057600005], [-79.78476250499995, 43.17308242400003], [-79.78431192299996, 43.17298073400008], [-79.78249026399999, 43.17256962400006], [-79.78231397699994, 43.17252983900005], [-79.78163999699996, 43.17407448600005], [-79.78102842599998, 43.17403319100004], [-79.77987342599994, 43.17377522500004], [-79.77875799999998, 43.17352608300007], [-79.77807180599996, 43.17337281100004], [-79.77789180799994, 43.17333453300006], [-79.77653446099998, 43.17304585500005], [-79.77636791699996, 43.17301043500004], [-79.77663024199995, 43.17249125300003], [-79.77688555999998, 43.17207225400006], [-79.77695754299998, 43.17194872500005], [-79.77703567099996, 43.17182721800003], [-79.77851507199995, 43.16823159200004], [-79.77899067499999, 43.16707565800004], [-79.77659290999998, 43.16646371700006], [-79.77426731899999, 43.16587123900007], [-79.77202995699997, 43.16530085100004], [-79.76968437699998, 43.16470263600007], [-79.76029682899997, 43.16229361300003], [-79.76006500599993, 43.16222962300003], [-79.75971705499995, 43.16303277500003], [-79.75935321399999, 43.16387258600002], [-79.75458566399999, 43.16262315500006], [-79.75494163099995, 43.16178113500007], [-79.75531605899994, 43.16089542700007], [-79.75292652299999, 43.16021239800006], [-79.75060875899999, 43.15954927600006], [-79.74824396999998, 43.15887337900006], [-79.74474042799994, 43.15787255000004], [-79.74122851299995, 43.15686696600005], [-79.73989035499994, 43.16008521200007], [-79.73753050099998, 43.15949493500005], [-79.73587679399998, 43.15908095300006], [-79.73579351599994, 43.15927747000006], [-79.73571024199998, 43.15947398600008], [-79.73559920799994, 43.15973601300004], [-79.73548816699997, 43.15999803600005], [-79.73537711999995, 43.16026006600003], [-79.73529384399995, 43.16045658500008], [-79.73521056099997, 43.16065310300007], [-79.73504400599995, 43.16104614100004], [-79.73496072699999, 43.16124265500008], [-79.73483580199996, 43.16153743200005], [-79.73471086499995, 43.16183221400007], [-79.73448877599998, 43.16235626000008], [-79.73438943399998, 43.16233154400004], [-79.73381459099994, 43.16218854200008], [-79.73373096699999, 43.16229267800003], [-79.73473994499994, 43.16252342300004], [-79.73465656099995, 43.16271991300005], [-79.73457317499998, 43.16291640600008], [-79.73446198299996, 43.16317841900008], [-79.73345328499994, 43.16294773100003], [-79.73339994299994, 43.16307355900005], [-79.73316398599997, 43.16301924800007], [-79.73636109199998, 43.15547620000007], [-79.72357188899997, 43.15181974600006], [-79.72227413199994, 43.15150238300004], [-79.72145189099996, 43.15345321400008], [-79.72092123699997, 43.15470321600003], [-79.72076948099993, 43.15508777800005], [-79.72050424699995, 43.15564185200003], [-79.71968277499997, 43.15544371600004], [-79.72025239199996, 43.15623898800004], [-79.72006222599998, 43.15668239400003], [-79.71987148299996, 43.15712945300004], [-79.71968325999995, 43.15757060800007], [-79.71880381199998, 43.15963172600004], [-79.71871737299995, 43.15983382000007], [-79.71868376399993, 43.15991238700008], [-79.71667676999994, 43.15945091500004], [-79.71643642799995, 43.15939475900007], [-79.70963616099993, 43.15780567300004], [-79.70924919199996, 43.15771533000003], [-79.70911423599995, 43.15768381900006], [-79.70902524399997, 43.15766304700003], [-79.70901833099998, 43.15766143400003], [-79.70901834399996, 43.15766140300008], [-79.70901181199997, 43.15765986400004], [-79.70901351899994, 43.15765564800006], [-79.70901343799994, 43.15765562800004], [-79.70901632499994, 43.15764871500005], [-79.70981379899996, 43.15573890900004], [-79.70981334399994, 43.15573888200004], [-79.70976314399996, 43.15572738200007], [-79.70969524399999, 43.15571218200006], [-79.70857280499996, 43.15546173900003], [-79.70519864299996, 43.15470888200008], [-79.70496184299998, 43.15465598200007], [-79.70274834199995, 43.15416198200006], [-79.70029024099995, 43.15361338200006], [-79.70027855799998, 43.15361078300003], [-79.70028233799997, 43.15360197000007], [-79.70046282699997, 43.15318114100006], [-79.70225875499995, 43.14889752400006], [-79.70232488899995, 43.14873828600003], [-79.70313643099996, 43.14680118600006], [-79.70080448499994, 43.14639718800004], [-79.70039177099994, 43.14730982800006], [-79.69986403899998, 43.14847680700007], [-79.69802680599997, 43.15277331800007], [-79.69785912599997, 43.15316386100005], [-79.69538453799998, 43.15258583200006], [-79.69643857399996, 43.15006524800003], [-79.69402342799998, 43.14953973000007], [-79.69297954799998, 43.15203404000005], [-79.69061874299996, 43.15151251900005], [-79.68824285399995, 43.15093793000005], [-79.68829556399999, 43.15076707300005], [-79.68895738199996, 43.14919823300005], [-79.68965985499995, 43.14755638500003], [-79.68972716699994, 43.14739724000003], [-79.69016344299996, 43.14636565400008], [-79.68896895199998, 43.14624141500008], [-79.68889381199995, 43.14623359900003], [-79.68769976599998, 43.14610938600003], [-79.68725776999997, 43.14713386800003], [-79.68592736399995, 43.15021666700005], [-79.68587991199996, 43.15032941300007], [-79.68587617999998, 43.15033828000003], [-79.68564613599995, 43.15028788200004], [-79.68336073599994, 43.14977418200004], [-79.68094543499996, 43.14921508200007], [-79.67644433299995, 43.14817298200006], [-79.67620853299996, 43.14811838200006], [-79.67154013199996, 43.14703588200007], [-79.66910743099999, 43.14647158200006], [-79.66834073099994, 43.14629358200006], [-79.66810542999997, 43.14623908200008], [-79.66813327999995, 43.14610682000006], [-79.66815842799997, 43.14598439300005], [-79.66817658599996, 43.14586130400005], [-79.66818772399995, 43.14573776900005], [-79.66819182199998, 43.14561400200006], [-79.66818887299996, 43.14549021700003], [-79.66817888399999, 43.14536662800003], [-79.66816186799997, 43.14524345200005], [-79.66813785899996, 43.14512090400007], [-79.66810689699997, 43.14499919300005], [-79.66806903599996, 43.14487853300005], [-79.66802434099998, 43.14475913300004], [-79.66796539799998, 43.14462532400006], [-79.66789367899997, 43.14446033500008], [-79.66784821099998, 43.14433531400005], [-79.66780979199996, 43.14420903100006], [-79.66777848699996, 43.14408170000007], [-79.66775434599998, 43.14395353500004], [-79.66773741099996, 43.14382475200006], [-79.66772771099994, 43.14369556900004], [-79.66742988199996, 43.14438733300005], [-79.66736198399997, 43.14454503000007], [-79.66678768399998, 43.14587889000006], [-79.66676680699999, 43.14592831400006], [-79.66653862999993, 43.14587538200004], [-79.66413252899997, 43.14532188200008], [-79.66412438099997, 43.14532005800004], [-79.66415055499994, 43.14526208300003], [-79.66466438599997, 43.14411983700006], [-79.66473049599995, 43.14396172700003], [-79.66514844899996, 43.14294583200007], [-79.66278126999998, 43.14240993700002], [-79.66225743699994, 43.14357168600003], [-79.66218651999998, 43.14372896100008], [-79.66173414999997, 43.14473185300005], [-79.66171296299996, 43.14478011200003], [-79.65826012699995, 43.14398288200005], [-79.65819302699998, 43.14412978200005], [-79.65757732699996, 43.14547818300008], [-79.65750072699996, 43.14565038300003], [-79.65366832699993, 43.15425198400004], [-79.65359142699998, 43.15442418400005], [-79.65320122599996, 43.15527798500005], [-79.65302182599999, 43.15567098500003], [-79.65282192599994, 43.15610838500004], [-79.65281102599994, 43.15613208500008], [-79.65242082599997, 43.15698578500007], [-79.65220862599995, 43.15745018500007], [-79.65203042599995, 43.15784038500004], [-79.65164002599994, 43.15869468500006], [-79.65061822599995, 43.16093008600006], [-79.65002302599999, 43.16223228600006], [-79.64990092599999, 43.16249918600005], [-79.64966032599995, 43.16302588600007], [-79.64962282599998, 43.16311218600003], [-79.64958532599996, 43.16319858600008], [-79.64584522599995, 43.17180258800005], [-79.64577022599997, 43.17197528800006], [-79.64541162599994, 43.17279058800005], [-79.64509022499999, 43.17352128800007], [-79.64496212499995, 43.17381278800008], [-79.64491962499994, 43.17390938800003], [-79.64244922499995, 43.17952478900003], [-79.64198962499995, 43.18056949000004], [-79.64191552499994, 43.18074219000005], [-79.63933762499994, 43.18674759100003], [-79.63924502499998, 43.18696319100007], [-79.63840492499997, 43.18892019100008], [-79.63818022499999, 43.18944359100004], [-79.63810602499996, 43.18961649100004], [-79.63428412399998, 43.19834409300006], [-79.63420582399993, 43.19851649300006], [-79.63038932399996, 43.20731129500007], [-79.63031172399997, 43.20748329500003], [-79.62661802299993, 43.21570929700005], [-79.62645722299999, 43.21607539700005], [-79.62638292299994, 43.21624819700003], [-79.62317687999996, 43.22369632100003], [-79.62229412299996, 43.22574709900005], [-79.62121380099995, 43.22905391100005], [-79.74711057099995, 43.25170200700006], [-79.79015059499994, 43.30151981500006], [-79.79927850599995, 43.29680136800005], [-79.79510241899999, 43.28864798000006], [-79.79557989499995, 43.27916668700004], [-79.82695683299994, 43.28646523600003], [-79.83289116699996, 43.27241382500006], [-79.86126137699995, 43.27878470700006], [-79.88208475099998, 43.27258571600004], [-79.88936463699997, 43.28266649800003], [-79.88886173299994, 43.28710881800004], [-79.88735312499995, 43.28943605800004], [-79.88720312799995, 43.28991604800007], [-79.88744507899997, 43.29003275300005], [-79.88756627799995, 43.29006551400005], [-79.88783162299995, 43.28962630100006], [-79.88879076599994, 43.28867761200007], [-79.88901341199994, 43.28848305400004], [-79.88922770799996, 43.28840617500003], [-79.88948055999998, 43.28817412200004], [-79.88998745799995, 43.28726484100008], [-79.89023306799999, 43.28695129600004], [-79.89049958199996, 43.28688336100004], [-79.89096989899997, 43.28689381300006], [-79.89196279199996, 43.28718122900005], [-79.89180601999999, 43.28728574400003], [-79.89127821899996, 43.28708194000006], [-79.89081312699994, 43.28701400500006], [-79.89062499999994, 43.28702184400004], [-79.89054725599993, 43.28703031800006], [-79.89032712899996, 43.28716279500003], [-79.88995952699997, 43.28782334300007], [-79.88977725899997, 43.28811753200006], [-79.89138426299996, 43.28773620000004], [-79.89162456499997, 43.28767915500003], [-79.89132721199996, 43.28816698700007], [-79.89120725699996, 43.28836376700008], [-79.89096693299996, 43.28842079300006], [-79.89021714699999, 43.28859870500003], [-79.88878528599997, 43.28971856900006], [-79.88820172399994, 43.29069414000003], [-79.88815081599995, 43.29077742300007], [-79.88814696999998, 43.29078260300003], [-79.88815491299994, 43.29078829800005], [-79.88881561299996, 43.29126179800005], [-79.89141461399998, 43.29313679800003], [-79.89174121399998, 43.29337359800007], [-79.89209181399997, 43.29362779800005], [-79.89321391499999, 43.29444909800003], [-79.89480751499997, 43.29561559800004], [-79.89618721599999, 43.29662339800007], [-79.89630491599996, 43.29670969800003], [-79.89665751599995, 43.29696839800005], [-79.90096511799999, 43.30008809900005], [-79.90096771799995, 43.30008999900008], [-79.90367521899998, 43.30208029900007], [-79.90367801899998, 43.30208239900003], [-79.91244412199995, 43.30846590000004], [-79.91251118999998, 43.30851483700008], [-79.91252032199998, 43.30852150000004], [-79.91253535299995, 43.30851175400005], [-79.91256412199994, 43.30849310000008], [-79.91258202199998, 43.30850580000003], [-79.91222462199994, 43.30876080000007], [-79.90892322099995, 43.31113510000006], [-79.90476761999997, 43.31414980100004], [-79.90065841899997, 43.31712740200004], [-79.90034741899996, 43.31735290200004], [-79.89676651799994, 43.32004730200003], [-79.89526651799997, 43.32116710300005], [-79.89526601799997, 43.32116750300003], [-79.89277071699996, 43.32304850300005], [-79.89253171699994, 43.32322850300005], [-79.88961511599996, 43.32537130400004], [-79.88944031599993, 43.32549970400004], [-79.88872491599994, 43.32602600400003], [-79.88856151599998, 43.32616270400007], [-79.88843221599996, 43.32625640400005], [-79.88800171599996, 43.32656870400007], [-79.88669631499994, 43.32751540400005], [-79.88531211499998, 43.32851930500004], [-79.88448521499998, 43.32912480500005], [-79.88417831499999, 43.32934960500006], [-79.88408891499995, 43.32928680500004], [-79.88375441499994, 43.32905190500003], [-79.88374361499996, 43.32904420500006], [-79.88373271499995, 43.32903680500004], [-79.88344561499997, 43.32883510500005], [-79.88336451499998, 43.32877790500004], [-79.88309361399996, 43.32858780500004], [-79.88298531399994, 43.32851160500007], [-79.88297550199997, 43.32850495700006], [-79.88271582699997, 43.32869510100005], [-79.88282415499998, 43.32877118300007], [-79.88233542599994, 43.32912902400005], [-79.88189391299994, 43.32945229200004], [-79.88171876899997, 43.32958053100003], [-79.88037880199994, 43.33056159100005], [-79.88078501599995, 43.33084689700007], [-79.88131251699997, 43.33121737000005], [-79.88137404799994, 43.33126058400006], [-79.88014052699998, 43.33216368200004], [-79.87960258699997, 43.33178048500008], [-79.87614067299995, 43.32932257000004], [-79.87613301199997, 43.32932500500004], [-79.87546591199998, 43.32968400500005], [-79.87478661199998, 43.33012170500007], [-79.87407511199996, 43.33046860500008], [-79.87377681199996, 43.33060910500006], [-79.87288171099993, 43.33143630600006], [-79.87230481099994, 43.33189050600004], [-79.87201741099994, 43.33216250600003], [-79.87181761099998, 43.33233970600003], [-79.87137111099997, 43.33315610600005], [-79.87136091099995, 43.33316570600005], [-79.87104691099995, 43.33344780600004], [-79.87095241099996, 43.33353100600004], [-79.86997541099998, 43.33427330600006], [-79.86939631099995, 43.33463860600006], [-79.86896141099999, 43.33514370600005], [-79.86850670999996, 43.33542090700007], [-79.86849720999999, 43.33542670700007], [-79.86838230999996, 43.33572760700008], [-79.86837170999996, 43.33572010700004], [-79.86819290999995, 43.33559400700005], [-79.86820830999994, 43.33591420700003], [-79.86809290999997, 43.33621640700005], [-79.86811010999998, 43.33624960700007], [-79.86793460999996, 43.33652340700007], [-79.86757420499998, 43.33810096100007], [-79.86668060199997, 43.33818979900008], [-79.86641931399998, 43.33815321900005], [-79.86604305999998, 43.33789715700004], [-79.86583402999997, 43.33787625400004], [-79.86548950999997, 43.33799570700006], [-79.86527590999998, 43.33820540700003], [-79.86504320999995, 43.33843340700002], [-79.86481330899994, 43.33861170700004], [-79.86455480899997, 43.33881200700006], [-79.86451220899994, 43.33884500700003], [-79.86428570899994, 43.33902050700004], [-79.86381770899999, 43.33957900700005], [-79.86341940899996, 43.33996730800004], [-79.86322410899999, 43.34010530800003], [-79.86281930899997, 43.34039150800004], [-79.86240890899995, 43.34069520800006], [-79.86203860899997, 43.34103350800007], [-79.86188920899997, 43.34120170800003], [-79.86165850899994, 43.34136420800007], [-79.86134090899998, 43.34161240800006], [-79.86132010899996, 43.34169070800004], [-79.86126470899995, 43.34164960800007], [-79.86127120899994, 43.34168270800006], [-79.86121020899998, 43.34176210800007], [-79.86119130899993, 43.34188870800006], [-79.86118880899994, 43.34204660800003], [-79.86118840899996, 43.34206880800008], [-79.86119000899998, 43.34219570800008], [-79.86100960899995, 43.34242850800007], [-79.86090220899996, 43.34266590800007], [-79.86084940899997, 43.34288070800005], [-79.86078890899995, 43.34292390800005], [-79.86081920899994, 43.34303250800008], [-79.86078370899997, 43.34313070800005], [-79.86082640899997, 43.34318890800006], [-79.86076540899995, 43.34333190800004], [-79.86077040899994, 43.34343790800006], [-79.86073820899998, 43.34349460800007], [-79.86069020899998, 43.34353650800006], [-79.86069230899994, 43.34357580800003], [-79.86061430899997, 43.34363380800005], [-79.86049820899996, 43.34380550800006], [-79.86036580899997, 43.34401050800005], [-79.86029530899998, 43.34408500800004], [-79.86030120899994, 43.34416620800005], [-79.86029660899999, 43.34417380800005], [-79.86023630899996, 43.34427550800007], [-79.86027540899994, 43.34439980800005], [-79.86024740899995, 43.34451880900008], [-79.86019330899995, 43.34469830900008], [-79.86008050899994, 43.34496420900007], [-79.86003830899995, 43.34506370900004], [-79.85999950899998, 43.34525860900004], [-79.85997770899996, 43.34551170900005], [-79.85994090899999, 43.34573540900004], [-79.86000720899995, 43.34610810900006], [-79.85994810899996, 43.34642270900008], [-79.86005500899995, 43.34673020900004], [-79.86005750899994, 43.34689780900004], [-79.86001240899998, 43.34698760900005], [-79.86001210899997, 43.34698830900004], [-79.86009300899997, 43.34704520900004], [-79.86027000899998, 43.34717210900004], [-79.86029290899995, 43.34718840900007], [-79.86047290899995, 43.34731840900002], [-79.86733981099997, 43.35227171000002], [-79.86770031199995, 43.35253181000007], [-79.86770361199996, 43.35253431000007], [-79.86796931199996, 43.35272611000005], [-79.86814761199997, 43.35285201000005], [-79.86816511199999, 43.35286431000003], [-79.86819421199993, 43.35288521000007], [-79.86829661199994, 43.35295871000005], [-79.86830251199996, 43.35296291000003], [-79.86830551199995, 43.35296491000003], [-79.86899581199998, 43.35345991000003], [-79.87093001299996, 43.35484621000006], [-79.87093441299999, 43.35484941000004], [-79.87564801499997, 43.35822771000005], [-79.87582461499994, 43.35835491000006], [-79.87626091499999, 43.35866931000004], [-79.87822861599994, 43.36008801000003], [-79.88009991599995, 43.36141981100008], [-79.88351361799994, 43.36384971100006], [-79.88359040799998, 43.36390433800005], [-79.88359298099994, 43.36389818700007], [-79.88363962899996, 43.36380491300008], [-79.88502207399995, 43.36284992200007], [-79.88523095699998, 43.36269367900007], [-79.88563794299995, 43.36238926100003], [-79.88692640399995, 43.36328989800006], [-79.88877686799998, 43.36467936500003], [-79.88780700099994, 43.36531560600008], [-79.88670871899996, 43.36612341100005], [-79.88671191899994, 43.36612581100007], [-79.89186502099994, 43.36979261100004], [-79.89204282099996, 43.36992021200007], [-79.89587982199998, 43.37267861200007], [-79.89945001999996, 43.37521991700004], [-79.90452172599998, 43.37883001200004], [-79.90470142599997, 43.37895791300008], [-79.90641735699995, 43.38017907300008], [-79.90679193699998, 43.38044819400005], [-79.90679368699995, 43.38044689800006], [-79.90683552699994, 43.38041591000007], [-79.90722558899995, 43.38014053100005], [-79.90749582899997, 43.37994974000003], [-79.90895527599997, 43.37891934400005], [-79.90988855399996, 43.37826040400006], [-79.91023987399996, 43.37801234600005], [-79.91097174499998, 43.37749558200005], [-79.91503562699995, 43.37457050700004], [-79.91610704599998, 43.37379692600007], [-79.91717882899997, 43.37302304000008], [-79.91876934399994, 43.37187453400003], [-79.91903343199994, 43.37168384000006], [-79.91907374999994, 43.37165471500003], [-79.91911546299997, 43.37162459900003], [-79.91912164899998, 43.37162013100004], [-79.91920986899999, 43.37155642700003], [-79.92080417099999, 43.37040734400006], [-79.92107167699999, 43.37021453400007], [-79.92214168199996, 43.36944328600003], [-79.92240918299996, 43.36925047300008], [-79.92267667699997, 43.36905765900008], [-79.92294416699997, 43.36886484000007], [-79.92321166099998, 43.36867202800005], [-79.92381967999995, 43.36822329600005], [-79.92436163199994, 43.36782331600006], [-79.92500133399994, 43.36735117500007], [-79.92542428799999, 43.36703900400005], [-79.92710328399994, 43.36579973800008], [-79.92719844799996, 43.36572949400005], [-79.92746532199999, 43.36553634000006], [-79.93088412099996, 43.36303595000004], [-79.93121393699994, 43.36279353400005], [-79.93147882699998, 43.36259883200006], [-79.93151855699995, 43.36256962500005], [-79.93169338099995, 43.36244112300005], [-79.93221388099994, 43.36205853300004], [-79.93247876899994, 43.36186383300003], [-79.93265094299994, 43.36173727400006], [-79.93282576299998, 43.36160876700006], [-79.93289198999997, 43.36156009600006], [-79.93291057999994, 43.36154642100007], [-79.93304302299998, 43.36144907100004], [-79.93340406499993, 43.36118367900008], [-79.93366911499999, 43.36098884400008], [-79.93393416599997, 43.36079401200004], [-79.93413936699994, 43.36064316500006], [-79.93471424299997, 43.36022057300005], [-79.93501638399994, 43.35999847400007], [-79.93498375199994, 43.35997381000004], [-79.93546588499999, 43.35962727000003], [-79.93543977499996, 43.35960753200004], [-79.93570762099995, 43.35941501200006], [-79.93597546699993, 43.35922248700007], [-79.93600158199996, 43.35924222400007], [-79.93632628499995, 43.35900882400006], [-79.93673161099997, 43.35871748300008], [-79.93699946899994, 43.35852494500006], [-79.93713329799994, 43.35842874500003], [-79.93741254899999, 43.35822801400008], [-79.93767178299998, 43.35804166100007], [-79.93793961499995, 43.35784913600003], [-79.93864213399996, 43.35734413700004], [-79.93917778199994, 43.35695907600007], [-79.93914746499996, 43.35693811100003], [-79.93932735399994, 43.35680710600008], [-79.93953992299998, 43.35665230200004], [-79.94123985699997, 43.35541432000008], [-79.94125540899995, 43.35542507800005], [-79.94126713699995, 43.35543319100003], [-79.94153286899996, 43.35523912200006], [-79.94150558399997, 43.35522025100005], [-79.94177130299994, 43.35502617700007], [-79.94179858899997, 43.35504504900007], [-79.94321620299996, 43.35400967100003], [-79.94318910399994, 43.35399065100006], [-79.94345545899995, 43.35379704800005], [-79.94348255899996, 43.35381606000004], [-79.94531306599998, 43.35248549900007], [-79.94528597799996, 43.35246647600007], [-79.94575207799994, 43.35212766100005], [-79.94577916799994, 43.35214668500004], [-79.94662162299994, 43.35153426800008], [-79.94659497899994, 43.35151491400006], [-79.94692790199997, 43.35127289800005], [-79.94695454099997, 43.35129225100007], [-79.94722088099996, 43.35109863600007], [-79.94832509799994, 43.35028432400003], [-79.94847689699998, 43.35017238600005], [-79.94862868499996, 43.35006044700003], [-79.94879723399998, 43.34993633400006], [-79.94877053299996, 43.34991702200006], [-79.94936591699997, 43.34947858900006], [-79.94939261699994, 43.34949790100006], [-79.95110318399998, 43.34823821100008], [-79.95504123299997, 43.34536513600005], [-79.95517415199998, 43.34526814900005], [-79.95559800299998, 43.34495832000005], [-79.95581485199995, 43.34479980500004], [-79.95625430999996, 43.34447856300005], [-79.95574439199999, 43.34410442400008], [-79.95480719899996, 43.34341678300007], [-79.95500530099997, 43.34327197900006], [-79.95523104199998, 43.34310696000006], [-79.95545569199999, 43.34294273800003], [-79.95558016199999, 43.34303420400005], [-79.95555498699997, 43.34287015200005], [-79.95565487599998, 43.34279713200004], [-79.95568180099997, 43.34277744400003], [-79.95552282099999, 43.34266054200003], [-79.95542034199997, 43.34258518700005], [-79.95509973699995, 43.34234969800008], [-79.95543725699997, 43.34210295900004], [-79.95694070299999, 43.34100388800005], [-79.95612519599996, 43.34040214600003], [-79.95587701199997, 43.34022592400004], [-79.95506021599994, 43.33964594900004], [-79.95488016699994, 43.33951810400004], [-79.95433814099994, 43.33913322200004], [-79.95392955399996, 43.33884308900008], [-79.95338117599994, 43.33845368400006], [-79.95169879099996, 43.33725895100008], [-79.95144201699998, 43.33707660400006], [-79.95132128899996, 43.33699087100007], [-79.95185307399998, 43.33652570200007], [-79.95289282699997, 43.33632415600005], [-79.95256498499998, 43.33534081200003], [-79.95252971799994, 43.33523501000008], [-79.95240503399998, 43.33486102700004], [-79.95325865199999, 43.33467520600004], [-79.95322096699994, 43.33449194000008], [-79.95317219099996, 43.33425471000004], [-79.95300129699996, 43.33431171800004], [-79.95286298599996, 43.33433775700007], [-79.95268952599997, 43.33426248600006], [-79.95260141699998, 43.33412148300005], [-79.95238787499994, 43.33396529900006], [-79.95206906499999, 43.33378115600004], [-79.95130424799999, 43.33132774500007], [-79.95126273799997, 43.33094873200008], [-79.95125779799997, 43.33032363600006], [-79.95123963099996, 43.32971556200005], [-79.94999003999999, 43.32520523100004], [-79.94609315899999, 43.30963285500007], [-79.94090585599997, 43.28953296900005], [-79.93730309099999, 43.27996172600007], [-79.94222307999996, 43.27916402300008], [-79.94253470299998, 43.27899936200004], [-79.94299064899997, 43.27875843700008], [-79.94321101899999, 43.27864199000004], [-79.94326693399995, 43.27861244200005], [-79.94355288699995, 43.27850892200007], [-79.94801390099997, 43.27689380200007], [-79.94811652099997, 43.27685382300007], [-79.94859693199999, 43.27666666300007], [-79.95031363899994, 43.27599784700004], [-79.95057341099994, 43.27589910700004], [-79.95110093499994, 43.27571332200006], [-79.95136847099997, 43.27562635300006], [-79.95163837399997, 43.27554338200008], [-79.95191053199994, 43.27546444300003], [-79.95218483299999, 43.27538956900003], [-79.95246116299995, 43.27531879100007], [-79.95273981799994, 43.27525204500006], [-79.95302027699995, 43.27518946200007], [-79.95330242399996, 43.27513107200008], [-79.95358614199995, 43.27507689700008], [-79.95387131199999, 43.27502696000005], [-79.95415781599996, 43.27498128200006], [-79.95503676999994, 43.27484953400005], [-79.95533910099994, 43.27480521600006], [-79.95563038099993, 43.27476251700006], [-79.95595755999994, 43.27471455800003], [-79.95796405699997, 43.27441382100005], [-79.95845223299995, 43.27434189800005], [-79.95902271999995, 43.27425785200006], [-79.95954395599995, 43.27418105100003], [-79.95989370699994, 43.27405995800007], [-79.96241487999998, 43.27368844700004], [-79.96401542099994, 43.27345589400005], [-79.96426440199997, 43.27341969100007], [-79.96451451499996, 43.27338792000006], [-79.96476560899998, 43.27336059900006], [-79.96527015399994, 43.27331937200006], [-79.96552330599997, 43.27330548900005], [-79.96577684399995, 43.27329610600003], [-79.96603061899998, 43.27329122700007], [-79.96628448199993, 43.27329085700006], [-79.96653828299998, 43.27329499400003], [-79.96655644899994, 43.27416941100006], [-79.96671050099997, 43.27415143500008], [-79.96755509299999, 43.27407631900007], [-79.96817868899996, 43.27405623800007], [-79.96873422899995, 43.27414160300003], [-79.96902158199998, 43.27405681100004], [-79.97032786099999, 43.27395214200004], [-79.97027902599996, 43.27383610900006], [-79.97054171199994, 43.27378946800007], [-79.97106489099997, 43.27377138100007], [-79.97120020699998, 43.27373050600005], [-79.97134218399998, 43.27385653800008], [-79.97206562799994, 43.27351704800003], [-79.97237949299995, 43.27342873700007], [-79.97240378499998, 43.27356370300004], [-79.97269472399995, 43.27350914800007], [-79.97272916799994, 43.27370533100003], [-79.97338317899994, 43.27376441100006], [-79.97442221599994, 43.27292724200004], [-79.97659549099996, 43.27213174000008], [-79.97670920799999, 43.27210213300003], [-79.97708057399996, 43.27203849500006], [-79.97736535499996, 43.27198969600005], [-79.97795337499997, 43.27174282300007], [-79.97837778099995, 43.27165781500003], [-79.97909505199993, 43.27141252700005], [-79.97967395399996, 43.27117727700005], [-79.97986191599995, 43.27113021600007], [-79.98048058199998, 43.27100840500003], [-79.98095440399999, 43.27089368900005], [-79.98215448099995, 43.27058587100004], [-79.98221841299994, 43.27048116700007], [-79.98303891399996, 43.26996658500008], [-79.98311489099996, 43.26977442100008], [-79.98342227899997, 43.26966192500004], [-79.98383171699999, 43.26951208200006], [-79.98561483499998, 43.26885948700004], [-79.98651464899996, 43.26853015100005], [-79.98877069399998, 43.26770092500004], [-79.98877897599994, 43.26772851100003], [-79.98920650699995, 43.26757287700008], [-79.98960981099998, 43.26742606300007], [-79.98986833799995, 43.26733195000003], [-79.99011652499996, 43.26724160000003], [-79.99057152499995, 43.26707595600004], [-79.99102249699996, 43.26691177900005], [-79.99103867599996, 43.26696510600004], [-79.99139363399996, 43.26683561200008], [-79.99174858999999, 43.26670612100003], [-79.99210354399997, 43.26657662500003], [-79.99245849699997, 43.26644713200005], [-79.99281344799994, 43.26631763000006], [-79.99316840399996, 43.26618813400006], [-79.99352335599997, 43.26605863400005], [-79.99387827699996, 43.26592914500003], [-79.99423319699997, 43.26579964900003], [-79.99458811899996, 43.26567015700005], [-79.99494303899996, 43.26554066500006], [-79.99558164599995, 43.26530765900003], [-79.99568681299996, 43.26565030800003], [-79.99608552999996, 43.26543315200007], [-79.99646447799995, 43.26522676100006], [-79.99684341799997, 43.26502036800008], [-79.99722235499996, 43.26481397800006], [-79.99733229099996, 43.26475409900007], [-79.99760129499998, 43.26460758300004], [-79.99791443099997, 43.26443702700004], [-79.99829224299998, 43.26428903800007], [-79.99876128499994, 43.26410531100004], [-79.99920869299996, 43.26393005400007], [-79.99955286099998, 43.26379523900005], [-79.99989702099998, 43.26366042700005], [-80.00024118099998, 43.26352560600003], [-80.00046769199997, 43.26343371700005], [-80.00284456199995, 43.26256968700005], [-80.00498320399998, 43.26178947500006], [-80.00496845599997, 43.26174935900008], [-80.00696178199996, 43.26102143900005], [-80.00806931999995, 43.26062925500003], [-80.00851629499994, 43.26046589700007], [-80.00894250299996, 43.26031395000007], [-80.00915405199999, 43.26024143300003], [-80.00939419299993, 43.26016737300006], [-80.00939752699998, 43.26017807000005], [-80.00951397099999, 43.26013549100003], [-80.00967600899997, 43.26007182200004], [-80.01152768599997, 43.25939527500003], [-80.01363362499995, 43.25862572700004], [-80.01410009699998, 43.25845526200004], [-80.01546682899993, 43.25799908900007], [-80.01873871499998, 43.25680584900005], [-80.01924205299997, 43.25662145000007], [-80.01971107599996, 43.25632688400003], [-80.02164721899999, 43.25561753800008], [-80.02207607599996, 43.25546041200005], [-80.02283127899994, 43.25533712300006], [-80.02351769599994, 43.25508561900006], [-80.02353375499996, 43.25513921800007], [-80.02584631899998, 43.25448782300003], [-80.02582099399996, 43.25440957200004], [-80.02580311299994, 43.25435433400003], [-80.02634868299998, 43.25413380800006], [-80.02742980799997, 43.25368879200005], [-80.02735172899997, 43.25362108000007], [-80.02759982199996, 43.25353743100004], [-80.02805074399998, 43.25339376600004], [-80.02830462599997, 43.25339381500004], [-80.02811078499997, 43.25274597000003], [-80.02850624199993, 43.25261871900005], [-80.02885543099995, 43.25247088800006], [-80.02896416499993, 43.25242334000006], [-80.02920172599994, 43.25231945900003], [-80.02896265499999, 43.25205785200006], [-80.02895883599996, 43.25205943100008], [-80.02802206299998, 43.25244662900008], [-80.02789964499993, 43.25203359400007], [-80.02772694899994, 43.25145091700006], [-80.02720848599995, 43.25151249000004], [-80.02704753399996, 43.25180759000006], [-80.02699828699997, 43.25189503900003], [-80.02698850499996, 43.25211087700006], [-80.02700009399996, 43.25218204700008], [-80.02708419399994, 43.25269852500003], [-80.02699110299994, 43.25274233300007], [-80.02632496199999, 43.25293265900007], [-80.02621591199994, 43.25241899800005], [-80.02692743999995, 43.25221061500008], [-80.02691509299996, 43.25198452200004], [-80.02695593699997, 43.25181166100003], [-80.02714395399994, 43.25152015400005], [-80.02690594999996, 43.25136660300006], [-80.02669481799995, 43.25137428000005], [-80.02647600799997, 43.25122072900007], [-80.02670249499994, 43.25084453000005], [-80.02753113599994, 43.25079023300003], [-80.02739325899995, 43.25032501400005], [-80.02718979299993, 43.25029999200007], [-80.02650926699994, 43.25028490900007], [-80.02659024099995, 43.25002849100008], [-80.02725827699999, 43.25003861300007], [-80.02713006799996, 43.24973158600005], [-80.02694112899997, 43.24925586300003], [-80.02742083899994, 43.24918228200005], [-80.02744475699996, 43.24917800900005], [-80.02780931899997, 43.24911280900005], [-80.02767486799996, 43.24871319000005], [-80.02731032199995, 43.24877839000004], [-80.02694576999994, 43.24884358900005], [-80.02685844399997, 43.24858530900008], [-80.02650017599996, 43.24847057800008], [-80.02438063399995, 43.24856492000004], [-80.02385860999993, 43.24867184000004], [-80.02433660799994, 43.24986683400004], [-80.02328558199997, 43.25008169900008], [-80.02270764199994, 43.24867813000003], [-80.02419823999998, 43.24844542000005], [-80.02676051199995, 43.24829567500007], [-80.02672493899996, 43.24819045000004], [-80.02670739499996, 43.24813853900008], [-80.02693975099999, 43.24826569300006], [-80.02750810699996, 43.24824704300005], [-80.02747926499995, 43.24816592100007], [-80.02735316499997, 43.24781124400005], [-80.02850770899994, 43.24739883100005], [-80.02888859099994, 43.24726273300007], [-80.02892976299995, 43.24724802100008], [-80.02897133899995, 43.24706211000006], [-80.02888509899998, 43.24702421100005], [-80.02679048199997, 43.24610371300002], [-80.02664615599997, 43.24599241100003], [-80.02650645299997, 43.24587800500007], [-80.02637150199996, 43.24576059000003], [-80.02624142099995, 43.24564027300005], [-80.02611632799994, 43.24551716500008], [-80.02599633099999, 43.24539137200003], [-80.02588154399996, 43.24526301100008], [-80.02577206499996, 43.24513219300007], [-80.02546512099997, 43.24517388800007], [-80.02557490199996, 43.24531470200003], [-80.02579464599995, 43.24601975500008], [-80.02513542699995, 43.24609062300004], [-80.02345468999994, 43.24628013000006], [-80.02083032099995, 43.24659127700005], [-80.02040023699999, 43.24522651200004], [-80.01966316099998, 43.24506049300004], [-80.01937541499996, 43.24486975000008], [-80.01780309899993, 43.24512378200006], [-80.01900631899997, 43.24893317400006], [-80.01861101599997, 43.24902839700007], [-80.01821571199997, 43.24912361700007], [-80.01838198399997, 43.24965160400006], [-80.01796968599996, 43.24975109400003], [-80.01762043699995, 43.24986978700008], [-80.01718594099998, 43.24883003900004], [-80.01638557199999, 43.24896921300007], [-80.01683377999996, 43.25035845100007], [-80.01676060599993, 43.25041852900006], [-80.01553486799997, 43.24662348400005], [-80.01538524999995, 43.24664210000003], [-80.01336648099993, 43.24701217800003], [-80.01104152799996, 43.24756181800007], [-80.01076091399995, 43.24762879900004], [-80.00964282899997, 43.24785866100007], [-80.00922421899998, 43.24789364000003], [-80.00781147499998, 43.24813306700003], [-80.00764091699995, 43.24760622600007], [-80.00752800499998, 43.24725742100003], [-80.00741597499996, 43.24691135400008], [-80.00741557399994, 43.24691011800007], [-80.00547238099995, 43.24722393500008], [-80.00547131699994, 43.24722410400005], [-80.00538553399997, 43.24696024000008], [-80.00532983699998, 43.24678892000003], [-80.00532982199996, 43.24678886500004], [-80.00420198599994, 43.24710245100005], [-80.00344594499995, 43.24731266200007], [-80.00346102599997, 43.24770926900004], [-80.00347903099998, 43.24818291900004], [-80.00348244899999, 43.24827298600007], [-80.00359326499995, 43.24896558300003], [-80.00359511199997, 43.24897457100008], [-80.00371416399997, 43.24955438200004], [-80.00396573299997, 43.25021516600003], [-80.00414011799995, 43.25065617300004], [-80.00355255299996, 43.25079953900007], [-80.00372452999994, 43.25112138200006], [-80.00387971099997, 43.25134629800004], [-80.00343321499997, 43.25143240600005], [-80.00265195599997, 43.25170775200007], [-80.00263868199994, 43.25163985100005], [-80.00243582999997, 43.25171134500005], [-80.00249154399995, 43.25199630000003], [-80.00388387799995, 43.25170730300005], [-80.00454174799995, 43.25253943500007], [-80.00463922699998, 43.25273630000004], [-80.00207053699995, 43.25319888200005], [-80.00196280899996, 43.25371321700004], [-80.00176603199998, 43.25374013300006], [-80.00156817499999, 43.25376241500004], [-80.00117003199995, 43.25379298500008], [-80.00097015799997, 43.25380124200007], [-80.00068246399996, 43.25381616500005], [-80.00017869699997, 43.25384558900004], [-80.00018430899996, 43.25371889800005], [-79.99892500199996, 43.25384533700003], [-79.99907808199998, 43.25435108000005], [-79.99908764299994, 43.25438282900006], [-79.99899399799995, 43.25439222800003], [-79.99883143599999, 43.25385360600006], [-79.99878922399995, 43.25371372700005], [-79.99877932799996, 43.25368324800007], [-79.99865381299998, 43.25337563700003], [-79.99857190499995, 43.25312706500006], [-79.99821359999999, 43.25195981300004], [-79.99697784699998, 43.25242862600004], [-79.99686422999997, 43.25247172800005], [-79.99675069399996, 43.25251480100007], [-79.99696352799998, 43.25319078700005], [-79.99613834699994, 43.25337473300004], [-79.99459746199994, 43.25371820100003], [-79.99485480999994, 43.25451948600005], [-79.99449808799994, 43.25460030200003], [-79.99452262699998, 43.25466649600003], [-79.99423509499996, 43.25473102200004], [-79.99424947499995, 43.25479960500007], [-79.99432963999999, 43.25519523200006], [-79.99397525899997, 43.25526482200007], [-79.99262435699995, 43.25553009000004], [-79.99245614099993, 43.25499495200006], [-79.99238847199996, 43.25477967900008], [-79.99234068999993, 43.25463005800003], [-79.99224684199999, 43.25433621900004], [-79.99215004699994, 43.25403313800007], [-79.99156831799996, 43.25221572600003], [-79.98830868599998, 43.25191891300005], [-79.98710877499997, 43.25307614600007], [-79.98455385199998, 43.25401121500005], [-79.98361338499996, 43.25099113800007], [-79.98311323799999, 43.24945673600007], [-79.98033175499995, 43.25037791900007], [-79.97888335399995, 43.25096392000006], [-79.97850863999997, 43.25114384000005], [-79.97840962199996, 43.25082285800005], [-79.97829580499996, 43.25047245200005], [-79.97818398699997, 43.25012798400007], [-79.97812416799997, 43.24994370700006], [-79.97806443299999, 43.24975969600007], [-79.97773747199994, 43.24873616800005], [-79.97696129799994, 43.24655562200007], [-79.97948847499998, 43.24602785700006], [-79.98410615799997, 43.24505617900007], [-79.98390412099997, 43.24442690800004], [-79.98361049799996, 43.24362823200005], [-79.98390870399999, 43.24353991100003], [-79.98540480399998, 43.24339106400004], [-79.98561313999994, 43.24327681400007], [-79.98581045299994, 43.24301288800007], [-79.98669987399995, 43.24211315400004], [-79.98699561299998, 43.24190815300005], [-79.98707610099996, 43.24178621700003], [-79.98718838299999, 43.24142735400005], [-79.98733745299995, 43.24136643600008], [-79.98783209699997, 43.24140793300006], [-79.98818777699995, 43.24140295500007], [-79.98817499899997, 43.24135947400003], [-79.98804454899994, 43.24133564600004], [-79.98764771299994, 43.24023842000003], [-79.98719184899994, 43.23862446300006], [-79.98706150099997, 43.23821357000003], [-79.98739553199994, 43.23815356500006], [-79.99235676599994, 43.23735983200004], [-79.99236698799996, 43.23739317800005], [-79.99335840099997, 43.23722677300003], [-79.99327577499997, 43.23700744000007], [-79.99322894799997, 43.23688314800006], [-79.99313464099998, 43.23684922800004], [-79.99306830499995, 43.23682537200006], [-79.99288681699994, 43.23661297300004], [-79.99273807399999, 43.23619664000006], [-79.99237174699994, 43.23539475400003], [-79.99193769499999, 43.23452267900007], [-79.99177361099999, 43.23401138100007], [-79.99173591399995, 43.23374310000003], [-79.99179181999995, 43.23311116100007], [-79.99109304699994, 43.23323608000004], [-79.99060613599994, 43.23332382100006], [-79.99004728099999, 43.23338887300008], [-79.98948746399998, 43.23347930200003], [-79.98930206599994, 43.23294512700005], [-79.98809579999994, 43.23324822200004], [-79.98769301699997, 43.23197253600006], [-79.98754902299999, 43.23136205800006], [-79.98748207199998, 43.23107820800004], [-79.98738246099998, 43.23103987300004], [-79.98749381799996, 43.23083082300008], [-79.98763757199998, 43.23077458300003], [-79.98796053899997, 43.22989341400006], [-79.98764971899999, 43.22882848500007], [-79.98763725399994, 43.22863857400006], [-79.98771977699994, 43.22826674700008], [-79.98774627899996, 43.22814734200006], [-79.98779361799996, 43.22793405100003], [-79.98783134899998, 43.22775266200006], [-79.98805625899996, 43.22779038300007], [-79.98889792199998, 43.22772801600007], [-79.98937016699995, 43.22769302200004], [-79.98814815599997, 43.22381571400007], [-79.99073352199997, 43.22336974800004], [-79.99080252099998, 43.22359239800005], [-79.99095523799997, 43.22420989400007], [-79.99125280999993, 43.22414761200008], [-79.99146459799994, 43.22410328500007], [-79.99169388799999, 43.22405529500003], [-79.99181514499998, 43.22402991600006], [-79.99198697799994, 43.22388464800008], [-79.99206058799996, 43.22382241500003], [-79.99214651099999, 43.22374977500004], [-79.99230603899997, 43.22361490700007], [-79.99267495499998, 43.22384821000003], [-79.99277143299997, 43.22390922400007], [-79.99230239699995, 43.22434766200007], [-79.99215654199998, 43.22441304500006], [-79.99182208299999, 43.22447339900003], [-79.99113555999998, 43.22459410600004], [-79.99103792299996, 43.22461061000007], [-79.99109907699994, 43.22484826800007], [-79.99116623899994, 43.22507254300007], [-79.99124131199994, 43.22531136800006], [-79.99136374399995, 43.22560615100008], [-79.99149027899995, 43.22600658700003], [-79.99155550399996, 43.22600648900004], [-79.99157613599994, 43.22635828900007], [-79.99168881499997, 43.22635929000006], [-79.99180118199996, 43.22636551100004], [-79.99187923499994, 43.22637294100008], [-79.99195676199997, 43.22638289000002], [-79.99203360999996, 43.22639533700004], [-79.99226954499994, 43.22645064300008], [-79.99234672199998, 43.22647518600007], [-79.99242222499998, 43.22650237100004], [-79.99255459499994, 43.22655218500006], [-79.99282146699994, 43.22665261200007], [-79.99302161999998, 43.22672793000004], [-79.99322176899994, 43.22680325000005], [-79.99342192999995, 43.22687857400007], [-79.99362208499997, 43.22695389100005], [-79.99382223599997, 43.22702920900008], [-79.99390882799997, 43.22706006900006], [-79.99397688799996, 43.22708055300006], [-79.99404641499996, 43.22709820100005], [-79.99411719199998, 43.22711296000006], [-79.99420898199998, 43.22712751400007], [-79.99430196299994, 43.22713720900003], [-79.99439565799997, 43.22714199400008], [-79.99448958099998, 43.22714183600004], [-79.99458324599993, 43.22713674500005], [-79.99467616899994, 43.22712674700006], [-79.99475571899995, 43.22711414800006], [-79.99483404399996, 43.22709795100008], [-79.99491083499998, 43.22707821600005], [-79.99494570699994, 43.22706792800005], [-79.99501400099996, 43.22704522300006], [-79.99504745899998, 43.22703280300004], [-79.99512971799999, 43.22699832400008], [-79.99520834299994, 43.22695957500008], [-79.99528237299995, 43.22691709000003], [-79.99535202999994, 43.22687081900006], [-79.99540722499995, 43.22683117100007], [-79.99547209599996, 43.22677700100007], [-79.99553196999994, 43.22671983600003], [-79.99558658699993, 43.22665992300006], [-79.99563571599998, 43.22659752000004], [-79.99567914199997, 43.22653289600004], [-79.99571667899994, 43.22646632800007], [-79.99574816799998, 43.22639810300007], [-79.99577346799998, 43.22632851600008], [-79.99579247499997, 43.22625786400005], [-79.99580510599998, 43.22618645400007], [-79.99581130599995, 43.22611459200004], [-79.99581116699994, 43.22604527900006], [-79.99580504699998, 43.22597611000003], [-79.99579296999997, 43.22590736100005], [-79.99577498399998, 43.22583930700006], [-79.99601661499997, 43.22579901900008], [-79.99637044899998, 43.22574080500004], [-79.99672183599995, 43.22568299300008], [-79.99674865199995, 43.22567858200006], [-79.99700467999997, 43.22563646000003], [-79.99707296799994, 43.22562441400004], [-79.99742310999994, 43.22556266800007], [-79.99745229199993, 43.22555752500006], [-79.99750601099998, 43.22554804900005], [-79.99793532099994, 43.22547448400007], [-79.99819999499994, 43.22542813000007], [-79.99880245899999, 43.22532260900005], [-79.99887319499999, 43.22530538700005], [-79.99881072799997, 43.22508812800004], [-79.99876669099996, 43.22493497000005], [-79.99874806399998, 43.22487097300007], [-79.99868492699994, 43.22465404800005], [-79.99865718699994, 43.22455873700005], [-79.99862197499993, 43.22443703100004], [-79.99854848799998, 43.22418299000003], [-79.99846736399996, 43.22394864800003], [-79.99841960499998, 43.22381068200008], [-79.99830161399996, 43.22346983100005], [-79.99811529799996, 43.22297512600005], [-79.99808094499997, 43.22285049700002], [-79.99800681499994, 43.22258156000004], [-79.99790040599999, 43.22222888700003], [-79.99777440499997, 43.22183744900008], [-79.99745152899999, 43.22091021500006], [-79.99711019799997, 43.21969275800006], [-79.99695927799996, 43.21915486800003], [-79.99685067899998, 43.21877939600006], [-79.99682644299997, 43.21877463100003], [-79.99590884299994, 43.21850215000006], [-79.99539484799999, 43.21852028800004], [-79.99463875799995, 43.21865344200006], [-79.99452629199999, 43.21828649000003], [-79.99438630799995, 43.21783913700006], [-79.99423348899995, 43.21786494100007], [-79.99410734299994, 43.21746530900003], [-79.99403082099997, 43.21722289900003], [-79.99363158299997, 43.21729049500004], [-79.99316767699997, 43.21586434900007], [-79.99325148099996, 43.21581063900004], [-79.99341973199995, 43.21570280500003], [-79.99350384899998, 43.21564889000007], [-79.99378176999994, 43.21547076300004], [-79.99432861899999, 43.21512030000008], [-79.99422088499995, 43.21510533600008], [-79.99440042699996, 43.21499034900006], [-79.99429277999997, 43.21490248400005], [-79.99386737299994, 43.21517511500008], [-79.99374769799994, 43.21525181000004], [-79.99372853299997, 43.21526409100005], [-79.99306113099993, 43.21471977500005], [-79.99278069599995, 43.21490192200008], [-79.99242321399998, 43.21461035500005], [-79.99218999299995, 43.21442034300003], [-79.99208085199996, 43.21449188600008], [-79.99201952299995, 43.21453208700007], [-79.99185192699997, 43.21464194900005], [-79.99165639699999, 43.21477012100007], [-79.99109945999999, 43.21513776800003], [-79.99091568099999, 43.21525908900003], [-79.99049807699998, 43.21553478900006], [-79.98898015699996, 43.21653687100007], [-79.98749300099996, 43.21751859900007], [-79.98713665199995, 43.21775193000008], [-79.98714571999994, 43.21778137000007], [-79.98718760899999, 43.21792083100007], [-79.98701106099998, 43.21801329200008], [-79.98675657999996, 43.21817575700004], [-79.98658005899995, 43.21826149700007], [-79.98641826899996, 43.21774979100007], [-79.98593310999996, 43.21793979900008], [-79.98576374599998, 43.21741484900008], [-79.98559820999998, 43.21713412500003], [-79.98550196399998, 43.21710342800003], [-79.98531812399995, 43.21673164500004], [-79.98508518599994, 43.21664420800005], [-79.98503055199996, 43.21646675800008], [-79.98497162299998, 43.21627407000005], [-79.98491360599996, 43.21608436900004], [-79.98486935099999, 43.21594061100006], [-79.98485272199997, 43.21588411400006], [-79.98478857299995, 43.21567822600008], [-79.98470780199995, 43.21541584600004], [-79.98463345199997, 43.21524276900004], [-79.98454296399996, 43.21494833700007], [-79.98456369699994, 43.21494492300008], [-79.98454721099995, 43.21489126700004], [-79.98450200999997, 43.21474418300005], [-79.98444031699995, 43.21454343300007], [-79.98437862199995, 43.21434267900003], [-79.98431692999998, 43.21414192800006], [-79.98425523999998, 43.21394117800003], [-79.98413185599998, 43.21353967300007], [-79.98400549999997, 43.21312849600008], [-79.98361891399998, 43.21310450500005], [-79.98307161999998, 43.21307116200006], [-79.98282491799995, 43.21305613200008], [-79.98218918199996, 43.21301739500007], [-79.98172199399994, 43.21298845800004], [-79.98127844499999, 43.21296098600004], [-79.98102423999995, 43.21294524000007], [-79.98059485699997, 43.21308691100006], [-79.98113066899998, 43.21485548200008], [-79.98121163599995, 43.21512336400008], [-79.98129260399998, 43.21539124900005], [-79.98137367699997, 43.21565946300007], [-79.98145456599997, 43.21592735900003], [-79.98153577499994, 43.21619520400003], [-79.98161122999994, 43.21646359000005], [-79.98168668899996, 43.21673197300004], [-79.98178100699994, 43.21706745700004], [-79.98187473499996, 43.21740083100008], [-79.98195239399996, 43.21763833600005], [-79.98204734899997, 43.21793486100006], [-79.98217567799998, 43.21833556500007], [-79.98226122599993, 43.21860270400003], [-79.98232844899997, 43.21881261500005], [-79.98227785399996, 43.21881835800008], [-79.98199976299998, 43.21884993500004], [-79.98172168199994, 43.21888150400008], [-79.98119970799996, 43.21894076600006], [-79.98113276599997, 43.21896921900003], [-79.98106931799998, 43.21900167200005], [-79.98100980899994, 43.21903789700008], [-79.98095465599994, 43.21907763900003], [-79.98090424799994, 43.21912061900008], [-79.98085893799998, 43.21916653600005], [-79.98081904399999, 43.21921506700005], [-79.98078484699994, 43.21926587000007], [-79.98073446399997, 43.21937285300004], [-79.98081258599996, 43.21961599800005], [-79.98087694399999, 43.21981629900006], [-79.98094130899995, 43.22001660400008], [-79.98100567499995, 43.22021690900004], [-79.98110801999997, 43.22053543200008], [-79.98114678899998, 43.22065609100008], [-79.98115211199996, 43.22067265200008], [-79.98115728999994, 43.22068877600003], [-79.98116368299998, 43.22070866800004], [-79.98106649899995, 43.22072859000008], [-79.98094121799994, 43.22075487600006], [-79.97867302099996, 43.22112947900007], [-79.97811616799999, 43.22122165800005], [-79.97724420199995, 43.22136559900008], [-79.97722384499997, 43.22136926700006], [-79.97700263099995, 43.22140547400005], [-79.97082656499998, 43.22245294800007], [-79.97081725899994, 43.22242357200003], [-79.97074197099994, 43.22218594000003], [-79.97066584699996, 43.22194568100008], [-79.97061916099995, 43.22179832900008], [-79.97041003499999, 43.22173602100003], [-79.96988145799997, 43.22157280200003], [-79.96978319899995, 43.22133631200006], [-79.96916668799997, 43.22144128100007], [-79.96895436899996, 43.22153243700006], [-79.96858294299994, 43.22159566900007], [-79.96839630399995, 43.22162744300005], [-79.96837387399995, 43.22163359500007], [-79.96835436499998, 43.22164376200004], [-79.96833908899998, 43.22165725700006], [-79.96832907799995, 43.22167317300006], [-79.96832500099998, 43.22169043500003], [-79.96832713599997, 43.22170788500006], [-79.96808840399996, 43.22175206000003], [-79.96770630199995, 43.22181434500004], [-79.96777862699997, 43.22205154400007], [-79.96780035299997, 43.22212279100006], [-79.96757359499998, 43.22216065000003], [-79.96756993899999, 43.22216126200004], [-79.96733221299996, 43.22220095000006], [-79.96713106199996, 43.22223453300006], [-79.96709856099994, 43.22212740100008], [-79.96652116599995, 43.22212531100007], [-79.96658246299995, 43.22232612300007], [-79.96563344899994, 43.22252612100004], [-79.96525395699996, 43.22267726600006], [-79.96481509599994, 43.22275061200003], [-79.96462183199998, 43.22294851300006], [-79.96407302099999, 43.22304012800004], [-79.96399552399998, 43.22278565100004], [-79.96373952299996, 43.22282843400006], [-79.96372123699996, 43.22283149000003], [-79.96378239999996, 43.22303232700006], [-79.96384356399994, 43.22323316500007], [-79.96356926999994, 43.22327900800008], [-79.96329497599999, 43.22332484500004], [-79.96305674999996, 43.22336465600006], [-79.96316304199996, 43.22371273100003], [-79.96312644999995, 43.22371883900007], [-79.96288508899994, 43.22375912600006], [-79.96289307299998, 43.22378628800004], [-79.96107853099994, 43.22410579400002], [-79.95995067899997, 43.22430430900005], [-79.96000724299995, 43.22448052500005], [-79.96010530299998, 43.22478794200003], [-79.96017809799997, 43.22501046200006], [-79.96018845999998, 43.22504214000003], [-79.96023351199995, 43.22517984800004], [-79.96025023599998, 43.22523095800005], [-79.96028099599994, 43.22532498900006], [-79.96031037999995, 43.22541480000007], [-79.96032023199996, 43.22544491500003], [-79.96035932199999, 43.22556440500006], [-79.96036765999997, 43.22558988700007], [-79.96039832899999, 43.22568363100004], [-79.96043721299998, 43.22580250600004], [-79.96049483499996, 43.22597863200008], [-79.96025553599998, 43.22602082000003], [-79.96035279199998, 43.22631809300003], [-79.96059193199994, 43.22627541300005], [-79.96061762299996, 43.22635207200005], [-79.96068014099995, 43.22653859900004], [-79.96074265499999, 43.22672511800005], [-79.96076073999996, 43.22677907600007], [-79.96031007099998, 43.22701987000005], [-79.96037095399998, 43.22709642900003], [-79.96039411699996, 43.22713739100004], [-79.96041216699996, 43.22717970600007], [-79.96042558899995, 43.22721975500008], [-79.96051935999998, 43.22749953800007], [-79.96053248599998, 43.22754759200006], [-79.96053756699996, 43.22758614000003], [-79.96053790799994, 43.22762486500005], [-79.96053350499994, 43.22766345700006], [-79.96052439399995, 43.22770160600004], [-79.96035811699994, 43.22799732700003], [-79.96001226799996, 43.22856891900005], [-79.96000281099998, 43.22859780400006], [-79.96000462899997, 43.22861759400007], [-79.96001286899997, 43.22863649100003], [-79.96002705199999, 43.22865339800006], [-79.96004635499997, 43.22866733300003], [-79.96006965599997, 43.22867748700003], [-79.96069958799995, 43.22888128500006], [-79.96090141899998, 43.22926791300006], [-79.96048519999994, 43.22942593900007], [-79.96065829699995, 43.22966933900005], [-79.96037526799995, 43.22977679500008], [-79.96009223199997, 43.22988425200003], [-79.95980919999994, 43.22999170600008], [-79.95952616299996, 43.23009915900008], [-79.95924312899996, 43.23020661400005], [-79.95899339099998, 43.23030142500005], [-79.95874364799994, 43.23039623800003], [-79.95849390999996, 43.23049104400008], [-79.95824416899995, 43.23058585600006], [-79.95792782699993, 43.23070594900003], [-79.95782804399994, 43.23074403100003], [-79.95750823199995, 43.23086518100007], [-79.95719174399994, 43.23098507500004], [-79.95690857699998, 43.23109234300006], [-79.95664206999999, 43.23119330000003], [-79.95635889099998, 43.23130057100008], [-79.95609237399998, 43.23140152900004], [-79.95580920099997, 43.23150879500002], [-79.95562617799999, 43.23157812700003], [-79.95520641399997, 43.23173712800008], [-79.95469043299994, 43.23193257500003], [-79.95475015299996, 43.23211387700007], [-79.95477603099994, 43.23219996600005], [-79.95400831299997, 43.23240733900008], [-79.95299899199995, 43.23293580800004], [-79.95287844599994, 43.23313956800007], [-79.95083027099997, 43.23385026900007], [-79.95092385599997, 43.23396036800006], [-79.95052115799996, 43.23416472700006], [-79.95025034799994, 43.23449527700006], [-79.95032951099995, 43.23508336300006], [-79.95044381799994, 43.23506422500003], [-79.95063689099999, 43.23563200400008], [-79.95066124899995, 43.23579565000006], [-79.95047148499998, 43.23633809400008], [-79.95049679499994, 43.23674847700005], [-79.95049075399999, 43.23693108000003], [-79.95050594999998, 43.23705555200007], [-79.95049152099995, 43.23716723600006], [-79.95046732599997, 43.23727039600004], [-79.95042377399994, 43.23735902000004], [-79.95022943799995, 43.23775448300006], [-79.95009647099994, 43.23802566800003], [-79.94978523299994, 43.23848019600007], [-79.94943644899996, 43.23897826600006], [-79.94932654999997, 43.23924309100005], [-79.94624760699998, 43.24184565400003], [-79.94281882599995, 43.24306859400008], [-79.94194303499995, 43.24335200800004], [-79.94136940699997, 43.24353823300004], [-79.93622471599997, 43.24520822600005], [-79.93611717599998, 43.24522361500004], [-79.93606752999995, 43.24511504900005], [-79.93594289699996, 43.24501327700006], [-79.93583162499993, 43.24484478200003], [-79.93575887499998, 43.24481391200004], [-79.93573050399993, 43.24469036100004], [-79.93584280099998, 43.24458973700007], [-79.93582623199995, 43.24453210400003], [-79.93576064699994, 43.24455258400008], [-79.93558697099996, 43.24468623900003], [-79.93545556299995, 43.24458159100004], [-79.93520011199996, 43.24448967000006], [-79.93520218999998, 43.24437565100004], [-79.93507937499999, 43.24434256900003], [-79.93501169699994, 43.24427182200003], [-79.93493681099994, 43.24422526900003], [-79.93492168499995, 43.24414977500004], [-79.93421354599997, 43.24457457800003], [-79.93424518499995, 43.24459317000003], [-79.93431448999996, 43.24466203100008], [-79.93434884599998, 43.24470614000006], [-79.93437524499996, 43.24478030400007], [-79.93439467599995, 43.24484839900003], [-79.93441706399994, 43.24493739800005], [-79.93444347299999, 43.24501082100005], [-79.93444516199997, 43.24507603700005], [-79.93447685799998, 43.24512291300005], [-79.93448885199996, 43.24516797300004], [-79.93448910999996, 43.24522648500005], [-79.93446220299995, 43.24528465400005], [-79.93440662099994, 43.24534046800005], [-79.93428205799995, 43.24533550700005], [-79.93421174699995, 43.24533109000004], [-79.93419148999999, 43.24532107800007], [-79.93413251899995, 43.24532432700005], [-79.93409286499997, 43.24535294500004], [-79.93399642299994, 43.24533321000007], [-79.93398957899996, 43.24534927200006], [-79.93390180999995, 43.24537432500006], [-79.93376633599996, 43.24541166200004], [-79.93369670599998, 43.24539690500006], [-79.93358129099994, 43.24542737400003], [-79.93346653399999, 43.24542393300004], [-79.93334493199995, 43.24546617200008], [-79.93316747799997, 43.24545972400006], [-79.93309750099996, 43.24547240800007], [-79.93304403399998, 43.24549306000006], [-79.93302096999997, 43.24552921700007], [-79.93276060299996, 43.24552480300008], [-79.93240300599996, 43.24551974900004], [-79.93230919999996, 43.24551842400007], [-79.93223437799998, 43.24552494200003], [-79.93222939499998, 43.24561300700003], [-79.93217413299999, 43.24562086400005], [-79.93204030799996, 43.24560729800004], [-79.93188908799993, 43.24560904100008], [-79.93174180299997, 43.24562836300004], [-79.93166776299995, 43.24563807200008], [-79.93157192799998, 43.24565064200004], [-79.93138089899998, 43.24567695500008], [-79.93130698599998, 43.24568713600007], [-79.93125494499998, 43.24569430600008], [-79.93102315299996, 43.24572622800008], [-79.93099516199999, 43.24567773100006], [-79.93097907699996, 43.24563429300008], [-79.93099463899995, 43.24547104800007], [-79.93090288799993, 43.24545957300006], [-79.93084722899994, 43.24528298500007], [-79.93069648999995, 43.24480152500007], [-79.93063954799999, 43.24461966900003], [-79.93059014799996, 43.24446188000007], [-79.93053321299999, 43.24428002100007], [-79.93049135299998, 43.24414630500007], [-79.93044949399996, 43.24401258200004], [-79.93040762999993, 43.24387886600005], [-79.93036576999998, 43.24374514600004], [-79.93032391199995, 43.24361142700008], [-79.93028204899997, 43.24347770700007], [-79.93023179499994, 43.24331717600006], [-79.92999219499995, 43.24255179200003], [-79.92994624899995, 43.24240501100007], [-79.92961013699994, 43.24133127700003], [-79.92954681199996, 43.24112898600004], [-79.92949140899998, 43.24095199400006], [-79.92944091699997, 43.24079067200006], [-79.92939926299994, 43.24065692200003], [-79.92935760399996, 43.24052316400008], [-79.92931595399995, 43.24038941300006], [-79.92925763499994, 43.24020215900003], [-79.92918789599997, 43.23997818500004], [-79.92890489899997, 43.23906941100006], [-79.92889968199995, 43.23906502300008], [-79.92887585099999, 43.23897613200006], [-79.92886334999997, 43.23893599900003], [-79.92884552999999, 43.23889112900008], [-79.92882409199996, 43.23880992200003], [-79.93024810199995, 43.23857571200006], [-79.93130900299997, 43.23835693200004], [-79.93169553299998, 43.23829473100005], [-79.93169231399997, 43.23823901800006], [-79.93168941899995, 43.23818901400006], [-79.93168135699995, 43.23804832500008], [-79.93167311099995, 43.23790447700003], [-79.93166485699999, 43.23776058100003], [-79.93165660999995, 43.23761668000003], [-79.93164835599998, 43.23747277800004], [-79.93163082999996, 43.23716698800007], [-79.93162096199995, 43.23699465400006], [-79.93159802999998, 43.23659454000006], [-79.93158669399998, 43.23639667600003], [-79.93157807899996, 43.23624631500007], [-79.93157035099995, 43.23611140800006], [-79.93155894099993, 43.23591230000005], [-79.93154708499998, 43.23570544500006], [-79.93153575099996, 43.23550757800007], [-79.93152441599995, 43.23530971100007], [-79.93151875599995, 43.23521078100003], [-79.93150905499994, 43.23504156600006], [-79.93147488099999, 43.23444510200005], [-79.93146340699997, 43.23425656300003], [-79.93144254499998, 43.23389361900007], [-79.93146085399997, 43.23389058900005], [-79.93183020599997, 43.23382953000004], [-79.93189181799994, 43.23381934400004], [-79.93195105199999, 43.23380955300007], [-79.93207192199998, 43.23378957100005], [-79.93234645699994, 43.23374435300008], [-79.93243504399999, 43.23372976000007], [-79.93243966799997, 43.23372899900005], [-79.93262099099996, 43.23369913400006], [-79.93270371099999, 43.23368489800004], [-79.93284479599998, 43.23366061900003], [-79.93288882899998, 43.23365331600007], [-79.93296598199998, 43.23364052500006], [-79.93300489599994, 43.23376910600007], [-79.93307696899996, 43.23375727600006], [-79.93345857799994, 43.23369463600005], [-79.93346286899998, 43.23356257800003], [-79.93346299499996, 43.23355879000007], [-79.93343020999998, 43.23345446500008], [-79.93342147799996, 43.23342667500003], [-79.93339630399998, 43.23334657600003], [-79.93336267399997, 43.23323955700005], [-79.93334388299996, 43.23317977000005], [-79.93333061799996, 43.23313840700007], [-79.93327461399997, 43.23281883400006], [-79.93405679599994, 43.23268175800007], [-79.93443843299997, 43.23267490900002], [-79.93445456199998, 43.23272925900005], [-79.93478133299999, 43.23268485500006], [-79.93538601399996, 43.23260270000003], [-79.93538204099997, 43.23258929500003], [-79.93564863199998, 43.23255309300004], [-79.93583313299996, 43.23252803600008], [-79.93601763799995, 43.23250298200003], [-79.93630786499995, 43.23244164100004], [-79.93891728799997, 43.23214082900006], [-79.93932717799998, 43.23209265300005], [-79.93932875499996, 43.23209775900006], [-79.93957618499996, 43.23206869000006], [-79.93997365399997, 43.23202199300005], [-79.93996101199997, 43.23196442600005], [-79.93994688199996, 43.23190008500006], [-79.94017888599996, 43.23187282000004], [-79.94039122499998, 43.23184786500008], [-79.94179982299994, 43.23168231900007], [-79.94278012899997, 43.23156709600005], [-79.94418701899997, 43.23140170500005], [-79.94417690799997, 43.23135566000008], [-79.94426746399995, 43.23134502300007], [-79.94531273899997, 43.23122212600003], [-79.94418236799999, 43.23107846400006], [-79.94352926199997, 43.23099545000008], [-79.94169758399994, 43.23076261700004], [-79.94149901499998, 43.23072523900004], [-79.94139861999997, 43.23070632500003], [-79.94111389999995, 43.23066148700008], [-79.94079647599995, 43.23061149900008], [-79.94057748599994, 43.23057365900007], [-79.94071826199996, 43.23005362700007], [-79.94081524099994, 43.22969538500007], [-79.94095953399994, 43.22916235700006], [-79.94015489299994, 43.22906005400006], [-79.94006831899998, 43.22904664800006], [-79.94006197499994, 43.22904530400007], [-79.93998331599994, 43.22902863600007], [-79.93990034999996, 43.22900611500006], [-79.93981986899996, 43.22897920900004], [-79.93974229499997, 43.22894805700003], [-79.93966805699995, 43.22891283300004], [-79.93959755099996, 43.22887372200006], [-79.93953115799997, 43.22883093800004], [-79.93946922799995, 43.22878471100006], [-79.93941210099996, 43.22873528700006], [-79.93936008599997, 43.22868293300007], [-79.93931345699997, 43.22862793100006], [-79.93927246799996, 43.22857057900006], [-79.93923734099997, 43.22851118300008], [-79.93920826599998, 43.22845006300003], [-79.93918539199996, 43.22838755100003], [-79.93914364999995, 43.22825409200004], [-79.93892249899994, 43.22815258400004], [-79.93884276299997, 43.22778996000005], [-79.93916166899999, 43.22773665300008], [-79.93911607299998, 43.22759201500003], [-79.93891452099996, 43.22695265200008], [-79.93897358099997, 43.22666376300003], [-79.93898857399995, 43.22648334300004], [-79.94010415599996, 43.22660477700003], [-79.94016720199994, 43.22661053600007], [-79.94023054899998, 43.22661412700006], [-79.94032485099996, 43.22661544800008], [-79.94041904899996, 43.22661196200005], [-79.94051269099998, 43.22660368600003], [-79.94060531499997, 43.22659066600005], [-79.94084866899993, 43.22654998100006], [-79.94085226299995, 43.22654937600004], [-79.94120981199995, 43.22648956700004], [-79.94113355699994, 43.22649967900003], [-79.94105642499994, 43.22650520200006], [-79.94097893399999, 43.22650610400007], [-79.94090160499997, 43.22650237200003], [-79.94082494799994, 43.22649403400004], [-79.94074947899998, 43.22648115000004], [-79.94067570299995, 43.22646380100008], [-79.94060410599997, 43.22644210300007], [-79.94046479599996, 43.22639434300004], [-79.94056884299994, 43.22623107300006], [-79.93780774699997, 43.22558189600005], [-79.93778549299998, 43.22557666400007], [-79.93747897999998, 43.22510186500006], [-79.93656727699994, 43.22470319600006], [-79.93606918499995, 43.22552589900005], [-79.93600721699994, 43.22543576100003], [-79.93594086699994, 43.22534730300004], [-79.93587022699995, 43.22526064000004], [-79.93579538699998, 43.22517588400007], [-79.93571643899998, 43.22509314600006], [-79.93590929999993, 43.22477314200006], [-79.93595481799997, 43.22469800900006], [-79.93603415799998, 43.22456704600006], [-79.93614248599994, 43.22438824100004], [-79.93657073399999, 43.22368134200008], [-79.93659334199998, 43.22364402300008], [-79.93668667499998, 43.22348996000005], [-79.93685872499998, 43.22320594800004], [-79.93681984599993, 43.22321624600005], [-79.93669964199995, 43.22324472000003], [-79.93657759899997, 43.22326865300005], [-79.93645403199997, 43.22328796700003], [-79.93634455599994, 43.22330107300007], [-79.93632435999996, 43.22330281100005], [-79.93623437699995, 43.22331055600006], [-79.93612372799998, 43.22331639700008], [-79.93594128799998, 43.22318453300005], [-79.93583241799996, 43.22318964800007], [-79.93572409899997, 43.22319913900003], [-79.93561665699997, 43.22321297200006], [-79.93551042199994, 43.22323110700006], [-79.93540571399996, 43.22325349200003], [-79.93530284299999, 43.22328005500003], [-79.93520213099998, 43.22331072100008], [-79.93510387399994, 43.22334538900003], [-79.93502940199994, 43.22337547100005], [-79.93500838099999, 43.22338396200007], [-79.93471960599999, 43.22317827600006], [-79.93386861299996, 43.22284572400008], [-79.93315370899995, 43.22237305700003], [-79.93202541499994, 43.22216638900005], [-79.93139828899996, 43.22165382900005], [-79.93109802699996, 43.22134829600003], [-79.93116073999994, 43.22154367900004], [-79.93124719499997, 43.22180644600007], [-79.93083483199996, 43.22150791900003], [-79.93025353599995, 43.22108706800003], [-79.93023652099998, 43.22107474100005], [-79.93016664099997, 43.22102520300007], [-79.93004904099996, 43.22094652800007], [-79.92992783499994, 43.22087083400004], [-79.92980316899997, 43.22079820600004], [-79.92967518699999, 43.22072873900004], [-79.92954403499994, 43.22066250200004], [-79.92940987199995, 43.22059957800008], [-79.92927285099995, 43.22054004200004], [-79.92905131199996, 43.21930871800004], [-79.92765208999998, 43.21878173900006], [-79.92686155299998, 43.21797226600006], [-79.92686214799994, 43.21797080800008], [-79.92820301499995, 43.21468628800005], [-79.92785123399995, 43.21274063100003], [-79.92749271199995, 43.21075768800006], [-79.92734847099996, 43.21078105300006], [-79.92739617399997, 43.21067189200005], [-79.92745418699997, 43.21025201000003], [-79.92747200299993, 43.20992343200004], [-79.92734545099995, 43.20923486000004], [-79.92712551899996, 43.20804076400003], [-79.92707853499996, 43.20778487100006], [-79.92701165999995, 43.20742176500005], [-79.92697858799994, 43.20724853200005], [-79.92694872199996, 43.20708661300006], [-79.92692025099996, 43.20693227900006], [-79.92689275799995, 43.20678321600008], [-79.92686585699994, 43.20663738300004], [-79.92683533699994, 43.20647192500007], [-79.92682545499997, 43.20641834700007], [-79.92679459199996, 43.20625103100008], [-79.92678392699997, 43.20619321300006], [-79.92671154099997, 43.20611667600008], [-79.92659646599998, 43.20599499600007], [-79.92648434599994, 43.20587644000005], [-79.92638641299999, 43.20577288200008], [-79.92629842399998, 43.20567984500008], [-79.92621309999998, 43.20558962100006], [-79.92612777499994, 43.20549939600005], [-79.92601936599993, 43.20538476500008], [-79.92591096099994, 43.20527013700007], [-79.92582563299999, 43.20517991200006], [-79.92574030999998, 43.20508968300004], [-79.92565498799996, 43.20499945900008], [-79.92556965999995, 43.20490923400007], [-79.92548436599998, 43.20481903800004], [-79.92543181099995, 43.20476346600003], [-79.92539004399998, 43.20469326000006], [-79.92531470499995, 43.20456662600003], [-79.92524907599994, 43.20445631000007], [-79.92521650799995, 43.20444857800004], [-79.92503322199997, 43.20440505300007], [-79.92485771299994, 43.20436338000007], [-79.92468795699995, 43.20432306800006], [-79.92452200499997, 43.20428365900005], [-79.92434410899995, 43.20424141500007], [-79.92416270999996, 43.20419833700004], [-79.92398130599997, 43.20415525900006], [-79.92383852599994, 43.20412135100003], [-79.92369574599996, 43.20408744700006], [-79.92355296699998, 43.20405353900003], [-79.92341018299999, 43.20401963000006], [-79.92320963499998, 43.20397200700006], [-79.92287823799995, 43.20389330300003], [-79.92269973599997, 43.20385091000003], [-79.92236558799993, 43.20377137300005], [-79.92209413799998, 43.20370675800007], [-79.92190806099995, 43.20366246500004], [-79.92176765799996, 43.20362904500007], [-79.92162724899998, 43.20359562400006], [-79.92148684699998, 43.20356219900003], [-79.92134643899999, 43.20352877800008], [-79.92120603199999, 43.20349535300005], [-79.92106562899994, 43.20346193200004], [-79.92088660999997, 43.20341931700005], [-79.92070759599994, 43.20337670200007], [-79.92056718999999, 43.20334327600006], [-79.92042678299998, 43.20330985400005], [-79.92030860899996, 43.20328172100005], [-79.92019043999994, 43.20325358900004], [-79.92007235799997, 43.20322548000007], [-79.91995427099994, 43.20319737300008], [-79.91983619399997, 43.20316925800006], [-79.91980608899996, 43.20316209300006], [-79.91971808299996, 43.20314121700005], [-79.91959995999997, 43.20311319400003], [-79.91948183299996, 43.20308517000007], [-79.91936371599996, 43.20305714700004], [-79.91924559299997, 43.20302912600005], [-79.91912747099997, 43.20300110300008], [-79.91601762499994, 43.20226327500006], [-79.91599736099994, 43.20225844700008], [-79.91561918499997, 43.20216834000007], [-79.91550973899996, 43.20214228300006], [-79.91500164199994, 43.20202131600007], [-79.91276242699996, 43.20148816900007], [-79.91265549199994, 43.20146270900005], [-79.91264110499998, 43.20145928300008], [-79.91009154999995, 43.20085218500003], [-79.90932156399998, 43.20066581300006], [-79.90702368799998, 43.20011858400005], [-79.90696485099994, 43.20010456900008], [-79.90690601499995, 43.20009055700007], [-79.90484588599998, 43.19959989000006], [-79.90443652799996, 43.19950240000003], [-79.90413316499996, 43.19943014900008], [-79.90391918999995, 43.19937918800008], [-79.90370520899995, 43.19932822300007], [-79.90349123499999, 43.19927725800005], [-79.90327725399999, 43.19922629500007], [-79.90306327999997, 43.19917532900007], [-79.90288368299997, 43.19913255500006], [-79.90284738699995, 43.19912391100007], [-79.90281350299995, 43.19911583600003], [-79.90277841899996, 43.19910748200004], [-79.90273072899998, 43.19909612100003], [-79.90260292199997, 43.19906567700008], [-79.90227060299998, 43.19898667100006], [-79.90199246299994, 43.19892054300004], [-79.90193178599998, 43.19890611600005], [-79.90159296899998, 43.19882556100004], [-79.90125415399996, 43.19874500200007], [-79.90091534399994, 43.19866444100006], [-79.90057653099996, 43.19858388200004], [-79.90023771799997, 43.19850332200008], [-79.89989663099999, 43.19842221300007], [-79.89966124299997, 43.19836624400006], [-79.89934267099994, 43.19829050100003], [-79.89902163599999, 43.19821415800004], [-79.89870060699997, 43.19813781800008], [-79.89838785699999, 43.19806309200004], [-79.89805164299997, 43.19798271800005], [-79.89772369699995, 43.19790431400003], [-79.89739575299996, 43.19782590900007], [-79.89706068199996, 43.19774580500007], [-79.89672204599998, 43.19766484100006], [-79.89598063599999, 43.19748757900004], [-79.89594443699997, 43.19747897300005], [-79.89560129799997, 43.19736541400005], [-79.89492058899998, 43.19718399100003], [-79.89355983599995, 43.19683062300004], [-79.89352807399996, 43.19690040500006], [-79.89281531599994, 43.19672964700004], [-79.89258013699998, 43.19667330900006], [-79.89186740899999, 43.19650255200003], [-79.89115468499995, 43.19633179900006], [-79.89091948499998, 43.19627545000003], [-79.89020677599996, 43.19610468900004], [-79.88967223899994, 43.19597661900008], [-79.88943766099999, 43.19591936200004], [-79.88896528899994, 43.19580588900004], [-79.88861714999996, 43.19572222900007], [-79.88833608699997, 43.19565468300004], [-79.88818769999995, 43.19561902200007], [-79.88804451699997, 43.19558460800005], [-79.88790133299995, 43.19555019900008], [-79.88775814899998, 43.19551578800008], [-79.88761496599994, 43.19548137700008], [-79.88747178299997, 43.19544696300005], [-79.88732860099998, 43.19541255200005], [-79.88718542299995, 43.19537814100005], [-79.88704223599996, 43.19534372500004], [-79.88692242699994, 43.19531492700003], [-79.88680261799999, 43.19528612800008], [-79.88668281399998, 43.19525732900007], [-79.88656300499997, 43.19522853400008], [-79.88644319599996, 43.19519973500007], [-79.88632338699995, 43.19517093600007], [-79.88620358399999, 43.19514213700006], [-79.88603175999998, 43.19510083500006], [-79.88580862699996, 43.19504719900004], [-79.88554598699994, 43.19498406400004], [-79.88208707999996, 43.19415333500007], [-79.88033477799996, 43.19373334800008], [-79.88006813099997, 43.19366943400007], [-79.87802473699998, 43.19317891300005], [-79.87775618099994, 43.19311448100007], [-79.87749316199995, 43.19305137800006], [-79.87730729199995, 43.19300678100007], [-79.87713545999998, 43.19296555300008], [-79.87696244999995, 43.19292404400005], [-79.87681515399998, 43.19288870100007], [-79.87667136599998, 43.19285420000006], [-79.87654161099994, 43.19282306800005], [-79.87641536299998, 43.19279277900006], [-79.87626105899994, 43.19275575400007], [-79.87608921899994, 43.19271452000004], [-79.87587529899997, 43.19266319200005], [-79.87567891999998, 43.19261607300007], [-79.87567541299995, 43.19261523000006], [-79.87525459299997, 43.19251425400006], [-79.87393514699994, 43.19219764100006], [-79.87378694399996, 43.19216206800007], [-79.87369817499996, 43.19214076200007], [-79.87360940699995, 43.19211945400008], [-79.87349860699999, 43.19209285900007], [-79.87338780699997, 43.19206626400006], [-79.87329903999995, 43.19204495600007], [-79.87321027099995, 43.19202364900008], [-79.87312150399998, 43.19200234200008], [-79.87301634599999, 43.19197710000003], [-79.87285154999995, 43.19193754300005], [-79.87255225199993, 43.19186570000005], [-79.87039009099999, 43.19134666100007], [-79.86877335399998, 43.19095852200007], [-79.86584494399995, 43.19025625400008], [-79.86548863999997, 43.19017080100008], [-79.86539783299997, 43.19014902300006], [-79.86312456099995, 43.18960203600005], [-79.86209145999999, 43.18935392000003], [-79.86182036999998, 43.18928964500003], [-79.86110779099994, 43.18911871300003], [-79.85986254499994, 43.18881999000007], [-79.85961942399996, 43.18876166600006], [-79.85933899099996, 43.18869439500003], [-79.85619157599996, 43.18793927300004], [-79.85563999599998, 43.18780692500007], [-79.85502452799994, 43.18765924600007], [-79.85490471499998, 43.18763050300004], [-79.85478490799994, 43.18760175600005], [-79.85466509699995, 43.18757300800007], [-79.85454528499997, 43.18754426100003], [-79.85442547399998, 43.18751551300005], [-79.85430567199995, 43.18748676700005], [-79.85418586099996, 43.18745802300003], [-79.85406605399999, 43.18742927500006], [-79.85394624299994, 43.18740052700008], [-79.85382643799994, 43.18737177900005], [-79.85370662699995, 43.18734303000008], [-79.85358681599996, 43.18731428500007], [-79.85346700899998, 43.18728553700004], [-79.85334720399999, 43.18725678900006], [-79.85322610899993, 43.18722773300004], [-79.85299233799998, 43.18717163600007], [-79.85286961099996, 43.18714218600007], [-79.85274980599996, 43.18711343700005], [-79.85262999599996, 43.18708469100005], [-79.85251019099996, 43.18705594100004], [-79.85239037699995, 43.18702719200007], [-79.85227057299994, 43.18699844200006], [-79.85215076799994, 43.18696969600006], [-79.85203095899999, 43.18694094600005], [-79.85191115499998, 43.18691219500005], [-79.85179134699996, 43.18688344100008], [-79.85167154299995, 43.18685469100006], [-79.85155173999993, 43.18682594000006], [-79.85143193199997, 43.18679718600004], [-79.85131212799996, 43.18676843900005], [-79.85119231999994, 43.18673968400003], [-79.85107251299996, 43.18671092900007], [-79.85095271899996, 43.18668217800007], [-79.85083291199999, 43.18665342600008], [-79.85071310899997, 43.18662467100006], [-79.85059330199994, 43.18659591500005], [-79.85047349499996, 43.18656716400005], [-79.85035369299999, 43.18653840800005], [-79.85023389599996, 43.18650965300003], [-79.85011409399993, 43.18648089700008], [-79.84999428699996, 43.18645214100007], [-79.84986523799995, 43.18642115400007], [-79.84853680899994, 43.18610167900005], [-79.84806815599995, 43.18721930500004], [-79.84788843799998, 43.18760363900003], [-79.84569268199994, 43.18706842200004], [-79.84566777599997, 43.18706237300006], [-79.84536168999995, 43.18698802600005], [-79.84533677899998, 43.18698197800006], [-79.84526943999998, 43.18696566400007], [-79.84512735899995, 43.18693124500004], [-79.84509777699998, 43.18692407500004], [-79.84588817899999, 43.18513138100008], [-79.84262764299996, 43.18436150100007], [-79.84212317199996, 43.18550488000005], [-79.84168274299998, 43.18540093200005], [-79.84145530399996, 43.18534725300003], [-79.84141247699995, 43.18531779200003], [-79.84136108999996, 43.18528244300006], [-79.84128553999994, 43.18545376600008], [-79.84124924799994, 43.18553605400007], [-79.84102685999994, 43.18545113500005], [-79.84096986899993, 43.18542851500007], [-79.83907701999993, 43.18463530300005], [-79.83875072499995, 43.18449856200004], [-79.83659221999994, 43.18359394400005], [-79.83649251999998, 43.18355215800005], [-79.83618952399996, 43.18342516600006], [-79.83502867299995, 43.18314633200004], [-79.83479387099999, 43.18308993200003], [-79.83458455899995, 43.18303969500005], [-79.83456117199995, 43.18303408000003], [-79.83341223999997, 43.18275711600006], [-79.83239726799997, 43.18251333700005], [-79.83086364299999, 43.18214497500003], [-79.82956869399999, 43.18183391400004], [-79.82802870299997, 43.18172604100005], [-79.82770891599995, 43.18170879700006], [-79.82736690099995, 43.18167630300007], [-79.82738332199995, 43.18126705700007], [-79.82553050199994, 43.18074967600006], [-79.82465543499995, 43.18047854100007], [-79.82474201999997, 43.18028209200003], [-79.82478310599998, 43.18018974600005], [-79.82418129999996, 43.18000337400008], [-79.82407765799996, 43.17997127900003], [-79.82395668899994, 43.17993381600007], [-79.82389710799998, 43.17991536100004], [-79.82382008399998, 43.17989150700004], [-79.82168579399996, 43.17923049800004], [-79.82159221899997, 43.17920151600003], [-79.82132906399994, 43.17911937700006], [-79.82098056599995, 43.17901136400008], [-79.82074556199996, 43.17893852600002], [-79.82048678199999, 43.17885831900003], [-79.82035755799996, 43.17881826700005], [-79.82024430599995, 43.17878316400004], [-79.82013105399994, 43.17874806200007], [-79.82001780199994, 43.17871295900005], [-79.81990454499999, 43.17867785600004], [-79.81979129299998, 43.17864275300008], [-79.81967804199996, 43.17860765000006], [-79.81956478999996, 43.17857254600005], [-79.81945153899994, 43.17853744300004], [-79.81933828799998, 43.17850233900003], [-79.81922503199996, 43.17846723600007], [-79.81911178099995, 43.17843213300006], [-79.81899852999999, 43.17839702900005], [-79.81888529199995, 43.17836189900004], [-79.81877205399996, 43.17832676800003], [-79.81865881599998, 43.17829163800008], [-79.81854557899999, 43.17825650800006], [-79.81838421599997, 43.17820644800003], [-79.81822285499999, 43.17815638700006], [-79.81810961699995, 43.17812125600005], [-79.81799637999995, 43.17808612600004], [-79.81689046399998, 43.17774301500003], [-79.81377715999997, 43.17677810000004], [-79.81360362099997, 43.17672431200003], [-79.81327961699998, 43.17662441700003], [-79.81311397499996, 43.17657296800007], [-79.81294849399995, 43.17652125400008], [-79.81279968299998, 43.17647513000003], [-79.81265080299994, 43.17642910300003], [-79.81250204099996, 43.17638288400008], [-79.81235327699994, 43.17633668000008], [-79.81220451499996, 43.17629046300004], [-79.81205575199994, 43.17624424500008], [-79.81190698899997, 43.17619802800004], [-79.81174623899994, 43.17614808500008], [-79.81154244599998, 43.17608477000005], [-79.81137681599995, 43.17603331100003], [-79.81121118599998, 43.17598185100007], [-79.81104556199995, 43.17593039300004], [-79.81087992299996, 43.17587893000007], [-79.81071428999996, 43.17582746800008], [-79.81054866199997, 43.17577600500005], [-79.81038302899998, 43.17572454300006], [-79.81021739699997, 43.17567308400004], [-79.81005172499994, 43.17562169400003], [-79.80988605299996, 43.17557030100005], [-79.80972038699997, 43.17551890800007], [-79.80955471599998, 43.17546751800006], [-79.80938905099998, 43.17541612400004], [-79.80922338099998, 43.17536473000007], [-79.80905771099998, 43.17531334000006], [-79.80889204599998, 43.17526194500005], [-79.80872637699997, 43.17521055000003], [-79.80856070899995, 43.17515915800004], [-79.80839504499994, 43.17510776400007], [-79.80802951299995, 43.17499436500003], [-79.80799478399996, 43.17498358900008], [-79.80776538199996, 43.17491335300008], [-79.80773062499998, 43.17490256200006], [-79.80738915399996, 43.17479653000004], [-79.80709138999998, 43.17470406500007], [-79.80685080199999, 43.17462935400005], [-79.80671267299994, 43.17458646400007], [-79.80657454999994, 43.17454356900004], [-79.80643642199999, 43.17450067500005], [-79.80629829399999, 43.17445778400003], [-79.80616017099999, 43.17441489000004], [-79.80602204399997, 43.17437199800003], [-79.80588392099997, 43.17432910400004], [-79.80561808399995, 43.17424655100007], [-79.80524645799994, 43.17413149300006], [-79.80496629899994, 43.17404453000006], [-79.80470867499997, 43.17396456100005], [-79.80457056399996, 43.17392168900005], [-79.80443245199996, 43.17387881800005], [-79.80429434099995, 43.17383594600005], [-79.80415622999999, 43.17379307400006], [-79.80390261599996, 43.17371434700004], [-79.80348800599995, 43.17358564000006], [-79.80326001099996, 43.17351486500007], [-79.80296182799998, 43.17342229900004], [-79.80283728599994, 43.17338363600004], [-79.80271274299997, 43.17334497400003], [-79.80258820099993, 43.17330631100003], [-79.80247498099999, 43.17327116300004], [-79.80236176099999, 43.17323601500004], [-79.80224854099998, 43.17320086700005], [-79.80213532199997, 43.17316571800006], [-79.80201077899994, 43.17312705500007], [-79.80188623799995, 43.17308839100008], [-79.80176168999998, 43.17304972500006], [-79.80088272499995, 43.17279991400005], [-79.79618479599998, 43.17146212500006], [-79.79580792999997, 43.17231805900008], [-79.79576104299997, 43.17242381800003], [-79.79575747699994, 43.17242297600006], [-79.79568202899998, 43.17259433400005], [-79.79568554099995, 43.17259516400003], [-79.79556700499995, 43.17286417700006], [-79.79440206299995, 43.17252290500005], [-79.79449484099996, 43.17231438300007], [-79.79428549599999, 43.17226108000006], [-79.79424864499998, 43.17220819500005], [-79.79394138199996, 43.17212990100006], [-79.79374802899997, 43.17259667900004], [-79.79411295899996, 43.17267725700003], [-79.79407777399996, 43.17276348700005], [-79.79371249099995, 43.17268283100003], [-79.79354202599995, 43.17309641000003], [-79.79104961399997, 43.17253830700002], [-79.79090392199998, 43.17289042800007], [-79.79102594999995, 43.17291847100006], [-79.79087191999997, 43.17327367100006], [-79.79017160299998, 43.17310499800004], [-79.78969784599997, 43.17419602600006], [-79.79005725799993, 43.17427250600008], [-79.79042250599997, 43.17433263300006], [-79.79122332199995, 43.17443247200003], [-79.79157667299995, 43.17448950200003], [-79.79214879299997, 43.17460534900005], [-79.79275262099998, 43.17476813500008], [-79.79271563499998, 43.17470555000006], [-79.79311174699995, 43.17378186200006], [-79.79495934699997, 43.17421002100008]]], [[[-80.26611895899998, 43.59268623300005], [-80.26824735999998, 43.59418873300007], [-80.26849211999996, 43.59436150500005], [-80.26849505999996, 43.59436013300007], [-80.26858245999995, 43.59430653300006], [-80.26865735999996, 43.59426203300006], [-80.26873215999996, 43.59421743300004], [-80.26880705999997, 43.59417303300006], [-80.26886935999994, 43.59415533300006], [-80.26893145999998, 43.59412873300005], [-80.26899385999997, 43.59409313300006], [-80.26904385999995, 43.59405733300008], [-80.26908145999994, 43.59402163300007], [-80.26911915999995, 43.59397683300006], [-80.26918165999996, 43.59393213300007], [-80.26923145999996, 43.59391453300003], [-80.26929355999994, 43.59389683300003], [-80.26936815999994, 43.59387943300004], [-80.26944275999995, 43.59386193300003], [-80.26949235999996, 43.59385323300006], [-80.26955436099996, 43.59384453300004], [-80.26957933399996, 43.59382665200008], [-80.26956746099995, 43.59379063300003], [-80.26955536099996, 43.59376363300004], [-80.26954305999999, 43.59374543300004], [-80.26954375999998, 43.59370053300006], [-80.26956905999998, 43.59364653300003], [-80.26958795999997, 43.59362418300003], [-80.26960686099994, 43.59360173300007], [-80.26964456099995, 43.59355703300002], [-80.26970706099996, 43.59351233300004], [-80.26975736099996, 43.59344963300003], [-80.26979506099997, 43.59340493300004], [-80.26983266099995, 43.59336913300007], [-80.26988276099996, 43.59332433300006], [-80.26992066099996, 43.59327073300005], [-80.26994566099995, 43.59324373300007], [-80.27000816099996, 43.59320823300004], [-80.27008296099996, 43.59316353300005], [-80.27010796099995, 43.59315023300007], [-80.27013296099994, 43.59313683300007], [-80.27020746099998, 43.59310133300005], [-80.27025756099994, 43.59305663300006], [-80.27029526099994, 43.59302083300003], [-80.27034516099997, 43.59298513300007], [-80.27039516099995, 43.59295843300004], [-80.27043256099995, 43.59293183300008], [-80.27045766099997, 43.59291393300003], [-80.27050736099994, 43.59289623300003], [-80.27055726099996, 43.59286943300003], [-80.27061976099998, 43.59282483300007], [-80.27069466099994, 43.59278033300006], [-80.27075676099997, 43.59275383300007], [-80.27081936099995, 43.59270903300006], [-80.27086926099997, 43.59268243300005], [-80.27091906099997, 43.59266473300005], [-80.27095636099995, 43.59264703300005], [-80.27099386099997, 43.59262013300003], [-80.27100428299997, 43.59261275500006], [-80.27101886099996, 43.59260233300006], [-80.27102992399995, 43.59258665800007], [-80.27105666099999, 43.59254853300007], [-80.27108206099996, 43.59249463300006], [-80.27109496099996, 43.59245883300008], [-80.27112036099999, 43.59241393300005], [-80.27117056099996, 43.59235123300004], [-80.27123286099999, 43.59232463300003], [-80.27129536099994, 43.59227993300004], [-80.27133296099998, 43.59223513300003], [-80.27137046099995, 43.59220833300003], [-80.27140796099997, 43.59217263300008], [-80.27143346099996, 43.59212783300006], [-80.27147116099997, 43.59208293300003], [-80.27152156099999, 43.59201123300005], [-80.27157146099995, 43.59197563300006], [-80.27162166099998, 43.59192193300004], [-80.27164535899999, 43.59190083100003], [-80.27167186099996, 43.59187713300003], [-80.27173446099994, 43.59182343300006], [-80.27177236099999, 43.59176983300006], [-80.27182246099994, 43.59171613300003], [-80.27184656099996, 43.59168173300003], [-80.27187276099994, 43.59164433300003], [-80.27191066099994, 43.59159063200008], [-80.27193586099997, 43.59155463200005], [-80.27196086099997, 43.59153693200005], [-80.27199836099999, 43.59151013200005], [-80.27199840999998, 43.59151016800007], [-80.27199846099995, 43.59151013200005], [-80.27202276099996, 43.59152813200006], [-80.27204756099997, 43.59153743200005], [-80.27205986099995, 43.59154653200005], [-80.27207216099998, 43.59155553200003], [-80.27208436099994, 43.59156473200005], [-80.27209666099998, 43.59157363200006], [-80.27214616099997, 43.59158303200007], [-80.27218336099997, 43.59157423200003], [-80.27223316099997, 43.59155653200003], [-80.27228251299994, 43.59156592300008], [-80.27228995499996, 43.59156462600004], [-80.27233236099994, 43.59155713200005], [-80.27238196099995, 43.59154853200005], [-80.27240686099998, 43.59153073200008], [-80.27245686099997, 43.59149503200007], [-80.27251916099993, 43.59146833200003], [-80.27258156099998, 43.59143273200004], [-80.27263146099995, 43.59139713200005], [-80.27269386099994, 43.59136133200008], [-80.27275656099994, 43.59129883200006], [-80.27283166099994, 43.59123633200005], [-80.27288196099994, 43.59117353200003], [-80.27293226099994, 43.59111083200003], [-80.27298236099995, 43.59106613200004], [-80.27301986099997, 43.59103943200006], [-80.27303881099994, 43.59101703200002], [-80.27305776099996, 43.59099453200002], [-80.27310766099998, 43.59094993200006], [-80.27313286099997, 43.59091403200006], [-80.27313345999994, 43.59086003200008], [-80.27313346199998, 43.59085993200006], [-80.27313365999998, 43.59085113200007], [-80.27313366099997, 43.59085103200005], [-80.27314636099999, 43.59081513200005], [-80.27315916099997, 43.59078803200003], [-80.27317196099995, 43.59075223200006], [-80.27319716099998, 43.59071623200003], [-80.27323466099995, 43.59068953200006], [-80.27324736099996, 43.59065353200003], [-80.27326046099995, 43.59060863200006], [-80.27326105999998, 43.59055473200004], [-80.27326106099997, 43.59055463200008], [-80.27328656099996, 43.59050083200003], [-80.27331156099996, 43.59046503200005], [-80.27334936099999, 43.59042023200004], [-80.27338716099996, 43.59036633200003], [-80.27341286099994, 43.59029443200006], [-80.27343846099996, 43.59022253200004], [-80.27345166099997, 43.59016863200003], [-80.27347676099998, 43.59012383200007], [-80.27347756099994, 43.59006973200007], [-80.27349066099998, 43.59000683200003], [-80.27350122999997, 43.58997004500003], [-80.27350354999999, 43.58996187100007], [-80.27349768399995, 43.58992996700005], [-80.27349196099993, 43.58989893200004], [-80.27349197099994, 43.58989888900004], [-80.27349196099993, 43.58989883200007], [-80.27350506099998, 43.58984493200006], [-80.27350575999998, 43.58978193200005], [-80.27350576099997, 43.58978183200003], [-80.27351876099993, 43.58972783200005], [-80.27353206199996, 43.58966493200006], [-80.27353266099999, 43.58960203200007], [-80.27355796099994, 43.58955713200004], [-80.27357116099995, 43.58949413200003], [-80.27358416099997, 43.58944023200007], [-80.27362226099996, 43.58936833200005], [-80.27364776099995, 43.58930553200003], [-80.27366076099997, 43.58925153200005], [-80.27368626099997, 43.58918863200006], [-80.27369936099996, 43.58913483200007], [-80.27372506099994, 43.58905373200002], [-80.27375046099996, 43.58900013200008], [-80.27376366099998, 43.58893703200005], [-80.27378926099993, 43.58886523200005], [-80.27380246099995, 43.58880233200006], [-80.27380966099997, 43.58877223200005], [-80.27381536099995, 43.58874843200005], [-80.27382796199998, 43.58873033200007], [-80.27382866099998, 43.58868533200007], [-80.27382915999993, 43.58864043200003], [-80.27382916199997, 43.58864033200007], [-80.27382956099996, 43.58860443200007], [-80.27383025999995, 43.58855043200003], [-80.27383026099994, 43.58855033200007], [-80.27384346099996, 43.58847843200004], [-80.27386896099995, 43.58841563200008], [-80.27389446099994, 43.58836163200004], [-80.27391976099995, 43.58831673200007], [-80.27394486099996, 43.58828993200007], [-80.27395736099999, 43.58827203200008], [-80.27397026099999, 43.58823613200008], [-80.27398306099997, 43.58820013200005], [-80.27400846099994, 43.58815513200005], [-80.27402126099997, 43.58811933200008], [-80.27404626099997, 43.58810153200005], [-80.27405886099996, 43.58808363200006], [-80.27405896099998, 43.58807903200005], [-80.27405906099995, 43.58806563200005], [-80.27413416099995, 43.58799403200004], [-80.27415936099999, 43.58796713200007], [-80.27417186099996, 43.58795823200006], [-80.27419656099994, 43.58792303200005], [-80.27419696099997, 43.58792233200006], [-80.27420976099995, 43.58789543200004], [-80.27423506099996, 43.58785053200006], [-80.27424776099997, 43.58782363200004], [-80.27426046099998, 43.58779663200005], [-80.27429816099999, 43.58775203200003], [-80.27433606099999, 43.58768923200006], [-80.27438636099998, 43.58762653200006], [-80.27442436099994, 43.58757273200007], [-80.27447476099996, 43.58749193200003], [-80.27452496199999, 43.58743833200003], [-80.27457526199998, 43.58737553200007], [-80.27459762699993, 43.58734769700004], [-80.27462546199996, 43.58731293200003], [-80.27465041199997, 43.58726578200003], [-80.27466356199994, 43.58724083200008], [-80.27470146199994, 43.58716913200004], [-80.27473926199997, 43.58712443200005], [-80.27476441199997, 43.58709308200008], [-80.27478956199997, 43.58706163200003], [-80.27481516199998, 43.58699883200006], [-80.27484036199996, 43.58696303200003], [-80.27486566199997, 43.58691813200005], [-80.27487846199995, 43.58688223200005], [-80.27489136199995, 43.58683723200005], [-80.27491646199996, 43.58681043200005], [-80.27492896199999, 43.58680153200004], [-80.27497896199998, 43.58676573200006], [-80.27501646199994, 43.58673903100004], [-80.27504176199994, 43.58669423100008], [-80.27505476199997, 43.58664013100008], [-80.27508036199998, 43.58656843100005], [-80.27511826199998, 43.58651453100003], [-80.27513126199995, 43.58646053100006], [-80.27515646199998, 43.58641583100007], [-80.27519436199998, 43.58636183100003], [-80.27521986199997, 43.58630803100004], [-80.27523266199995, 43.58627223100007], [-80.27527016199997, 43.58623633100007], [-80.27529546199997, 43.58620063100005], [-80.27532066199996, 43.58615573100008], [-80.27533366199998, 43.58611973100005], [-80.27533396199993, 43.58607473100005], [-80.27533456199995, 43.58603863100006], [-80.27532256199999, 43.58599353100004], [-80.27532326199997, 43.58593963100003], [-80.27533636199996, 43.58588563100005], [-80.27534936199999, 43.58583173100004], [-80.27536216199996, 43.58579573100008], [-80.27537496199994, 43.58576893100008], [-80.27537536099999, 43.58573292900007], [-80.27536936199994, 43.58571483100008], [-80.27536336199995, 43.58569683100006], [-80.27535121199998, 43.58567868100005], [-80.27533906199994, 43.58566063100005], [-80.27531446199998, 43.58564243100005], [-80.27531442699996, 43.58564237900003], [-80.27531436199996, 43.58564233100003], [-80.27529016199998, 43.58560633100006], [-80.27526576199995, 43.58557913100003], [-80.27526334999999, 43.58557185500007], [-80.27525366199995, 43.58554303100004], [-80.27524176199995, 43.58550683100003], [-80.27523006199993, 43.58545283100005], [-80.27522045699999, 43.58540833600006], [-80.27521836199998, 43.58539873100005], [-80.27521836299996, 43.58539863100003], [-80.27521896199994, 43.58534473100008], [-80.27519486199998, 43.58529053100006], [-80.27519486299997, 43.58529043100003], [-80.27519546199994, 43.58523643100006], [-80.27520856199999, 43.58518243100008], [-80.27523376199997, 43.58514673100007], [-80.27527146199998, 43.58510193100005], [-80.27529666199996, 43.58506593100003], [-80.27530711399999, 43.58505118300008], [-80.27532186199994, 43.58503023100008], [-80.27534716199995, 43.58498533100004], [-80.27535996199998, 43.58494933100008], [-80.27537276199996, 43.58491343100007], [-80.27539796199994, 43.58487763100004], [-80.27539836199998, 43.58484153100005], [-80.27538646199997, 43.58481463100003], [-80.27538666199996, 43.58478753100007], [-80.27538736099996, 43.58474253100007], [-80.27538736199995, 43.58474243100005], [-80.27538943399998, 43.58473377500007], [-80.27540016199998, 43.58468843100007], [-80.27543796199996, 43.58464363100006], [-80.27545076199993, 43.58460783100003], [-80.27546166199994, 43.58457013100008], [-80.27546376199996, 43.58456293100005], [-80.27546426099997, 43.58451783100003], [-80.27546426199996, 43.58451773100006], [-80.27547696199997, 43.58448193100003], [-80.27547736199995, 43.58445493100004], [-80.27549016199998, 43.58441903100004], [-80.27551546199999, 43.58438303100007], [-80.27555306199997, 43.58433833100003], [-80.27559066199996, 43.58430243100003], [-80.27559116099997, 43.58426663100005], [-80.27559116199996, 43.58426653100003], [-80.27560386199997, 43.58423963100006], [-80.27560446099994, 43.58419463100006], [-80.27560446299998, 43.58419453100004], [-80.27560486199997, 43.58415863100004], [-80.27559286199994, 43.58412253100005], [-80.27558096199994, 43.58408643100006], [-80.27558096299998, 43.58408633100004], [-80.27558136199997, 43.58404143100006], [-80.27556966199995, 43.58398723100004], [-80.27557026199997, 43.58394223100004], [-80.27558306199995, 43.58389723100004], [-80.27560816199997, 43.58387943100007], [-80.27563336199995, 43.58383453100004], [-80.27564626199995, 43.58380763100007], [-80.27564666199999, 43.58376273100004], [-80.27564716199998, 43.58372653100002], [-80.27564756199996, 43.58368163100005], [-80.27564826199995, 43.58363653100002], [-80.27564886199997, 43.58358253100005], [-80.27567436199996, 43.58352873100006], [-80.27568716199994, 43.58349283100006], [-80.27571236199998, 43.58345693100006], [-80.27572506199994, 43.58342993100007], [-80.27572526199998, 43.58340293100008], [-80.27573826199995, 43.58335803100005], [-80.27573866199998, 43.58332193100006], [-80.27573936199997, 43.58326803100005], [-80.27572736199994, 43.58324083100007], [-80.27570916299999, 43.58322293000003], [-80.27569056099998, 43.58320473100008], [-80.27565386099997, 43.58316843000006], [-80.27565376099994, 43.58316833100008], [-80.27564186099994, 43.58313223100004], [-80.27562966099998, 43.58312323100006], [-80.27560516099999, 43.58309613100005], [-80.27556836099996, 43.58307783100003], [-80.27556320299999, 43.58307401500008], [-80.27554376099994, 43.58305973100005], [-80.27551350699997, 43.58304852400005], [-80.27549446099994, 43.58304153100005], [-80.27546976099995, 43.58302323100003], [-80.27543276099993, 43.58301393100004], [-80.27537116099995, 43.58298643100005], [-80.27532206099994, 43.58295933100004], [-80.27528496099995, 43.58294103100008], [-80.27524826099994, 43.58289573100006], [-80.27521166099996, 43.58285953100005], [-80.27517496099995, 43.58281423100004], [-80.27514279399998, 43.58278436600006], [-80.27512606099998, 43.58276893100003], [-80.27510828899995, 43.58275570300003], [-80.27509506099994, 43.58274593100003], [-80.27508916099998, 43.58274163100003], [-80.27507081099998, 43.58272348100007], [-80.27505246099997, 43.58270543100008], [-80.27500336099996, 43.58266913100005], [-80.27495426099995, 43.58263273100005], [-80.27491746099997, 43.58261443100002], [-80.27489266099997, 43.58260523100006], [-80.27488036099999, 43.58259623100002], [-80.27485596099996, 43.58256913100007], [-80.27480666099996, 43.58255083100005], [-80.27476497699996, 43.58254291500003], [-80.27475706099995, 43.58254143100004], [-80.27474971299995, 43.58253957900007], [-80.27472016099995, 43.58253223100007], [-80.27469035299998, 43.58252483900003], [-80.27468296099994, 43.58252303100005], [-80.27466446099999, 43.58251838100006], [-80.27460906099998, 43.58250453100004], [-80.27457216099998, 43.58247723100004], [-80.27454756099996, 43.58245913100006], [-80.27452916099998, 43.58244083100004], [-80.27451086099995, 43.58242273100007], [-80.27449065099995, 43.58239784100004], [-80.27447416099994, 43.58237763100004], [-80.27444956099998, 43.58236843100008], [-80.27442566099995, 43.58229623100004], [-80.27441376099995, 43.58226003100003], [-80.27441435999998, 43.58220612900004], [-80.27440266099995, 43.58215203100008], [-80.27440336099994, 43.58209803100004], [-80.27439156099996, 43.58204383100008], [-80.27439215999993, 43.58199903100007], [-80.27439216199997, 43.58199893100004], [-80.27439276099994, 43.58194483100004], [-80.27439345999994, 43.58189082800004], [-80.27438166099995, 43.58183673100007], [-80.27438205999994, 43.58180073100004], [-80.27438206199997, 43.58180063100008], [-80.27438256099998, 43.58176463100006], [-80.27440796099995, 43.58171073100004], [-80.27442086099995, 43.58167493100007], [-80.27444596099997, 43.58163903100007], [-80.27447126099997, 43.58159423100005], [-80.27449656099998, 43.58154933100008], [-80.27452176099996, 43.58151353100004], [-80.27455966099996, 43.58145963100003], [-80.27458516099995, 43.58140573100007], [-80.27459786099996, 43.58136093100006], [-80.27461086099999, 43.58131593100006], [-80.27461837599998, 43.58128977300004], [-80.27462366099996, 43.58127113100005], [-80.27461718999996, 43.58124591600006], [-80.27461196099995, 43.58122593100006], [-80.27461246099995, 43.58118093100006], [-80.27461295999996, 43.58114492900006], [-80.27460998599997, 43.58113590600004], [-80.27460096099998, 43.58110883100005], [-80.27458522199998, 43.58107937000005], [-80.27457676099993, 43.58106363100006], [-80.27457676099993, 43.58106353100004], [-80.27457695999993, 43.58104563000006], [-80.27456466099994, 43.58103653100005], [-80.27452806099996, 43.58100033000005], [-80.27452796099999, 43.58100023100008], [-80.27451596099996, 43.58096423100005], [-80.27450644099997, 43.58093527100004], [-80.27450406099996, 43.58092813100006], [-80.27450406099996, 43.58092803100004], [-80.27450407199996, 43.58092724200003], [-80.27450486099997, 43.58086513000006], [-80.27450576099994, 43.58080203000003], [-80.27451096099998, 43.58078873000005], [-80.27453116099997, 43.58073923000006], [-80.27453176099993, 43.58067613000003], [-80.27453236099996, 43.58063113000003], [-80.27454526099996, 43.58059523000003], [-80.27454575999997, 43.58055032800007], [-80.27454283599997, 43.58054135500004], [-80.27453386099995, 43.58051413000004], [-80.27452166099994, 43.58049593000004], [-80.27450936099996, 43.58048693000006], [-80.27447256099998, 43.58045973000003], [-80.27446026099994, 43.58044163000005], [-80.27443566099998, 43.58043243000003], [-80.27443560499995, 43.58043234600007], [-80.27443556099996, 43.58043233000006], [-80.27442765099994, 43.58042053000003], [-80.27441136099998, 43.58039633000004], [-80.27441136199997, 43.58039623000008], [-80.27441166099999, 43.58036933000005], [-80.27441205999997, 43.58034223000004], [-80.27441206099996, 43.58034213000008], [-80.27441255999997, 43.58029723000004], [-80.27441256099996, 43.58029713000008], [-80.27441256499998, 43.58029683400008], [-80.27441286099997, 43.58027023000005], [-80.27441305999997, 43.58025232900007], [-80.27440706099998, 43.58023873000008], [-80.27440106099993, 43.58022523000005], [-80.27440106099993, 43.58022513000003], [-80.27440115999997, 43.58021613000005], [-80.27437656099994, 43.58019803000008], [-80.27436256099998, 43.58018753000005], [-80.27435206099995, 43.58017973000005], [-80.27433996099995, 43.58015283000003], [-80.27432806099995, 43.58012563000005], [-80.27432807599996, 43.58012556500006], [-80.27432806099995, 43.58012553000003], [-80.27434096099995, 43.58007163000008], [-80.27434145999996, 43.58003573000008], [-80.27434146099995, 43.58003563000005], [-80.27435396099997, 43.58001763000004], [-80.27437886099995, 43.58000883000005], [-80.27441646099999, 43.57998213000008], [-80.27445396099995, 43.57994623000008], [-80.27447886099998, 43.57993743000003], [-80.27450356099996, 43.57993753000005], [-80.27452846099999, 43.57992873000006], [-80.27455346099998, 43.57991093000004], [-80.27457836099995, 43.57990213000005], [-80.27460326099998, 43.57988433000003], [-80.27461606099996, 43.57985723000007], [-80.27464126099994, 43.57982153000006], [-80.27465416199999, 43.57977643000004], [-80.27465456099998, 43.57974053000004], [-80.27466766199996, 43.57968653000006], [-80.27466836099995, 43.57962353000005], [-80.27466916099996, 43.57956953000007], [-80.27468226099995, 43.57949753000003], [-80.27469526099998, 43.57944363000007], [-80.27470846199998, 43.57938963000004], [-80.27470886099997, 43.57934473000006], [-80.27472206099998, 43.57928173000005], [-80.27472256099998, 43.57923673000005], [-80.27471086099996, 43.57918273000007], [-80.27471086199995, 43.57918263000005], [-80.27471146099998, 43.57912863000007], [-80.27469966099994, 43.57908353000005], [-80.27469668599997, 43.57907450500005], [-80.27468766099997, 43.57904743000006], [-80.27467576099997, 43.57900233000004], [-80.27465156099998, 43.57895713000005], [-80.27463941099995, 43.57893903000007], [-80.27462726099998, 43.57892103000006], [-80.27461593499999, 43.57890698100005], [-80.27459056099997, 43.57887573000005], [-80.27458087399998, 43.57883830500003], [-80.27457886099995, 43.57883063000003], [-80.27455466099997, 43.57877643000006], [-80.27453056099995, 43.57872233000006], [-80.27451886099999, 43.57866803000007], [-80.27448246099993, 43.57860493000004], [-80.27447056099999, 43.57855983000007], [-80.27445876099995, 43.57851473000005], [-80.27443426099995, 43.57848753000007], [-80.27443466099999, 43.57845153000005], [-80.27442572999996, 43.57842436100003], [-80.27442276099998, 43.57841543000006], [-80.27441086099998, 43.57837933000008], [-80.27439906099994, 43.57832523000008], [-80.27437506099994, 43.57826213000004], [-80.27435106099995, 43.57819883000008], [-80.27436426099996, 43.57812693000005], [-80.27436476099996, 43.57808193000005], [-80.27439016099999, 43.57803703000008], [-80.27441556099996, 43.57798323000003], [-80.27444076099994, 43.57793813000006], [-80.27447886099998, 43.57787553000003], [-80.27451646099996, 43.57783073000007], [-80.27454156099998, 43.57780393000007], [-80.27459155799994, 43.57775922700006], [-80.27459166299997, 43.57775913200004], [-80.27462926099997, 43.57772343000005], [-80.27466676099993, 43.57769673000007], [-80.27470406099997, 43.57767883000002], [-80.27471843499995, 43.57766956700004], [-80.27475486099996, 43.57764593000007], [-80.27482646099998, 43.57761103000007], [-80.27487406099993, 43.57757873000003], [-80.27489916099995, 43.57755353000005], [-80.27492436099999, 43.57751883000003], [-80.27492441899994, 43.57751878700003], [-80.27492446099996, 43.57751873000007], [-80.27495866099997, 43.57749373000007], [-80.27499976099995, 43.57747933000007], [-80.27502476099994, 43.57746813000006], [-80.27504436099997, 43.57745203000007], [-80.27505706099998, 43.57742683000004], [-80.27506956099995, 43.57740373000007], [-80.27509536099996, 43.57738533000003], [-80.27513046099995, 43.57737093000003], [-80.27515557899994, 43.57736579500005], [-80.27517556099997, 43.57736163000004], [-80.27520736099996, 43.57735223000003], [-80.27523906099998, 43.57735193100007], [-80.27525536099995, 43.57734083000003], [-80.27526866099998, 43.57732453000006], [-80.27527756099994, 43.57730373000004], [-80.27529096099994, 43.57728083000006], [-80.27530776099997, 43.57724653000002], [-80.27532726099997, 43.57722353000003], [-80.27535616099993, 43.57720683000008], [-80.27538096099994, 43.57720033000004], [-80.27540976099993, 43.57718873000005], [-80.27543926099997, 43.57718383000008], [-80.27546726099996, 43.57717223000003], [-80.27551876099994, 43.57713753000007], [-80.27556576099994, 43.57709353000007], [-80.27559375699997, 43.57707062500003], [-80.27559386399997, 43.57707053400003], [-80.27562596099995, 43.57704253000003], [-80.27565726099994, 43.57701303000005], [-80.27568166099996, 43.57698043000005], [-80.27570624499998, 43.57693965700003], [-80.27570396099998, 43.57692953000003], [-80.27569846099993, 43.57690353000004], [-80.27569296099995, 43.57687763000007], [-80.27569296299998, 43.57687753000005], [-80.27569536099998, 43.57680663000008], [-80.27570306099994, 43.57674263000007], [-80.27573396099996, 43.57668773000006], [-80.27575406699998, 43.57662303100005], [-80.27576175499996, 43.57656122900005], [-80.27576176599996, 43.57656113100006], [-80.27577355399995, 43.57647912900006], [-80.27577356499995, 43.57647903100008], [-80.27578086099999, 43.57639203000008], [-80.27579646099997, 43.57624513000007], [-80.27579206299998, 43.57616523000007], [-80.27578056099998, 43.57608813000007], [-80.27576406099996, 43.57604473000004], [-80.27574066099999, 43.57599443000004], [-80.27569056099998, 43.57597673000004], [-80.27564411599997, 43.57596907500005], [-80.27563646099998, 43.57596783000002], [-80.27556706099995, 43.57595223000004], [-80.27553246099995, 43.57593623000002], [-80.27551336099998, 43.57591133000005], [-80.27551216399996, 43.57588392900004], [-80.27551216099994, 43.57588383000007], [-80.27554326099994, 43.57587203000003], [-80.27558746099999, 43.57586053000006], [-80.27560626199994, 43.57584441800003], [-80.27561183799997, 43.57582590600003], [-80.27560081099995, 43.57581453000006], [-80.27558976099994, 43.57580323000008], [-80.27554826099998, 43.57578333000004], [-80.27548566099995, 43.57576993000004], [-80.27542846099999, 43.57575893000006], [-80.27539706099998, 43.57573393000007], [-80.27538552799996, 43.57571106300003], [-80.27537966099999, 43.57569953000007], [-80.27537481099995, 43.57568228000008], [-80.27536996099997, 43.57566513000006], [-80.27536995499997, 43.57566503100003], [-80.27536646099998, 43.57563303000006], [-80.27536616199995, 43.57560153000003], [-80.27534376099999, 43.57558113000005], [-80.27531176399998, 43.57555332600003], [-80.27526416099994, 43.57552203000006], [-80.27524186099998, 43.57550393000002], [-80.27524186099998, 43.57550383000006], [-80.27524186099998, 43.57548983000004], [-80.27525386099995, 43.57547143000005], [-80.27526025699996, 43.57545773100003], [-80.27525886399997, 43.57543933000005], [-80.27522426099995, 43.57542163000005], [-80.27520526099994, 43.57539843000006], [-80.27519856099997, 43.57537593000006], [-80.27520496099999, 43.57535953000007], [-80.27522087599993, 43.57535064500007], [-80.27522976099993, 43.57534562900003], [-80.27525156099995, 43.57533902900008], [-80.27526106099998, 43.57532502900006], [-80.27525106099995, 43.57531152900003], [-80.27522276099995, 43.57529552900007], [-80.27520616099997, 43.57526392900007], [-80.27519646099995, 43.57522502900008], [-80.27518006099996, 43.57517482900005], [-80.27516616099996, 43.57510372900003], [-80.27516826099998, 43.57499192900008], [-80.27521016099996, 43.57485432900006], [-80.27521545599996, 43.57480362800004], [-80.27521546299994, 43.57480352900006], [-80.27521745799999, 43.57476262000006], [-80.27521096099997, 43.57473052900008], [-80.27521097299996, 43.57473048700007], [-80.27521096099997, 43.57473042900006], [-80.27521986099998, 43.57469842900008], [-80.27524176099996, 43.57467552900005], [-80.27524116099994, 43.57465012900008], [-80.27523796099996, 43.57460232900007], [-80.27522266099999, 43.57456852900003], [-80.27522136099998, 43.57456552900004], [-80.27517916099998, 43.57447642900007], [-80.27511526099994, 43.57438322900003], [-80.27505435999996, 43.57429672900003], [-80.27502175999996, 43.57423952900007], [-80.27500925999999, 43.57419402900007], [-80.27500505999996, 43.57414612900004], [-80.27500095999994, 43.57409322900003], [-80.27500425999995, 43.57407302900003], [-80.27501015999997, 43.57404322900004], [-80.27499295999996, 43.57398622900007], [-80.27498035999997, 43.57393772900008], [-80.27492885899994, 43.57385123000006], [-80.27479185999994, 43.57372002900007], [-80.27473707999997, 43.57366620900007], [-80.27468325999996, 43.57361342900003], [-80.27460315699994, 43.57352453200008], [-80.27460305799997, 43.57352443100007], [-80.27456175999998, 43.57348602900004], [-80.27453473899999, 43.57347505000007], [-80.27452375999997, 43.57347062300005], [-80.27451786299997, 43.57346992600003], [-80.27446755999995, 43.57346402900004], [-80.27442285999996, 43.57344792900005], [-80.27438505999999, 43.57343702900005], [-80.27436762999997, 43.57342225900004], [-80.27435285999996, 43.57340982900007], [-80.27433831099995, 43.57340167800004], [-80.27431215999997, 43.57338712900003], [-80.27426195999999, 43.57338502900006], [-80.27417615999997, 43.57336992900008], [-80.27406585999995, 43.57333442900006], [-80.27400215999995, 43.57328662900005], [-80.27394125999996, 43.57321142900003], [-80.27389065999995, 43.57316602900005], [-80.27386535999995, 43.57314342900003], [-80.27378275999996, 43.57312542900007], [-80.27375465999995, 43.57311812900008], [-80.27374042299994, 43.57311440300003], [-80.27372245999999, 43.57310982900003], [-80.27367675999994, 43.57310252900004], [-80.27366875999996, 43.57310142900008], [-80.27366615999995, 43.57310102900004], [-80.27359975999997, 43.57308992900005], [-80.27352105999995, 43.57306352900008], [-80.27350422299997, 43.57304900200006], [-80.27347285999997, 43.57302212900004], [-80.27344311699994, 43.57299131400003], [-80.27342845999993, 43.57297622900006], [-80.27339285999994, 43.57291692900003], [-80.27333915999998, 43.57287612900006], [-80.27327595999998, 43.57285382900005], [-80.27319705999997, 43.57284532900007], [-80.27316245999998, 43.57282492900003], [-80.27311115999998, 43.57278402900005], [-80.27307615999996, 43.57272922900006], [-80.27302855999994, 43.57269582900005], [-80.27297115999994, 43.57264752900005], [-80.27287615999995, 43.57262332900007], [-80.27281935999997, 43.57259632900008], [-80.27277165999999, 43.57256002900004], [-80.27277136099997, 43.57252582900003], [-80.27275956599993, 43.57250312900004], [-80.27274865999993, 43.57248222900006], [-80.27266555999995, 43.57237992900008], [-80.27258925599995, 43.57229353200006], [-80.27258915999994, 43.57229342900007], [-80.27261665999998, 43.57227312900005], [-80.27690462799995, 43.56910845200008], [-80.27658755999994, 43.56838702800007], [-80.27667305999995, 43.56832572800005], [-80.27819966099997, 43.56722942800008], [-80.27822616099996, 43.56721042800007], [-80.27827896099996, 43.56717252800007], [-80.27838136099996, 43.56709902800003], [-80.27838138199996, 43.56709908500005], [-80.27838146099998, 43.56709902800003], [-80.27869526999996, 43.56796327300003], [-80.27912316099997, 43.56914132800006], [-80.27915766099994, 43.56923622800008], [-80.27925856099995, 43.56916372800004], [-80.27928926099997, 43.56914172800003], [-80.27980646099996, 43.56877072800006], [-80.28174916199998, 43.56737722800005], [-80.28193376199994, 43.56724482800007], [-80.28552836299997, 43.56463312700004], [-80.28625073499995, 43.56410827200006], [-80.28666906299998, 43.56380422700005], [-80.28850516399996, 43.56241012700008], [-80.29136456499998, 43.56288892700007], [-80.29180568799995, 43.56296280300006], [-80.29444026599998, 43.56340392600003], [-80.29447334199995, 43.56342795000006], [-80.29449731599993, 43.56344529000006], [-80.29467296599995, 43.56331702600005], [-80.29472356599996, 43.56328002600003], [-80.29479336599996, 43.56322892600008], [-80.29783676699998, 43.56100422600008], [-80.29894966699999, 43.56018042600004], [-80.30008856699999, 43.55933742600007], [-80.30162066699995, 43.55820462500003], [-80.30347806799995, 43.55683892500008], [-80.30352316799997, 43.55680592500005], [-80.30361086799996, 43.55674162500003], [-80.30174226699995, 43.55538252500003], [-80.30174233599996, 43.55538247500004], [-80.30174226699995, 43.55538242500006], [-80.30183056699997, 43.55531862500004], [-80.30187596699994, 43.55528572500003], [-80.30306966799998, 43.55441792500005], [-80.30375396799997, 43.55392042400007], [-80.30407246799996, 43.55368892400003], [-80.30432686799998, 43.55350402400006], [-80.30458126799994, 43.55331902400007], [-80.30554286799997, 43.55262002400008], [-80.30580966799994, 43.55242592400003], [-80.30670366799995, 43.55177592400003], [-80.30759776899998, 43.55112592400008], [-80.30849706899994, 43.55047222400003], [-80.30876396899998, 43.55027812400004], [-80.30929796899994, 43.54988992300008], [-80.31039906899997, 43.54908912300004], [-80.31074976999997, 43.54883422300003], [-80.31159606999995, 43.54820702300003], [-80.31183796999994, 43.54802772300008], [-80.31318596999995, 43.54702862300007], [-80.31528847099997, 43.54547022200006], [-80.31588257099997, 43.54502962200007], [-80.31605587099995, 43.54490132200004], [-80.31735667099997, 43.54393702200008], [-80.31951947199997, 43.54233342200007], [-80.31960667199996, 43.54226882200004], [-80.31960672199995, 43.54226878500003], [-80.31974924699995, 43.54216370500006], [-80.32043697099994, 43.54265219700005], [-80.32069997399998, 43.54265174800003], [-80.32119822599998, 43.54227233800003], [-80.32155752399996, 43.54213981800007], [-80.32226561599998, 43.54202141800005], [-80.32983439099996, 43.53663707500004], [-80.32691272299996, 43.53452515600003], [-80.32691267299998, 43.53452512000007], [-80.32691007299996, 43.53452312000007], [-80.32646225899998, 43.53420063400006], [-80.32584027299998, 43.53375282000007], [-80.32557458599996, 43.53356150700006], [-80.32538327299994, 43.53342382000005], [-80.32476797299995, 43.53298082000003], [-80.32454298199997, 43.53281661100004], [-80.32423457199997, 43.53259162000006], [-80.32385187199998, 43.53231922000003], [-80.32324757199996, 43.53188252000007], [-80.32307417199996, 43.53175272000004], [-80.31957967099999, 43.52917901900003], [-80.31952227099998, 43.52913671900006], [-80.31916716999996, 43.52888201900004], [-80.31793436999999, 43.52797761900007], [-80.31620726899996, 43.52671081900007], [-80.31594406899995, 43.52651771900003], [-80.31412066799999, 43.52518021900005], [-80.31395276799998, 43.52504911900007], [-80.31136556699994, 43.52309421900003], [-80.31117296699995, 43.52294861900003], [-80.30927156699994, 43.52151171800006], [-80.30725229999996, 43.52002374300008], [-80.30720126599994, 43.52004311800005], [-80.29635236299998, 43.52417742000006], [-80.29530246199994, 43.52457742000007], [-80.29530242799996, 43.52457739500005], [-80.29530236199997, 43.52457742000007], [-80.29436326199999, 43.52389141000003], [-80.29401676199996, 43.52363832000003], [-80.29030946099994, 43.52092271900005], [-80.29013435999997, 43.52079441900003], [-80.28647135899996, 43.51811161900008], [-80.28418475799998, 43.51646131900003], [-80.28309455799996, 43.51567201900008], [-80.28303555799994, 43.51562921900006], [-80.28192185699999, 43.51482291900004], [-80.27821035599999, 43.51210921800003], [-80.27818505599998, 43.51209110600007], [-80.27812155599997, 43.51204571800008], [-80.27808457299994, 43.51201920100004], [-80.27803285599998, 43.51198221800007], [-80.27773070599994, 43.51176666800006], [-80.27742855599996, 43.51155121800008], [-80.27599640499994, 43.51258541900006], [-80.27456425499997, 43.51361971900008], [-80.27451465499996, 43.51358441900004], [-80.27447565499995, 43.51355661900004], [-80.27441995499998, 43.51351711900003], [-80.27432655499996, 43.51345081900007], [-80.27421755499995, 43.51337341900006], [-80.27395865499994, 43.51318951900004], [-80.27391503199993, 43.51315844200008], [-80.27385365499998, 43.51311481900007], [-80.27319825399996, 43.51264931900005], [-80.27280015399998, 43.51235911900005], [-80.27274675399997, 43.51249521900007], [-80.27116015399997, 43.51653701900005], [-80.27116005399995, 43.51653702400006], [-80.26951185699994, 43.51668412000004], [-80.26954285399995, 43.51733252000002], [-80.26903115299996, 43.51756342000004], [-80.26864975399997, 43.51924472000007], [-80.26864965399994, 43.51924472300004], [-80.26842025299999, 43.51925771700007], [-80.26842015299997, 43.51925772300007], [-80.26840855299997, 43.51925842000003], [-80.26822885299998, 43.51926872000007], [-80.26758175299994, 43.51930532000006], [-80.26767655299994, 43.51967052000003], [-80.26767675299999, 43.51967152000003], [-80.26449509299994, 43.52198595100003], [-80.26429115099995, 43.52182303300003], [-80.26439646199998, 43.52168747300004], [-80.26452775099995, 43.52120385300003], [-80.26454446099996, 43.52093358200005], [-80.26443272299997, 43.52042693800007], [-80.26441144699999, 43.52033021300008], [-80.26444194299995, 43.52018862500006], [-80.26442031499994, 43.52010106800003], [-80.26440887999996, 43.52007333200004], [-80.26436707899995, 43.52002207800007], [-80.26429404199996, 43.51997022200004], [-80.26423402999995, 43.51990486100004], [-80.26416417799999, 43.51977050900007], [-80.26413341399996, 43.51959563500003], [-80.26413997899994, 43.51942607100005], [-80.26421634999997, 43.51923033300005], [-80.26436318499998, 43.51882956100008], [-80.26447088799995, 43.51830880000006], [-80.26445741399993, 43.51801042700004], [-80.26448130299997, 43.51787788900003], [-80.26450572599998, 43.51773159600003], [-80.26447053199996, 43.51767129600006], [-80.26437334099995, 43.51743552200003], [-80.26433366899994, 43.51732927200004], [-80.26433757299998, 43.51722844700004], [-80.26437431499994, 43.51708698200008], [-80.26438375699996, 43.51700461200005], [-80.26438588499997, 43.51694961300007], [-80.26433127699994, 43.51679661900005], [-80.26430758099997, 43.51673022400007], [-80.26417570999996, 43.51682681000005], [-80.26418468199995, 43.51673833400008], [-80.26401922599996, 43.51627180700007], [-80.26381762199998, 43.51589403100007], [-80.26348937599994, 43.51565735100007], [-80.26342856899998, 43.51559260500005], [-80.26292986199996, 43.51523431200008], [-80.26267536899996, 43.51504240700007], [-80.26221995199995, 43.51486803400007], [-80.26165658499997, 43.51473902400005], [-80.26151674399995, 43.51463818900004], [-80.26125667799994, 43.51418463200008], [-80.26118564999996, 43.51396539800004], [-80.26117089699994, 43.51377833900005], [-80.26108225899998, 43.51352680100007], [-80.26071476699997, 43.51319739200005], [-80.26051846399997, 43.51303342800003], [-80.26014534999996, 43.51273075900008], [-80.25974339899994, 43.51245209600006], [-80.25969708599996, 43.51239117600005], [-80.25965981299998, 43.51231874000007], [-80.25960627499995, 43.51221469400008], [-80.25939984999997, 43.51236641900005], [-80.25960625199997, 43.51221464900004], [-80.25973001599993, 43.51212364400004], [-80.25972034999995, 43.51210251900005], [-80.25971064999999, 43.51208141900003], [-80.25970237899998, 43.51207046100006], [-80.25968314999994, 43.51204521900007], [-80.25961144999997, 43.51196371900005], [-80.25960574999993, 43.51195741900005], [-80.25952394799998, 43.51186872100004], [-80.25952385399995, 43.51186861500003], [-80.25950624599994, 43.51184781900002], [-80.25940874999998, 43.51173271900007], [-80.25928364999999, 43.51159241900007], [-80.25923499399994, 43.51155077500005], [-80.25919334999998, 43.51151521900005], [-80.25908414999998, 43.51140201900006], [-80.25904380899993, 43.51137423700004], [-80.25903124999996, 43.51136561900006], [-80.25903115299997, 43.51136551600007], [-80.25902380199994, 43.51135711900008], [-80.25897174999994, 43.51129771900003], [-80.25893734999994, 43.51126591900004], [-80.25883104999997, 43.51116611900005], [-80.25876874999994, 43.51107581900004], [-80.25866304999994, 43.51099401900007], [-80.25858514999999, 43.51091701900003], [-80.25855084799997, 43.51089211500005], [-80.25854144999994, 43.51088531900007], [-80.25854134599996, 43.51088522400005], [-80.25841274999993, 43.51077631900006], [-80.25833174899998, 43.51071281900005], [-80.25824164899996, 43.51066171900004], [-80.25816274899995, 43.51061711900007], [-80.25795934899998, 43.51049421900007], [-80.25790354899993, 43.51044421900008], [-80.25779724899996, 43.51035361900006], [-80.25774734899994, 43.51024971900006], [-80.25769144899994, 43.51015031900005], [-80.25763554899999, 43.51010031900006], [-80.25755724899994, 43.51005941900007], [-80.25753874899993, 43.51005021900005], [-80.25752644899995, 43.51004121900007], [-80.25746514899998, 43.50999631900004], [-80.25744419099993, 43.50996001900006], [-80.25742884899995, 43.50993351900007], [-80.25739224899996, 43.50988891900005], [-80.25731874899998, 43.50983561900006], [-80.25724464899997, 43.50981821900007], [-80.25712114899994, 43.50979211900005], [-80.25704694899997, 43.50980111900003], [-80.25697274899994, 43.50980181900007], [-80.25695789199995, 43.50979463300007], [-80.25693584899994, 43.50978411900007], [-80.25689904899997, 43.50975741900004], [-80.25688704899994, 43.50972191900007], [-80.25688704899994, 43.50972181900005], [-80.25688774799994, 43.50966841900004], [-80.25688774299994, 43.50966832000006], [-80.25688630199994, 43.50965701900003], [-80.25687634899998, 43.50957931900007], [-80.25685264899994, 43.50950891900004], [-80.25682914899994, 43.50940241900003], [-80.25682914299995, 43.50940232000005], [-80.25681794899998, 43.50930501900007], [-80.25680685499998, 43.50920761800006], [-80.25680684299994, 43.50920752000007], [-80.25679564899997, 43.50910961900007], [-80.25677697199995, 43.50903979600002], [-80.25677194899998, 43.50902111900007], [-80.25672444899999, 43.50886941900006], [-80.25671244899996, 43.50883381900007], [-80.25671294899996, 43.50877971900007], [-80.25668874899998, 43.50874421900005], [-80.25667704899996, 43.50869911900003], [-80.25665244899994, 43.50868151900005], [-80.25660324899997, 43.50865421900005], [-80.25658844899993, 43.50864351900003], [-80.25656654899996, 43.50862761900004], [-80.25654224899995, 43.50859131900006], [-80.25654274899995, 43.50854631900006], [-80.25651864899999, 43.50849261900004], [-80.25648174899999, 43.50847451900006], [-80.25643244899999, 43.50846561900005], [-80.25634614899997, 43.50843861900006], [-80.25629704899995, 43.50840281900003], [-80.25629699399997, 43.50840275200005], [-80.25629694899999, 43.50840271900006], [-80.25629033799999, 43.50839461900006], [-80.25626054899999, 43.50835821900006], [-80.25624212299994, 43.50833994500005], [-80.25622384899998, 43.50832191900002], [-80.25620574899995, 43.50829056900005], [-80.25618754899995, 43.50825921900008], [-80.25615985199994, 43.50821847100008], [-80.25615094899996, 43.50820541900003], [-80.25610294899997, 43.50808871900006], [-80.25609094899994, 43.50806161900005], [-80.25607784299996, 43.50803741900006], [-80.25606675199998, 43.50801701700004], [-80.25606165599999, 43.50801132000004], [-80.25601804799999, 43.50796261900007], [-80.25595674799996, 43.50790881900008], [-80.25592034799996, 43.50785521900008], [-80.25588374799997, 43.50781881900008], [-80.25584714799999, 43.50776521900008], [-80.25579834799998, 43.50771981900004], [-80.25576184799996, 43.50766551900006], [-80.25571254799996, 43.50764771900003], [-80.25566324799996, 43.50762041900003], [-80.25562664799997, 43.50759311900003], [-80.25558984799994, 43.50757491900004], [-80.25558981899997, 43.50757485400004], [-80.25558974799998, 43.50757481900007], [-80.25557754799996, 43.50754781900008], [-80.25556574799998, 43.50752071900007], [-80.25554134799995, 43.50748451900006], [-80.25552954799997, 43.50743941900004], [-80.25551764799997, 43.50740331900005], [-80.25551269599998, 43.50739597100005], [-80.25550534799999, 43.50738521900007], [-80.25548114799994, 43.50734911900003], [-80.25545674799997, 43.50732191900005], [-80.25543587399994, 43.50728551900005], [-80.25542034799997, 43.50725851900006], [-80.25537174799996, 43.50719531900006], [-80.25528604799996, 43.50712271900005], [-80.25525655899997, 43.50708611900006], [-80.25524944799997, 43.50707731800003], [-80.25517654799995, 43.50695991800006], [-80.25515573799998, 43.50694442800005], [-80.25512764799998, 43.50692361800003], [-80.25511124699995, 43.50690331900006], [-80.25509094799997, 43.50687831800008], [-80.25507277299994, 43.50686019300008], [-80.25505444799995, 43.50684201800004], [-80.25503322999998, 43.50682633600007], [-80.25501754799996, 43.50681481800007], [-80.25498084799995, 43.50678811800003], [-80.25496894799994, 43.50675201800004], [-80.25496894899999, 43.50675191800008], [-80.25496954799996, 43.50669801800007], [-80.25497014699994, 43.50665311600005], [-80.25496270899998, 43.50663635700005], [-80.25494594799994, 43.50659881800004], [-80.25490964799997, 43.50654451800006], [-80.25487304799998, 43.50649981800007], [-80.25484088099995, 43.50646995300008], [-80.25482414799995, 43.50645451800006], [-80.25480014799996, 43.50639141800008], [-80.25480014899995, 43.50639131800006], [-80.25480114799996, 43.50631031800003], [-80.25478994799994, 43.50622011800004], [-80.25477854799999, 43.50613961800008], [-80.25477944799997, 43.50606751800007], [-80.25480524899996, 43.50597761800003], [-80.25480584799999, 43.50593261800003], [-80.25484394799997, 43.50586081800003], [-80.25484611499996, 43.50584761800008], [-80.25485714799999, 43.50577991800003], [-80.25484722699997, 43.50573396000004], [-80.25484544799997, 43.50572581800003], [-80.25483364799999, 43.50568071800006], [-80.25482174799998, 43.50564461800008], [-80.25482174199999, 43.50564451900004], [-80.25481044799994, 43.50555441800003], [-80.25481114699994, 43.50550051800008], [-80.25481114799999, 43.50550041800005], [-80.25481755299995, 43.50548245400006], [-80.25482393599998, 43.50546445200007], [-80.25481814799997, 43.50543291800005], [-80.25481234799997, 43.50540141800008], [-80.25481234799997, 43.50540131800005], [-80.25481364699993, 43.50529281800004], [-80.25481364899997, 43.50529271800008], [-80.25481404799996, 43.50526581800005], [-80.25479024799995, 43.50518461800004], [-80.25479124799995, 43.50510361800008], [-80.25475534799995, 43.50500421800007], [-80.25474414799999, 43.50491421800007], [-80.25473284799995, 43.50482411800004], [-80.25468424799999, 43.50476071800006], [-80.25466014799997, 43.50469751800006], [-80.25463904499998, 43.50468182100008], [-80.25462334799994, 43.50467021800006], [-80.25460519799998, 43.50465216800006], [-80.25458684799997, 43.50463401800005], [-80.25456202399994, 43.50462184200006], [-80.25454984799995, 43.50461591800007], [-80.25451914799999, 43.50459261800006], [-80.25451304799998, 43.50458791800003], [-80.25450084799996, 43.50457891800005], [-80.25445134799998, 43.50456951800004], [-80.25440194799995, 43.50456021800005], [-80.25439344799997, 43.50455711800004], [-80.25437754799998, 43.50455121800007], [-80.25432794799997, 43.50454171800004], [-80.25430374799998, 43.50450561800005], [-80.25429834799996, 43.50449871800004], [-80.25426724799996, 43.50446031800004], [-80.25424274799997, 43.50444211800004], [-80.25418174799995, 43.50436971800008], [-80.25415754799997, 43.50432451800003], [-80.25413364799994, 43.50427031800007], [-80.25410934799999, 43.50422521800004], [-80.25409734799996, 43.50418911800006], [-80.25411034799998, 43.50414411800006], [-80.25413584799998, 43.50409031800007], [-80.25417334799994, 43.50404551800005], [-80.25418634799996, 43.50400051800005], [-80.25418704799995, 43.50393751800004], [-80.25418794799998, 43.50386541800003], [-80.25417624799996, 43.50381151800008], [-80.25416434799996, 43.50376621800007], [-80.25415274799997, 43.50372111800004], [-80.25414084799996, 43.50368501800006], [-80.25411674799994, 43.50362191800008], [-80.25409254699997, 43.50357671800003], [-80.25406844699995, 43.50353151800005], [-80.25408174699999, 43.50345061800004], [-80.25409514699999, 43.50336061800004], [-80.25410854699999, 43.50327971800004], [-80.25414704699995, 43.50318101800008], [-80.25417304699994, 43.50306391800007], [-80.25419904699999, 43.50297401800003], [-80.25421254699995, 43.50288351800003], [-80.25418884699997, 43.50278441800003], [-80.25418964699998, 43.50272131800006], [-80.25417854699998, 43.50262231800008], [-80.25417884699993, 43.50258611800007], [-80.25416694699999, 43.50255921800004], [-80.25415474699997, 43.50254111800007], [-80.25414834699995, 43.50251671800004], [-80.25414294699993, 43.50249591800008], [-80.25413114699995, 43.50245991800006], [-80.25405974699999, 43.50234571800007], [-80.25404624699996, 43.50232411800005], [-80.25402164699995, 43.50230611800004], [-80.25402174699997, 43.50229711800006], [-80.25403454699995, 43.50226101800007], [-80.25404734699998, 43.50223421800007], [-80.25405984699995, 43.50220731800005], [-80.25407264699999, 43.50218041800008], [-80.25409774699995, 43.50215361800008], [-80.25412284699996, 43.50211761800006], [-80.25412334699996, 43.50208151800007], [-80.25411134699993, 43.50204551800005], [-80.25409954699995, 43.50200031800006], [-80.25408774699997, 43.50195531800006], [-80.25407594699999, 43.50190121800006], [-80.25405174699995, 43.50186501800005], [-80.25402784699997, 43.50180241800007], [-80.25402824699995, 43.50176631800008], [-80.25401644699997, 43.50172131800008], [-80.25400484699998, 43.50165821800005], [-80.25399294699997, 43.50161311800008], [-80.25400604699996, 43.50155921800007], [-80.25400684699997, 43.50149611800003], [-80.25399514699996, 43.50144251800003], [-80.25398354699996, 43.50138851800006], [-80.25395934699998, 43.50133431800003], [-80.25394754699994, 43.50128911800005], [-80.25391114699994, 43.50123501800005], [-80.25387464699998, 43.50118071800006], [-80.25383804699999, 43.50113601800007], [-80.25380164699999, 43.50108171800008], [-80.25376524699999, 43.50102751800006], [-80.25374104699995, 43.50098231800007], [-80.25374204699995, 43.50090121700003], [-80.25373044699995, 43.50083871700008], [-80.25371914699997, 43.50074861700006], [-80.25370734699999, 43.50070351700003], [-80.25372044699998, 43.50064051700008], [-80.25370904699997, 43.50056831700005], [-80.25369784699996, 43.50046931700007], [-80.25369884699995, 43.50038831700004], [-80.25368734699998, 43.50031621700003], [-80.25366354699997, 43.50024391700003], [-80.25363964699994, 43.50017171700006], [-80.25361594699996, 43.50009051700005], [-80.25359174699997, 43.50004481700006], [-80.25358014699998, 43.49999081700003], [-80.25354374699998, 43.49992751700006], [-80.25349524699999, 43.49984611700006], [-80.25348304699997, 43.49983651700006], [-80.25344624699994, 43.49980921700006], [-80.25342194699994, 43.49978201700003], [-80.25338504699994, 43.49976381700003], [-80.25331124699994, 43.49972731700007], [-80.25322514699997, 43.49968111700008], [-80.25311394699997, 43.49966241700002], [-80.25302784699994, 43.49964381700005], [-80.25295374699994, 43.49962481700004], [-80.25287994699994, 43.49958831700008], [-80.25279394699999, 43.49954271700005], [-80.25275684699994, 43.49954251700007], [-80.25270744699998, 43.49953301700003], [-80.25264574699997, 43.49952361700008], [-80.25259604699994, 43.49954141700005], [-80.25254654699995, 43.49954101700007], [-80.25247204699997, 43.49956761700003], [-80.25243484699996, 43.49958551700007], [-80.25238484699997, 43.49962111700006], [-80.25234754699994, 43.49962981700003], [-80.25231024699997, 43.49964761700005], [-80.25227314699998, 43.49964731700004], [-80.25213724699995, 43.49964641700006], [-80.25211244699994, 43.49964681700004], [-80.25207534599997, 43.49963761700008], [-80.25201354599994, 43.49963721700004], [-80.25196394599999, 43.49965491700004], [-80.25193774599995, 43.49966871700008], [-80.25191404599997, 43.49968161700008], [-80.25188274599998, 43.49969271700007], [-80.25186434599993, 43.49969911700003], [-80.25186254599998, 43.49970051700006], [-80.25183934599994, 43.49971711700005], [-80.25177754599997, 43.49971721700007], [-80.25172824599997, 43.49970791700008], [-80.25166614599993, 43.49970751700005], [-80.25162924599994, 43.49969821700006], [-80.25156764599996, 43.49967971700005], [-80.25151844599998, 43.49966211700007], [-80.25150634599999, 43.49965671700005], [-80.25145974599997, 43.49966421700003], [-80.25130724599995, 43.49969011700006], [-80.24632684499994, 43.50052601800007], [-80.24361374299997, 43.49460301700003], [-80.24354884299999, 43.49461251700006], [-80.23344013999997, 43.49608021800003], [-80.23339063999998, 43.49608741800006], [-80.22995633799997, 43.48746971600008], [-80.22989153799995, 43.48729471600006], [-80.22724933699999, 43.47921731500003], [-80.22694523699994, 43.47835871500007], [-80.22693723699996, 43.47836001500008], [-80.22226253499997, 43.47914051500004], [-80.20134822899996, 43.48263291700005], [-80.19983602799994, 43.48154181700005], [-80.19639592699997, 43.47905951600006], [-80.19497902599994, 43.47803721600008], [-80.19266322599998, 43.47636601600004], [-80.19049902499995, 43.47480401600006], [-80.19030502499999, 43.47467241600003], [-80.18915692399997, 43.47383021600007], [-80.18906722399998, 43.47389751600008], [-80.18013930799998, 43.48057601100004], [-80.18004075499994, 43.48050672900007], [-80.17999789299995, 43.48047425100003], [-80.17665623099998, 43.47794193200008], [-80.17555307899994, 43.47876703200006], [-80.17450185599995, 43.47955326500005], [-80.17437837699998, 43.47964560900004], [-80.17412445999997, 43.47983552100004], [-80.17366085599997, 43.48018224100008], [-80.17359728999998, 43.48023023600007], [-80.17304976799994, 43.48064362000008], [-80.17268448899995, 43.48091940300003], [-80.17231836299999, 43.48119582000004], [-80.17192973799996, 43.48148922500008], [-80.17159927399996, 43.48173871000006], [-80.17158627799995, 43.48172995500005], [-80.17121690199997, 43.48201353100006], [-80.17122721099997, 43.48201960200004], [-80.17118923599998, 43.48204827200004], [-80.17232891599997, 43.48276201300007], [-80.17237097299994, 43.48278835200006], [-80.17150293999998, 43.48340885100004], [-80.17206537899995, 43.48431382400003], [-80.17175502099997, 43.48459043600008], [-80.17162225099997, 43.48470876400006], [-80.17154515599998, 43.48489633000003], [-80.17128713899996, 43.48552400900007], [-80.17069385699995, 43.48661636400004], [-80.17067901799999, 43.48664368600004], [-80.17113165199999, 43.48697336700008], [-80.17086893399994, 43.48717009300003], [-80.17087088699998, 43.48736557800004], [-80.17080336899994, 43.48741620700008], [-80.16990282599994, 43.48809148600003], [-80.16990264599997, 43.48809161900004], [-80.16936010299997, 43.48849844000006], [-80.16932146899995, 43.48847030000007], [-80.16872210699995, 43.48803373700008], [-80.16872189399999, 43.48803358300006], [-80.16848614699995, 43.48786186700005], [-80.16679499499998, 43.48662999600003], [-80.16583026599994, 43.48592723300004], [-80.16572876799995, 43.48600123700004], [-80.16407245099998, 43.48720889100008], [-80.16362074199998, 43.48753823100003], [-80.16219468599996, 43.48862765400003], [-80.16182829999997, 43.48890013300007], [-80.16112889999994, 43.48942026400005], [-80.16027229899998, 43.49005729000004], [-80.15988750899999, 43.49034343500006], [-80.15900060899997, 43.49103351600007], [-80.15883655999994, 43.49116071900005], [-80.15710609499996, 43.49251384600007], [-80.15565285999998, 43.49353856100004], [-80.15444224299995, 43.49440890200003], [-80.15412272299994, 43.49463860300006], [-80.15319718799998, 43.49530396200004], [-80.15203239699997, 43.49620934900003], [-80.15099615299994, 43.49701481700004], [-80.15185696299994, 43.49765049600006], [-80.15077103899995, 43.49843961000005], [-80.15114721099997, 43.49871739900004], [-80.15116048899995, 43.49872720400003], [-80.15175711399996, 43.49829365300008], [-80.15188889299998, 43.49819789300005], [-80.15231234899994, 43.49851059800005], [-80.15163019499994, 43.49900630100007], [-80.15158395199995, 43.49903990500007], [-80.15160147499995, 43.49905285200003], [-80.15191000799996, 43.49916486900003], [-80.15232146799997, 43.49925476800007], [-80.15282930499995, 43.49931792700005], [-80.15335962699999, 43.49945306600006], [-80.15336245199995, 43.49945378500007], [-80.15354006499996, 43.49957461000002], [-80.15367613299998, 43.49967639400006], [-80.15398728899999, 43.50001653900006], [-80.15399033599994, 43.50001986900003], [-80.15409140099996, 43.50008790700008], [-80.15356871499995, 43.50047972200008], [-80.15350491499998, 43.50052762200005], [-80.15359171499995, 43.50059202200003], [-80.15644410399995, 43.50270908200008], [-80.15499679999994, 43.50379328000002], [-80.15565679199995, 43.50428310200004], [-80.15710421699998, 43.50319902200005], [-80.16061891799995, 43.50580722300003], [-80.16157281799997, 43.50651502300008], [-80.16411171899995, 43.50839892300007], [-80.16757322099994, 43.51096702300003], [-80.17108032199997, 43.51356872400004], [-80.17125542199994, 43.51369742400004], [-80.17480552399996, 43.51628042400006], [-80.17836722499999, 43.51887132400003], [-80.18192172599998, 43.52145692400006], [-80.18545228999994, 43.52402473900003], [-80.18537148499996, 43.52408496100003], [-80.18554685499998, 43.52421352900006], [-80.18537018299997, 43.52434499500004], [-80.18546021499998, 43.52434472700003], [-80.18538059499997, 43.52440397200007], [-80.18515021099995, 43.52457539900007], [-80.18285542399997, 43.52628293300006], [-80.18285791199997, 43.52647733900005], [-80.18534045799998, 43.52825687100005], [-80.18528007199995, 43.52830180000007], [-80.18288587299998, 43.53008318400003], [-80.18382487199995, 43.53077153100003], [-80.18753419199999, 43.53349070300004], [-80.18963486699994, 43.53503063300008], [-80.19105878499994, 43.53375820900004], [-80.19242699099993, 43.53471348900007], [-80.19351643299996, 43.53547410400006], [-80.19204001999998, 43.53679347200006], [-80.19440324699997, 43.53852542900006], [-80.19214977499996, 43.54021316200004], [-80.19221696099999, 43.54026261200005], [-80.19512542499996, 43.54240328300006], [-80.19572300799996, 43.54284311200007], [-80.19572447199994, 43.54284202200006], [-80.19573406399996, 43.54284904700006], [-80.19572683299998, 43.54285442800006], [-80.19555273199995, 43.54298402800003], [-80.19453303199998, 43.54374272800004], [-80.19369893199996, 43.54436352800008], [-80.19273013199995, 43.54508432800003], [-80.19177083199997, 43.54579812800006], [-80.19131923099997, 43.54613412800006], [-80.19131423099998, 43.54613492800007], [-80.19068503099999, 43.54657582800007], [-80.19075163099996, 43.54655482800007], [-80.19075513099995, 43.54655372800005], [-80.18920673099996, 43.54770592900007], [-80.18834593099996, 43.54834622900006], [-80.18791063099997, 43.54866992900003], [-80.18746122999994, 43.54900462900008], [-80.18745412999994, 43.54900972900003], [-80.18689932999996, 43.54942262900005], [-80.18664652999996, 43.54961062900003], [-80.18634002999994, 43.54983852900006], [-80.18582552999999, 43.55022122900004], [-80.18578082999994, 43.55025462900005], [-80.18567292999995, 43.55033522900004], [-80.18854093099998, 43.55241603000007], [-80.18771723099997, 43.55302253000008], [-80.18861763099994, 43.55368153000006], [-80.18866671799998, 43.55371704200007], [-80.18866683399995, 43.55371712600004], [-80.19194373299996, 43.55609123000005], [-80.19199087399994, 43.55605634800003], [-80.19217253299996, 43.55592183000005], [-80.19391243299998, 43.55718563000005], [-80.19391236599995, 43.55718568200007], [-80.19391243299998, 43.55718573000007], [-80.19369883299998, 43.55735073000005], [-80.19611003399996, 43.55910093000006], [-80.19610996599994, 43.55910098000004], [-80.19611003399996, 43.55910103000008], [-80.19522470299995, 43.55975208000007], [-80.19696403499995, 43.56097993100008], [-80.19501680299999, 43.56244787900005], [-80.19533563399995, 43.56267253100003], [-80.20234603699998, 43.56761083200007], [-80.20236473699998, 43.56762403200003], [-80.20239213699995, 43.56764323200008], [-80.20258063699998, 43.56780093200007], [-80.20271158699995, 43.56789358200007], [-80.20284253699998, 43.56798613200004], [-80.20308473699998, 43.56815753200004], [-80.20516208799995, 43.56962683200004], [-80.20723943899998, 43.57109603200007], [-80.21155883999995, 43.57412513200006], [-80.21164313999998, 43.57418433200007], [-80.21498984199997, 43.57665453300007], [-80.21525204199997, 43.57684573300003], [-80.21548434199997, 43.57701513300003], [-80.22049314399999, 43.58064963300006], [-80.22053719399997, 43.58068168300008], [-80.22058124399996, 43.58071363300007], [-80.22065214399998, 43.58066203300007], [-80.22074094399994, 43.58072553300008], [-80.22160504399994, 43.58134443300003], [-80.22246914499993, 43.58196323300007], [-80.22307064499995, 43.58239413300004], [-80.22359784499997, 43.58277153300003], [-80.22490584499997, 43.58370823300004], [-80.22847974599995, 43.58120263300003], [-80.22852459599994, 43.58117123300008], [-80.22856944599994, 43.58113973300004], [-80.23332704799998, 43.58454893300006], [-80.23341564799995, 43.58461243300007], [-80.23350314799995, 43.58454823300008], [-80.23696784899994, 43.58200323200003], [-80.23924262599996, 43.58033208500007], [-80.24055394999993, 43.57936863200007], [-80.24232189999998, 43.57806973200007], [-80.24317600599994, 43.57744217800007], [-80.24317608599995, 43.57744211900007], [-80.24317563399995, 43.57744191100005], [-80.24299365699994, 43.57730176200005], [-80.23853790099997, 43.57409357300003], [-80.23770733299995, 43.57350910900004], [-80.23858302299999, 43.57286509000005], [-80.23938441999996, 43.57342834400004], [-80.24077751399994, 43.57444524500005], [-80.24091308699997, 43.57454285700004], [-80.24234447199996, 43.57557345500004], [-80.24385701099999, 43.57666242200003], [-80.24390223699999, 43.57669547400008], [-80.24409665099995, 43.57676573100008], [-80.24418595099996, 43.57682863100007], [-80.24570695199998, 43.57789923100006], [-80.24602515199996, 43.57812333100003], [-80.24619365199999, 43.57824183100007], [-80.24626295199994, 43.57829073100004], [-80.24629785199994, 43.57831413100007], [-80.24658755199994, 43.57850813100004], [-80.24664645199994, 43.57855123100006], [-80.24668225199997, 43.57857723100005], [-80.24951215299996, 43.58064203200007], [-80.25088305299994, 43.58164213200007], [-80.25201875399995, 43.58247063200002], [-80.25252615399995, 43.58284063200006], [-80.25270265399996, 43.58296843200003], [-80.25420918299994, 43.58406077400008], [-80.25508255499994, 43.58469393200005], [-80.25543875499994, 43.58495123200004], [-80.25589915499995, 43.58528368200007], [-80.25635955599995, 43.58561603200008], [-80.25639575599996, 43.58564213200003], [-80.25660835599996, 43.58579573200007], [-80.25814975599997, 43.58691393200007], [-80.26168585799996, 43.58947923300008], [-80.26611895899998, 43.59268623300005]]], [[[-80.14258313099998, 43.62200793800008], [-80.14334134299997, 43.62254571200003], [-80.14369813499997, 43.62279877000003], [-80.14404141899996, 43.62304224100006], [-80.14386610699995, 43.62317207300003], [-80.14369079399995, 43.62330189800008], [-80.14351547999996, 43.62343172200008], [-80.14316844699994, 43.62368871100006], [-80.14353876599995, 43.62395136000004], [-80.14371750599997, 43.62407813000004], [-80.14389591199995, 43.62420466500004], [-80.14407431899997, 43.62433119500002], [-80.14425272699998, 43.62445772200005], [-80.14443113099998, 43.62458425500006], [-80.14454221799997, 43.62466304400004], [-80.14437957299998, 43.62480067900003], [-80.14421711599994, 43.62493815800008], [-80.14405450999999, 43.62507575500007], [-80.14389295799998, 43.62521323600004], [-80.14373167399998, 43.62535218100004], [-80.14357039899994, 43.62549112200003], [-80.14340912699998, 43.62563007000006], [-80.14318825999999, 43.62582035000003], [-80.14277226799999, 43.62617873600004], [-80.14273745099996, 43.62620872900004], [-80.14321400999995, 43.62654215300006], [-80.14348488499996, 43.62673167200006], [-80.14366522299997, 43.62685784000007], [-80.14384555199996, 43.62698400700003], [-80.14402588799999, 43.62711017000004], [-80.14420622399996, 43.62723634100007], [-80.14438655499998, 43.62736250300003], [-80.14456689299999, 43.62748866900006], [-80.14474722099999, 43.62761483400004], [-80.14499733699995, 43.62778981400004], [-80.14547797399996, 43.62812606900007], [-80.14554190099994, 43.62813426200006], [-80.14594048699996, 43.62777888600004], [-80.14611550399997, 43.62762283400008], [-80.14616087499996, 43.62758238300006], [-80.14631890799996, 43.62744147700005], [-80.14647693499995, 43.62730057100003], [-80.14663496599997, 43.62715967100007], [-80.14679300099993, 43.62701876100004], [-80.14758339199994, 43.62631400300006], [-80.14774249099997, 43.62617214200003], [-80.14790121899995, 43.62603060800006], [-80.14805994699998, 43.62588907400004], [-80.14821867899997, 43.62574753700005], [-80.14837965699996, 43.62560399500006], [-80.14848556399994, 43.62550955800003], [-80.14869569999996, 43.62532217700004], [-80.14885371999998, 43.62518127100003], [-80.14901174399995, 43.62504036200005], [-80.14916975799997, 43.62489945500005], [-80.14932778099995, 43.62475854200005], [-80.14948579699995, 43.62461763500005], [-80.14965831299997, 43.62446379700003], [-80.14968919399996, 43.62443626600003], [-80.14980183399996, 43.62433581500005], [-80.14995984799998, 43.62419490700006], [-80.15001272699999, 43.62414775000008], [-80.15005967899998, 43.62410588300003], [-80.15011786199995, 43.62405399500005], [-80.15027587899993, 43.62391308400004], [-80.15043389199997, 43.62377217300008], [-80.15072814299998, 43.62350976400006], [-80.15075210299995, 43.62348839900005], [-80.15085762899997, 43.62332296000005], [-80.15088655599999, 43.62329852900007], [-80.15117393599996, 43.62305299400003], [-80.15107187799998, 43.62297917100005], [-80.15099903999999, 43.62292647600003], [-80.15089696199999, 43.62285329000008], [-80.15075602699994, 43.62275223100005], [-80.15072377599995, 43.62272870200007], [-80.15056322299995, 43.62261153700007], [-80.15055425899999, 43.62260506400003], [-80.15039054799996, 43.62248673800008], [-80.15024774499994, 43.62238352500003], [-80.15021608299998, 43.62235996400005], [-80.15014262399995, 43.62230754300003], [-80.15003749599998, 43.62223156300007], [-80.14986034399999, 43.62210352200003], [-80.14968705499996, 43.62197826700003], [-80.14996129599996, 43.62177389100003], [-80.14998137499998, 43.62176242600003], [-80.15000486099996, 43.62175514900008], [-80.15003014399997, 43.62175256600005], [-80.15005548199997, 43.62175485300003], [-80.15007912599998, 43.62176185300007], [-80.15009944699995, 43.62177308300005], [-80.15064143699999, 43.62216417300004], [-80.15080807599998, 43.62203547300004], [-80.15202052099994, 43.62113360300003], [-80.15039391799996, 43.61992616500004], [-80.15068914699998, 43.61982906200006], [-80.15098134599998, 43.61972722300004], [-80.15127036499996, 43.61962070200008], [-80.15155606199994, 43.61950955200007], [-80.15183829499995, 43.61939382700007], [-80.15211692699995, 43.61927358500003], [-80.15239181999993, 43.61914888400003], [-80.15266283899996, 43.61901978500003], [-80.15292984999996, 43.61888635300005], [-80.15319272299996, 43.61874865300007], [-80.15345132899995, 43.61860675200006], [-80.15370553999998, 43.61846072100008], [-80.15395522999995, 43.61831063100004], [-80.15420027899995, 43.61815655500004], [-80.15444056399997, 43.61799857100004], [-80.15467596799994, 43.61783675400005], [-80.15480728199998, 43.61774355100005], [-80.15493697499994, 43.61764915600003], [-80.15496691299995, 43.61762663000007], [-80.15473260299996, 43.61744807500003], [-80.15246451099995, 43.61594733900006], [-80.15168385399994, 43.61543077300007], [-80.15188828499998, 43.61534177600004], [-80.15235563499994, 43.61513831500008], [-80.15238291899999, 43.61495481300005], [-80.15265500799995, 43.61492805200004], [-80.15322991999994, 43.61482762100007], [-80.15363678499995, 43.61468347700003], [-80.15362120399999, 43.61433127500004], [-80.15323026999994, 43.61347400100004], [-80.15318564899997, 43.61364441300003], [-80.15285070399995, 43.61373976200008], [-80.15266622599995, 43.61357837800006], [-80.15238062099996, 43.61387035300004], [-80.15186972199996, 43.61410016500002], [-80.15142882899994, 43.61443353500005], [-80.15109197999999, 43.61481541300003], [-80.15096738199998, 43.61495666400003], [-80.15053789899997, 43.61467245800003], [-80.15035329099999, 43.61455029600006], [-80.15017492199996, 43.61443225600004], [-80.14984045299997, 43.61421091700004], [-80.14933620299996, 43.61387722000006], [-80.14930699099995, 43.61385788800004], [-80.14912256799994, 43.61373518800008], [-80.14912321199995, 43.61373523100008], [-80.14909637099998, 43.61371731700007], [-80.14896273299996, 43.61362580700006], [-80.14543819099998, 43.61121217100003], [-80.14261400199996, 43.60898319700004], [-80.14234138099994, 43.60879028100004], [-80.14230330799995, 43.60876333900006], [-80.14201444499997, 43.60855892500007], [-80.14183586399997, 43.60843255900005], [-80.14165728999996, 43.60830618800003], [-80.14147871199998, 43.60817981700006], [-80.14130013899995, 43.60805344600004], [-80.14112156599998, 43.60792707500008], [-80.14094298999999, 43.60780070300007], [-80.14076441499998, 43.60767433100006], [-80.14058584099996, 43.60754795900004], [-80.14040727299994, 43.60742158600004], [-80.14022870499997, 43.60729521300004], [-80.14005013299999, 43.60716884000004], [-80.13987156699994, 43.60704247000007], [-80.13979973899995, 43.60699164000005], [-80.13985734299996, 43.60695218200004], [-80.14019677399995, 43.60664667900005], [-80.14060331699994, 43.60628410900006], [-80.13934675999997, 43.60544189400008], [-80.13890928799998, 43.60578463600007], [-80.13887169999998, 43.60575943900005], [-80.13852035899998, 43.60552392000005], [-80.13832677399995, 43.60539415000005], [-80.13818839599998, 43.60530138800004], [-80.13805183899996, 43.60520984600004], [-80.13791528199994, 43.60511830300004], [-80.13777872599996, 43.60502676000004], [-80.13764216999994, 43.60493522000007], [-80.13750561499995, 43.60484367700008], [-80.13736905999997, 43.60475213400008], [-80.13717819499999, 43.60462418000003], [-80.13695779499994, 43.60481049200007], [-80.13674176999996, 43.60467554400003], [-80.13774819199995, 43.60382476300003], [-80.13631820099994, 43.60286586000007], [-80.13570826199998, 43.60342011900008], [-80.13529678199995, 43.60358633500005], [-80.13495144299998, 43.60335475100004], [-80.13488880399996, 43.60338130300005], [-80.13482900599996, 43.60341111200006], [-80.13477236699998, 43.60344402100003], [-80.13471919199998, 43.60347985000004], [-80.13466976499996, 43.60351841000005], [-80.13466734099995, 43.60352045800005], [-80.13448513399999, 43.60339827300004], [-80.13448755799999, 43.60339622200007], [-80.13425441799995, 43.60323987600003], [-80.13408790099999, 43.60311731300004], [-80.13395003899996, 43.60323845400006], [-80.13383161499996, 43.60334251200004], [-80.13371319499998, 43.60344656700005], [-80.13359476899996, 43.60355062600007], [-80.13347634699994, 43.60365468100008], [-80.13335792099997, 43.60375873900006], [-80.13323949899996, 43.60386279300008], [-80.13312107599995, 43.60396684800003], [-80.13309127899998, 43.60399303100007], [-80.13297565399995, 43.60409898300003], [-80.13279459099994, 43.60426489500003], [-80.13252439599995, 43.60452377800004], [-80.13191646799999, 43.60505082400005], [-80.13140990499994, 43.60549951200005], [-80.12882027299997, 43.60783187900006], [-80.12842116499996, 43.60800943200007], [-80.12818700299994, 43.60821760300007], [-80.12796924499997, 43.60841220200007], [-80.12784712199993, 43.60852240200006], [-80.12781110399999, 43.60855351800006], [-80.12767622399997, 43.60867404400005], [-80.12751589699997, 43.60881730800003], [-80.12647091999997, 43.60975215000008], [-80.12602156899999, 43.61015164100007], [-80.12590197599997, 43.61025776900004], [-80.12578237799994, 43.61036389400005], [-80.12566277899998, 43.61047001800006], [-80.12554318399998, 43.61057614300006], [-80.12542358499996, 43.61068226700007], [-80.12534715499999, 43.61075008500006], [-80.12530796099998, 43.61078493300005], [-80.12510093699996, 43.61096897800007], [-80.12491437099999, 43.61113483600008], [-80.12463787899998, 43.61137857100005], [-80.12464056999994, 43.61138044600006], [-80.12448255499999, 43.61151973600005], [-80.12447986399997, 43.61151786500005], [-80.12434275499999, 43.61163872900005], [-80.12425871299996, 43.61171281200006], [-80.12415784799998, 43.61180172800005], [-80.12406178899994, 43.61188640600005], [-80.12394171199998, 43.61199225200005], [-80.12382163499996, 43.61209809700006], [-80.12370735599995, 43.61219883600006], [-80.12347512799994, 43.61240352700003], [-80.12332469699999, 43.61253611600006], [-80.12348728299997, 43.61265206500008], [-80.12349561099995, 43.61265800300004], [-80.12373529399997, 43.61282893400005], [-80.12389379699994, 43.61294197000007], [-80.12402852899999, 43.61303805400007], [-80.12416596699995, 43.61313606800007], [-80.12430339599996, 43.61323407500004], [-80.12444083099996, 43.61333208500002], [-80.12462404899998, 43.61346274300007], [-80.12490011399996, 43.61365960900008], [-80.12498602599999, 43.61372362900005], [-80.12686354299996, 43.61510489400007], [-80.12799988299997, 43.61592034300003], [-80.12833569999998, 43.61616131200003], [-80.12888239799997, 43.61655361500004], [-80.12911215599996, 43.61672435600008], [-80.12921936599997, 43.61680175300006], [-80.12932657199997, 43.61687915400006], [-80.12943377799996, 43.61695655500006], [-80.12954098899996, 43.61703395600006], [-80.12964819599995, 43.61711135600007], [-80.12974485799998, 43.61718114400003], [-80.12984151999996, 43.61725092800003], [-80.12994872699994, 43.61732832900003], [-80.13005593499997, 43.61740572900004], [-80.13016314299995, 43.61748312500004], [-80.13027035099998, 43.61756052500004], [-80.13037755899995, 43.61763792500005], [-80.13048476799997, 43.61771532500006], [-80.13058143199999, 43.61778510900007], [-80.13067809599994, 43.61785489600004], [-80.13077476099994, 43.61792468000004], [-80.13087142499995, 43.61799446700007], [-80.13097863499996, 43.61807186700003], [-80.13108584599996, 43.61814926200003], [-80.13119305699996, 43.61822666100005], [-80.13130026799996, 43.61830406000007], [-80.13140747899996, 43.61838145900003], [-80.13150414499995, 43.61845124200005], [-80.13160081199999, 43.61852102900008], [-80.13169747899997, 43.61859081200004], [-80.13179414599995, 43.61866059900007], [-80.13190135799994, 43.61873799600005], [-80.13200857099997, 43.61881539400008], [-80.13211578499994, 43.61889278900003], [-80.13218780299997, 43.61894478100004], [-80.13165340899997, 43.62003903500005], [-80.13259134699996, 43.62050103600006], [-80.13259138899997, 43.62050104700006], [-80.13287854399994, 43.61992803900006], [-80.13310163899996, 43.62001208300006], [-80.13361883799996, 43.62038305200008], [-80.13459233699996, 43.62087154500006], [-80.13439429299996, 43.62124254500003], [-80.13418668099996, 43.62163145300008], [-80.13398752599994, 43.62200453200006], [-80.13610272899996, 43.62173369700002], [-80.13612567499996, 43.62183101600004], [-80.13964408499999, 43.62138009400007], [-80.13969304099999, 43.62163814600007], [-80.13971539599999, 43.62173279000007], [-80.14228043499998, 43.62139990600008], [-80.14264842599994, 43.62166652900004], [-80.14278987299997, 43.62164853500008], [-80.14290128399995, 43.62172756100006], [-80.14258313099998, 43.62200793800008]]], [[[-79.39069110999998, 43.92435493200003], [-79.39089541099997, 43.92516193200004], [-79.39098651099994, 43.92554953200005], [-79.39108031099994, 43.92602643200007], [-79.39115421099996, 43.92650523300006], [-79.39121011099996, 43.92700413300003], [-79.39124361099994, 43.92748513300006], [-79.39125661099996, 43.92789683300003], [-79.39125331099996, 43.92837853300006], [-79.39122991099998, 43.92885983300005], [-79.39118691099998, 43.92934063300004], [-79.39112401099999, 43.92982013300008], [-79.39105501099993, 43.93027473300003], [-79.39090921099995, 43.93111723300007], [-79.39064171099994, 43.93183063300006], [-79.39054441099995, 43.93238853400004], [-79.39045281099999, 43.93304463400005], [-79.39033861099995, 43.93407383400006], [-79.39029261099995, 43.93456833400006], [-79.39023961099997, 43.93505833400008], [-79.39017081099996, 43.93558853400003], [-79.39012521099994, 43.93589403400006], [-79.39010921099998, 43.93610983400004], [-79.39008711099996, 43.93629413400004], [-79.39007931099997, 43.93635253400004], [-79.39004871099996, 43.93671233400005], [-79.39004111099996, 43.93699123400006], [-79.39003301099996, 43.93723423400007], [-79.39004821099996, 43.93750443400006], [-79.39005651099995, 43.93774773500007], [-79.39007131099999, 43.93797303500003], [-79.39009421099996, 43.93836953500005], [-79.39013241099997, 43.93877073500005], [-79.39017821199997, 43.93918093500008], [-79.39022401199998, 43.93955983500007], [-79.39026981199999, 43.93985763500007], [-79.39029281199998, 43.93998833500007], [-79.39030041199999, 43.94005153500007], [-79.39030811199996, 43.94007883500007], [-79.39033111199996, 43.94015093500008], [-79.39035361199996, 43.94021893500008], [-79.39041431199996, 43.94049893500005], [-79.39042271199997, 43.94057093500004], [-79.39044531199994, 43.94066133500007], [-79.39045271199996, 43.94072883500007], [-79.39055221199999, 43.94110403500008], [-79.39073511199996, 43.94177733500004], [-79.39086461199997, 43.94227883500002], [-79.39093381199996, 43.94255003500007], [-79.39105541199996, 43.94297933500008], [-79.39119301199997, 43.94348093500003], [-79.39131491199998, 43.94395533600004], [-79.39142911199997, 43.94436673600006], [-79.39149791199998, 43.94458813600005], [-79.39154431199995, 43.94480493600003], [-79.39164361299999, 43.94519793600006], [-79.39174981299999, 43.94564963600004], [-79.39193261299994, 43.94640393600008], [-79.39207041299994, 43.94692813600005], [-79.39216171299995, 43.94729403600007], [-79.39223041299994, 43.94752013600004], [-79.39235271299998, 43.94801243600006], [-79.39246701299999, 43.94859923600006], [-79.39260461299995, 43.94915493600007], [-79.39276461299994, 43.94995853700004], [-79.39285641299995, 43.95056773700003], [-79.39297851399994, 43.95124013700007], [-79.39305461399994, 43.95167773700007], [-79.39310041399995, 43.95202933700006], [-79.39314591399994, 43.95236793700008], [-79.39319951399995, 43.95277813700005], [-79.39324541399998, 43.95312103700007], [-79.39326811399997, 43.95344093700004], [-79.39331411399996, 43.95384683700007], [-79.39334441399996, 43.95416233700007], [-79.39339031399999, 43.95465373700006], [-79.39340561399996, 43.95492833700007], [-79.39345111399996, 43.95549623700003], [-79.39348171399996, 43.95609553800006], [-79.39349711399996, 43.95659093800003], [-79.39351211399998, 43.95710423800006], [-79.39351241399999, 43.95751853800004], [-79.39351221399994, 43.95790563800006], [-79.39350481399998, 43.95804493800006], [-79.39350451399997, 43.95810353800005], [-79.39350481399998, 43.95818923800005], [-79.39351241399999, 43.95830183800007], [-79.39351221399994, 43.95981873800008], [-79.39347371499997, 43.96083563800005], [-79.39345881499997, 43.96182133900004], [-79.39342821499997, 43.96287433900005], [-79.39339051499996, 43.96401253900007], [-79.39335171499994, 43.96515553900008], [-79.39333671499998, 43.96615033900008], [-79.39332131499998, 43.96646073900007], [-79.39329121499998, 43.96728864000005], [-79.39326081499996, 43.96850814000004], [-79.39320681499998, 43.97036214000008], [-79.39318421499996, 43.97135214000008], [-79.39317641499997, 43.97184274000006], [-79.39316151599996, 43.97296784100007], [-79.39313121599997, 43.97362934100005], [-79.39311581599998, 43.97411074100006], [-79.39312321599994, 43.97427264100003], [-79.39313071599997, 43.97445304100006], [-79.39315371599997, 43.97481344100004], [-79.39319191599998, 43.97519224100006], [-79.39323781599995, 43.97571954100005], [-79.39329101599998, 43.97616614100008], [-79.39335171599998, 43.97663044100005], [-79.39337511599996, 43.97683774100005], [-79.39342861599994, 43.97724824100004], [-79.39345871599994, 43.97743784100004], [-79.39347521599996, 43.97754774100008], [-79.39348971599998, 43.97764544100005], [-79.39350481599996, 43.97772654100004], [-79.39355061599997, 43.97792984100005], [-79.39359651599995, 43.97816004100008], [-79.39364241599998, 43.97836774100006], [-79.39369531599993, 43.97862964100005], [-79.39376431599999, 43.97893224200004], [-79.39380961599994, 43.97913544200003], [-79.39384041599999, 43.97926184200003], [-79.39387891599995, 43.97939744200005], [-79.39393991599997, 43.97964584200002], [-79.39400801599999, 43.97992164200008], [-79.39406931599996, 43.98019234200007], [-79.39413061599998, 43.98040474200008], [-79.39416121699998, 43.98054034200004], [-79.39419931699996, 43.98066234200007], [-79.39423751699997, 43.98080714200006], [-79.39425211699995, 43.98089734200005], [-79.39430541699994, 43.98106004200008], [-79.39430581699997, 43.98110514200005], [-79.39434431699993, 43.98123614200006], [-79.39439731699997, 43.98143934200004], [-79.39445881699999, 43.98167444200004], [-79.39455771699994, 43.98204944200006], [-79.39460361699997, 43.98225734200003], [-79.39466431699998, 43.98255064200004], [-79.39471811699997, 43.98283494200007], [-79.39474801699998, 43.98297044200007], [-79.39479391699996, 43.98318284200008], [-79.39485511699996, 43.98339094200003], [-79.39496211699998, 43.98381084200003], [-79.39506101699999, 43.98419494200004], [-79.39509901699995, 43.98440694200008], [-79.39513741699994, 43.98456944200007], [-79.39517571699997, 43.98474124200004], [-79.39519871699997, 43.98487204200006], [-79.39524391699996, 43.98504374300006], [-79.39529001699998, 43.98529204300007], [-79.39533561699994, 43.98554474300005], [-79.39538141699995, 43.98581094300005], [-79.39541941699997, 43.98608154300007], [-79.39547311699994, 43.98642904300004], [-79.39549561699994, 43.98660934300005], [-79.39551141799996, 43.98677174300008], [-79.39552661799996, 43.98684404300008], [-79.39554951799994, 43.98700624300005], [-79.39556491799993, 43.98710104300005], [-79.39558771799994, 43.98724554300003], [-79.39559551799994, 43.98732654300005], [-79.39562531799999, 43.98748904300004], [-79.39567911799998, 43.98780944300006], [-79.39570951799999, 43.98807094300003], [-79.39574001799997, 43.98826944300004], [-79.39575521799998, 43.98840014300004], [-79.39578601799997, 43.98867084300008], [-79.39580921799995, 43.98879714300006], [-79.39584691799996, 43.98901794300008], [-79.39586161799997, 43.98924354300004], [-79.39589281799994, 43.98947814300004], [-79.39590841799998, 43.98957284300008], [-79.39595381799995, 43.98993364300003], [-79.39599211799998, 43.99016374300004], [-79.39602281799995, 43.99041644300007], [-79.39605261799994, 43.99072274300005], [-79.39609091799997, 43.99106544400007], [-79.39612161799994, 43.99125954400006], [-79.39639631799997, 43.99315854400004], [-79.39645761799994, 43.99365894400006], [-79.39655641899998, 43.99416014400003], [-79.39667061899996, 43.99475144400003], [-79.39679321899996, 43.99520784400005], [-79.39718231899997, 43.99627564400004], [-79.39744931899997, 43.99683314400005], [-79.39763201899996, 43.99716874500007], [-79.39769271899996, 43.99728674500005], [-79.39776951899995, 43.99741834500003], [-79.39792961899997, 43.99766824500006], [-79.39815861899996, 43.99800004500003], [-79.39863151999998, 43.99861434500008], [-79.39899781999998, 43.99905164500007], [-79.39934151999995, 43.99943464500006], [-79.40022631999994, 44.00029794500006], [-79.40056201999994, 44.00060424500003], [-79.40117222099997, 44.00118894500008], [-79.40229402099999, 44.00223104500003], [-79.40278932099994, 44.00268814500004], [-79.40314792099997, 44.00306224500008], [-79.40395672199998, 44.00401444500005], [-79.40427772199996, 44.00442844500003], [-79.40486492199994, 44.00531894600005], [-79.40520042199995, 44.00592254600008], [-79.40544472199997, 44.00643914600005], [-79.40572732299995, 44.00712284600007], [-79.40594782299996, 44.00776514600005], [-79.40616942299994, 44.00859654600004], [-79.40629932299998, 44.00931844600007], [-79.40635292299999, 44.00952644600005], [-79.40647472299997, 44.01012684600005], [-79.40683312299996, 44.01188754700007], [-79.40700072399994, 44.01266414700007], [-79.40719222399997, 44.01347714700006], [-79.40727562399996, 44.01387904700005], [-79.40733682399997, 44.01409604700007], [-79.40740542399999, 44.01435794700006], [-79.40768762399995, 44.01558634700007], [-79.40786042399998, 44.01637734700006], [-79.40795382399995, 44.01733424800005], [-79.40872342499995, 44.02086054800003], [-79.40914050799995, 44.02277214500003], [-79.40951142499995, 44.02447214900008], [-79.40952182499996, 44.02451554900006], [-79.40989982599996, 44.02614004900005], [-79.41013372599997, 44.02726844900008], [-79.41014742599998, 44.02733404900005], [-79.41028902599999, 44.02801794900006], [-79.41029492599995, 44.02808794900005], [-79.41034642599999, 44.02818974900003], [-79.41066342599999, 44.02997655000007], [-79.41097022599996, 44.03147985000004], [-79.41110022699996, 44.03196775000004], [-79.41126582699997, 44.03247045000006], [-79.41146172699996, 44.03312025000008], [-79.41158732699995, 44.03348895000005], [-79.41172922699997, 44.03390595000008], [-79.41223692699998, 44.03540355000007], [-79.41299182699998, 44.03523615000006], [-79.41349952799999, 44.03512355000004], [-79.41467272799997, 44.03486085000003], [-79.41664782899994, 44.03440215000006], [-79.41775242899996, 44.03415965000005], [-79.41815242899997, 44.03407365000004], [-79.41941872899997, 44.03378195000005], [-79.42068732999996, 44.03349925000003], [-79.42253792999998, 44.03307975000007], [-79.42353253099998, 44.03284764900008], [-79.42364073099998, 44.03282254900006], [-79.42376053099997, 44.03279454900007], [-79.42371633099998, 44.03265084900005], [-79.42383693099998, 44.03262504900005], [-79.42405563099999, 44.03257844900003], [-79.42411583099994, 44.03256554900003], [-79.42411953099997, 44.03256464900005], [-79.42787393199995, 44.03176144900004], [-79.42808963199997, 44.03171514900004], [-79.42851473199994, 44.03162404900007], [-79.42892713199996, 44.03153564900003], [-79.42932533199996, 44.03145044900003], [-79.42973043199999, 44.03136344900003], [-79.43011143299998, 44.03128174900007], [-79.43043073299998, 44.03121334900004], [-79.43050633299998, 44.03119704900007], [-79.43071773299994, 44.03115184900003], [-79.43100473299995, 44.03109044900003], [-79.43129183299999, 44.03102904900004], [-79.43161733299996, 44.03095944900008], [-79.43196773299996, 44.03088454900006], [-79.43236513299996, 44.03079954900005], [-79.43269073299996, 44.03072984900007], [-79.43329473399996, 44.03060064900006], [-79.43368773399999, 44.03051664900005], [-79.43397463399998, 44.03045524900006], [-79.43410483399998, 44.03042734900004], [-79.43426183399998, 44.03039404900005], [-79.43454893399996, 44.03033304900003], [-79.43501933399995, 44.03023324900005], [-79.43508593399997, 44.03021904900004], [-79.43672163499997, 44.02987184800003], [-79.43673463499994, 44.02986904800008], [-79.43773303499995, 44.02965714800007], [-79.43791483499996, 44.02961874800008], [-79.43836843499997, 44.02952334800005], [-79.43836183499997, 44.02950134800005], [-79.43876503499996, 44.02941674800007], [-79.43916203499998, 44.02933354800007], [-79.43949043499998, 44.02926474800006], [-79.43972773499996, 44.02921484800004], [-79.43996483599994, 44.02916524800003], [-79.44020223599995, 44.02911554800005], [-79.44043943599996, 44.02906554800006], [-79.44067673599994, 44.02901584800003], [-79.44096843599993, 44.02895474800005], [-79.44136773599996, 44.02887094800008], [-79.44142913599995, 44.02885764800004], [-79.44144473599994, 44.02885424800007], [-79.44174103599994, 44.02878994800005], [-79.44203873599997, 44.02872524800006], [-79.44250963599995, 44.02862294800008], [-79.44274633599997, 44.02857164800002], [-79.44298303599999, 44.02852024800006], [-79.44321953699995, 44.02846884800005], [-79.44345613699994, 44.02841734800006], [-79.44369273699994, 44.02836594800004], [-79.44392943699995, 44.02831464800005], [-79.44416603699995, 44.02826324800003], [-79.44440263699994, 44.02821194800003], [-79.44446543699996, 44.02819814800006], [-79.44463913699997, 44.02816064800004], [-79.44487583699998, 44.02810904800003], [-79.44501563699998, 44.02807874800004], [-79.44511673699998, 44.02805744800003], [-79.44535383699997, 44.02800754800006], [-79.44559123699997, 44.02795764800004], [-79.44582833699997, 44.02790764800005], [-79.44606563699995, 44.02785774800003], [-79.44666693799996, 44.02773114800004], [-79.44690173799995, 44.02768184800004], [-79.44854813799998, 44.02733514700003], [-79.44855173799994, 44.02733434700008], [-79.44864713799996, 44.02731424700005], [-79.44885183799994, 44.02709344700003], [-79.44894743799995, 44.02707184700006], [-79.44900743799997, 44.02705824700007], [-79.44901123799997, 44.02705744700006], [-79.44902003799996, 44.02705544700007], [-79.44902363799997, 44.02705464700006], [-79.44940123799995, 44.02696994700005], [-79.44979843799996, 44.02688024700007], [-79.44982053799998, 44.02687534700004], [-79.44998733899996, 44.02683834700008], [-79.45137623899996, 44.02653034700006], [-79.45182753899996, 44.02641924700004], [-79.45214613899998, 44.02634084700003], [-79.45258213899996, 44.02623344700004], [-79.45270763899998, 44.02620264700005], [-79.45322133999997, 44.02608114700007], [-79.45324923999993, 44.02607464700003], [-79.45344903999995, 44.02602804700007], [-79.45467053999994, 44.02573734700007], [-79.45504983999996, 44.02565384700006], [-79.45559413999996, 44.02552824700007], [-79.45587533999998, 44.02547094700003], [-79.45609263999995, 44.02542664700007], [-79.45652474099995, 44.02533854700005], [-79.45655924099998, 44.02533154700006], [-79.45667014099996, 44.02530624700006], [-79.45681524099996, 44.02527304700004], [-79.45697074099996, 44.02523764700004], [-79.45714634099994, 44.02519764700003], [-79.45733204099997, 44.02515514700008], [-79.45754234099996, 44.02510714700003], [-79.46041414199993, 44.02445124600007], [-79.46370184299997, 44.02370064600007], [-79.46397394299998, 44.02363864600005], [-79.46410764299998, 44.02360814600007], [-79.46411154299994, 44.02360744600003], [-79.46428944299998, 44.02357014600005], [-79.46457144299995, 44.02351124600006], [-79.46458224299994, 44.02350894600005], [-79.46650224299998, 44.02309564600006], [-79.46800465799998, 44.02277214500003], [-79.46876584399996, 44.02260824600006], [-79.46950084399998, 44.02244334600005], [-79.47083654499994, 44.02214364500003], [-79.47242604499996, 44.02178034500002], [-79.47251664499998, 44.02175974500005], [-79.47263504499995, 44.02173254500008], [-79.47275564499995, 44.02170464500006], [-79.47275024499999, 44.02168014500006], [-79.47287194499995, 44.02165644500008], [-79.47294564499998, 44.02164144500006], [-79.47297124499994, 44.02163634500005], [-79.47310014499999, 44.02161024500003], [-79.47313694499996, 44.02160284500007], [-79.47377374599995, 44.02147364500007], [-79.47408684599998, 44.02141024500003], [-79.47413814599997, 44.02139984500008], [-79.47429114599998, 44.02136884500004], [-79.47463444599998, 44.02128604500007], [-79.47676044699995, 44.02077904500004], [-79.47887004699999, 44.02032804500004], [-79.48030094799998, 44.02001114500007], [-79.48233024799998, 44.01957994400004], [-79.48477354899995, 44.01904274400005], [-79.48678064999996, 44.01862834400004], [-79.48788744999996, 44.01843524400005], [-79.48843784999997, 44.01831324400007], [-79.48858064999996, 44.01828174400003], [-79.49196825099995, 44.01749984400004], [-79.49394445199994, 44.01706904300005], [-79.49462515199997, 44.01691124300004], [-79.49562835199998, 44.01670204300007], [-79.49596085199994, 44.01663224300006], [-79.49912565299996, 44.01597244300007], [-79.49924465299995, 44.01594774300003], [-79.49936575299995, 44.01592244300008], [-79.49172424799997, 43.98282203800005], [-79.49085224699996, 43.97909863700005], [-79.48997224699997, 43.97537883600006], [-79.48909664599995, 43.97178113600006], [-79.48822274499997, 43.96813303500005], [-79.48745374499998, 43.96450543500004], [-79.48652164399994, 43.96086213400008], [-79.48559824399996, 43.95712753300006], [-79.48391754199997, 43.94990753200005], [-79.48135894099994, 43.93889853000007], [-79.47957343899998, 43.93164552900004], [-79.47782363799996, 43.92422052800003], [-79.47794213799995, 43.92419662800006], [-79.47796423799997, 43.92419222800004], [-79.47800093799998, 43.92418472800006], [-79.48278783999996, 43.92322242800003], [-79.48343383999998, 43.92309262800006], [-79.50143334499995, 43.91947162600007], [-79.50154704499994, 43.91945032600006], [-79.50166824499996, 43.91942602600005], [-79.50161724499998, 43.91922062600003], [-79.50173794499995, 43.91919412600004], [-79.50181354499995, 43.91917742600003], [-79.50440284599995, 43.91860482600003], [-79.50666044699994, 43.91811192600005], [-79.50877894799999, 43.91765232500006], [-79.51094634799995, 43.91718092500003], [-79.51298654899995, 43.91671652500003], [-79.51609994999995, 43.91603402500004], [-79.51929705099997, 43.91533932500005], [-79.52114225099996, 43.91493032400007], [-79.52166115099999, 43.91482002400005], [-79.52262295199995, 43.91461112400003], [-79.52401965199994, 43.91432192400003], [-79.52421195199997, 43.91428152400005], [-79.52433255199998, 43.91425612400008], [-79.52437297599994, 43.91410301000008], [-79.52587558499994, 43.91382474900007], [-79.52598046799994, 43.91379264200003], [-79.52602119999995, 43.91407017000006], [-79.52618065299998, 43.91403452400004], [-79.53034285399997, 43.91308292400004], [-79.53209965499997, 43.91267172400006], [-79.53265985499996, 43.91255402300004], [-79.53397485499994, 43.91227772300005], [-79.53442625499997, 43.91217182300005], [-79.53559965599999, 43.91191192300005], [-79.53567555599994, 43.91189522300004], [-79.53586735599998, 43.91185262300007], [-79.53594615599997, 43.91183522300003], [-79.53683025599997, 43.91163952300008], [-79.53702615599997, 43.91159612300004], [-79.53780815599998, 43.91141822300006], [-79.53863445599995, 43.91123542300005], [-79.53897905699995, 43.91115902300004], [-79.54020425699997, 43.91088022300005], [-79.54144075699998, 43.91060512300004], [-79.54267375799998, 43.91033062300005], [-79.54284805799995, 43.91029182300008], [-79.54390585799996, 43.91005462200008], [-79.54415345799998, 43.90999912200004], [-79.54553355899998, 43.90968982200008], [-79.54641855899996, 43.90949302200005], [-79.54685385899995, 43.90939642200004], [-79.54694445899997, 43.90937612200003], [-79.54743565899997, 43.90927142200007], [-79.54875375999995, 43.90897692200008], [-79.54925305999996, 43.90886532200005], [-79.55034825999996, 43.90862062200006], [-79.55044685999997, 43.90859872200008], [-79.55068975999995, 43.90855062200006], [-79.55076295999999, 43.90853552200008], [-79.55245436099995, 43.90818312200003], [-79.55478256099997, 43.90768982200007], [-79.55657866199994, 43.90730092100006], [-79.55786546199994, 43.90702212100007], [-79.55787306199994, 43.90702052100005], [-79.56223966399995, 43.90610922100007], [-79.56450386399996, 43.90562332100006], [-79.56464956399998, 43.90559262100004], [-79.56666736499994, 43.90516852100006], [-79.57286786699996, 43.90386882000007], [-79.57365786699995, 43.90370202000003], [-79.57426126699994, 43.90357472000005], [-79.57429826699996, 43.90356692000006], [-79.57441906699995, 43.90354142000007], [-79.57438576699997, 43.90340392000007], [-79.57450666699998, 43.90337852000005], [-79.57457276699995, 43.90336462000005], [-79.57878116899997, 43.90248062000006], [-79.58289166999998, 43.90161711900004], [-79.58499516999996, 43.90117521900004], [-79.58592797099999, 43.90097931900004], [-79.58709847099993, 43.90073731900003], [-79.58731486599999, 43.90069208600005], [-79.59085633299998, 43.89995183000008], [-79.59125583099996, 43.90165861600008], [-79.59145558599994, 43.90251203600008], [-79.59170290399999, 43.90356866000008], [-79.58788941699999, 43.90436863400004], [-79.58880392299994, 43.90746132800007], [-79.59235346699995, 43.90690303300005], [-79.59208681699994, 43.90618792000004], [-79.59312722699997, 43.90598522700003], [-79.59485918899998, 43.90641462000008], [-79.59513660999994, 43.90636053900005], [-79.59816038099996, 43.90570810000003], [-79.60136267299998, 43.90505342700004], [-79.60110931699995, 43.90408996500003], [-79.60135526999994, 43.90405615400005], [-79.60197679899994, 43.90384922700008], [-79.60211029199996, 43.90376463800004], [-79.60233674999995, 43.90378348400003], [-79.60280639799998, 43.90343888000007], [-79.60360381199996, 43.90319444800008], [-79.60362568199997, 43.90323270600004], [-79.60366610499995, 43.90330339600007], [-79.60372351199999, 43.90340376600005], [-79.60401099799998, 43.90390650900008], [-79.60416114299994, 43.90392227200005], [-79.60436036799996, 43.90427065900008], [-79.60449710199998, 43.90422612300006], [-79.60457114099995, 43.90434858700007], [-79.60452257599997, 43.90437569800008], [-79.60471157799998, 43.90470620300005], [-79.60236207199995, 43.90518983100003], [-79.60236724999999, 43.90520298800004], [-79.60237244199999, 43.90521617800005], [-79.60240627899998, 43.90530218600003], [-79.60182901799999, 43.90571521600003], [-79.60390194899998, 43.90528698600008], [-79.60581949799996, 43.90489082800008], [-79.60575027599998, 43.90448171600008], [-79.60769242199996, 43.90403949800003], [-79.60781404699998, 43.90401180100008], [-79.60779378899997, 43.90396244400006], [-79.60675956299997, 43.90144270100006], [-79.60639581199996, 43.90055493400007], [-79.60628231699997, 43.90027793800004], [-79.60572247299996, 43.89891151300003], [-79.60545744999996, 43.89826760600005], [-79.60506870099994, 43.89732309200008], [-79.60499652399994, 43.89714772800005], [-79.60499657599996, 43.89714771700005], [-79.60978447799994, 43.89612521700008], [-79.60995687799993, 43.89607421700003], [-79.61246837899995, 43.89551601700003], [-79.61393207899994, 43.89524041700002], [-79.61547277999995, 43.89489851600007], [-79.61666977999994, 43.89463341600003], [-79.61902928099994, 43.89412041600008], [-79.62048788099997, 43.89381931600008], [-79.62246608199996, 43.89338741600005], [-79.62324868199994, 43.89321911600007], [-79.62390918199998, 43.89307701600006], [-79.62495498199996, 43.89285191600004], [-79.62508168199997, 43.89282461600004], [-79.62503898199998, 43.89261921600007], [-79.62516108199998, 43.89259621600007], [-79.62520738199999, 43.89259001600004], [-79.62531128199998, 43.89256441600003], [-79.62619168299994, 43.89239801600007], [-79.62622938299995, 43.89239271600007], [-79.62770608299996, 43.89210081500005], [-79.62861548299998, 43.89193861500007], [-79.62950468399998, 43.89176891500006], [-79.62995668399998, 43.89168481500008], [-79.63118018399996, 43.89143201500008], [-79.63350158499998, 43.89093841500005], [-79.63698088599995, 43.89020391500003], [-79.63746028599996, 43.89009361500007], [-79.64054348699995, 43.88944551400004], [-79.64325928799997, 43.88886871400007], [-79.64568838899999, 43.88834611400006], [-79.64908778999995, 43.88762451400004], [-79.64914998999996, 43.88761131400003], [-79.64927098999993, 43.88758561400005], [-79.64927738999995, 43.88761281400008], [-79.64939828999997, 43.88758651400008], [-79.64946068999996, 43.88757311400008], [-79.64949728999994, 43.88756501400007], [-79.64950088999996, 43.88756421400007], [-79.65051428999999, 43.88734391400004], [-79.65158578999996, 43.88711121300003], [-79.65262109099996, 43.88688621300003], [-79.65349209099998, 43.88669711300003], [-79.65416439099994, 43.88655101300003], [-79.65476409099995, 43.88642061300004], [-79.65494979099998, 43.88637981300008], [-79.65640169199997, 43.88606111300004], [-79.65785359199998, 43.88574241300006], [-79.65855969199998, 43.88558731300003], [-79.65930549299998, 43.88542351300003], [-79.66075729299996, 43.88510471300003], [-79.66106079299999, 43.88503801300004], [-79.66220919399996, 43.88478591300003], [-79.66366109399996, 43.88446701200007], [-79.66511289399995, 43.88414821200007], [-79.66656479499994, 43.88382931200005], [-79.66801649499996, 43.88351041200008], [-79.66917599599998, 43.88325561200003], [-79.67288789699995, 43.88247551200004], [-79.67300859699998, 43.88245021200004], [-79.67297449699998, 43.88231361200008], [-79.67309509699999, 43.88228731200007], [-79.67319379699995, 43.88226591200004], [-79.67563789799993, 43.88173531100006], [-79.67810709799994, 43.88120391100006], [-79.67888999899998, 43.88103101100006], [-79.67889179899998, 43.88103071100005], [-79.67962909899995, 43.88086791100005], [-79.68062579899998, 43.88064801100006], [-79.68163069899998, 43.88044241100005], [-79.68294379999998, 43.88017171100006], [-79.68423119999994, 43.87989791100006], [-79.68441749999994, 43.87985761100003], [-79.68508859999997, 43.87971371100008], [-79.68580920099998, 43.87956841100004], [-79.68639100099995, 43.87941941000003], [-79.68672320099995, 43.87935981000004], [-79.68715000099996, 43.87928301000005], [-79.68753760099997, 43.87920191000006], [-79.68774080099996, 43.87915941000006], [-79.68939910199998, 43.87881241000008], [-79.69718240399999, 43.87714321000004], [-79.69742410399994, 43.87709131000003], [-79.69747160399999, 43.87728891000006], [-79.69820290399997, 43.87713361000004], [-79.70074340499997, 43.87658850900004], [-79.70197580499996, 43.87632690900006], [-79.70319150599994, 43.87606030900002], [-79.70434290599997, 43.87581590900004], [-79.70568810699996, 43.87553030900006], [-79.70631320699994, 43.87539600900004], [-79.70693340699995, 43.87526280900005], [-79.70710960699995, 43.87522230900004], [-79.70814010699996, 43.87500720900005], [-79.71053350799997, 43.87448840800005], [-79.71056930799995, 43.87448050800003], [-79.71059330799994, 43.87447530800006], [-79.71062910799998, 43.87446750800007], [-79.71074950799994, 43.87444130800003], [-79.71074510799997, 43.87443340800007], [-79.71031190799994, 43.87366130800007], [-79.70985970799995, 43.87285510800007], [-79.70980580799994, 43.87275900800006], [-79.70885370699995, 43.87106130800004], [-79.70883780699995, 43.87103370800003], [-79.70684770599996, 43.86757120700003], [-79.70569260599996, 43.86556650700004], [-79.70522120499999, 43.86474900700006], [-79.70492200499996, 43.86423000700006], [-79.70309830399998, 43.86113360600007], [-79.70295140399998, 43.86088450600005], [-79.70163050399998, 43.85864160600005], [-79.70097730299995, 43.85753280600005], [-79.69898150299997, 43.85412300500008], [-79.69897958999996, 43.85411974800007], [-79.69885565799996, 43.85414758100006], [-79.69851475699994, 43.85422414000004], [-79.69734290799994, 43.85448026600005], [-79.69589035699994, 43.85479772600007], [-79.69299007599994, 43.85542797400007], [-79.69271273799995, 43.85530135900007], [-79.69083262399994, 43.85570340700008], [-79.68582661299996, 43.85677370000008], [-79.68297780499995, 43.85738265100008], [-79.68245192999996, 43.85716885400007], [-79.68033293299999, 43.85629534500004], [-79.67982629199997, 43.85408582200006], [-79.67940084299994, 43.85217792300006], [-79.67915376799994, 43.85111040700008], [-79.67897878999997, 43.85035434800005], [-79.68065485899996, 43.85000446600003], [-79.68138179599998, 43.84984874200006], [-79.68265501099995, 43.84957597700003], [-79.68373452899993, 43.84934475400007], [-79.68559082599995, 43.84895099200003], [-79.68734955099995, 43.84857929300006], [-79.68913972299998, 43.84819189100006], [-79.69095541199994, 43.84779701700006], [-79.69119890099995, 43.84774385700007], [-79.69126938799997, 43.84804495100008], [-79.69159326299996, 43.84944695000007], [-79.69210585899998, 43.85164563700005], [-79.69241560699999, 43.85297068300008], [-79.69294800999995, 43.85524805300003], [-79.69581801199996, 43.85462437600006], [-79.69727056199997, 43.85430691600004], [-79.69849620599996, 43.85403903300005], [-79.69887993399999, 43.85395020300007], [-79.69773910199996, 43.85204000500005], [-79.69763480199998, 43.85190690500008], [-79.69751370199998, 43.85175240500007], [-79.69734380199998, 43.85156130500008], [-79.69719770199998, 43.85141560500006], [-79.69702600199997, 43.85129670500004], [-79.69684250199998, 43.85115940500003], [-79.69664530199998, 43.85106720500005], [-79.69638710099997, 43.85092920500006], [-79.69601800099997, 43.85073600500004], [-79.69575910099996, 43.85058870500006], [-79.69571090099998, 43.85056150500003], [-79.69546500099995, 43.85042350500004], [-79.69517060099997, 43.85023110500003], [-79.69495060099996, 43.85004850500007], [-79.69484300099998, 43.84984920500006], [-79.69482250099998, 43.84965090500003], [-79.69485140099994, 43.84946210500004], [-79.69491720099995, 43.84930080500004], [-79.69507010099994, 43.84913150500006], [-79.69525990099999, 43.84898950500008], [-79.69549910099994, 43.84885720500006], [-79.69571330099996, 43.84873380500005], [-79.69576410099995, 43.84870440500003], [-79.69544550099994, 43.84816560500008], [-79.69541060099994, 43.84810650500003], [-79.69558580099994, 43.84795060500005], [-79.69654800099994, 43.84709440400007], [-79.69714120099997, 43.84656650400007], [-79.70032580199995, 43.84373170400005], [-79.70078700199997, 43.84332120300007], [-79.70197930199998, 43.84225900300004], [-79.70199550199999, 43.84224440300005], [-79.70199640199996, 43.84224340300005], [-79.70271330299994, 43.84160470300003], [-79.70317540299999, 43.84119320300005], [-79.70431100299999, 43.84018180300006], [-79.70512160299995, 43.83946000300006], [-79.70556710299996, 43.83906340300007], [-79.70572280299996, 43.83892030200008], [-79.70657330399996, 43.83816190200008], [-79.71169540499994, 43.83357600100004], [-79.71207190499996, 43.83323970100002], [-79.71604720599998, 43.82968270000003], [-79.71632110599995, 43.82943800000004], [-79.71647910599995, 43.82929610000008], [-79.71805330599994, 43.82789610000003], [-79.71913440699996, 43.82693510000007], [-79.72014660699995, 43.82603510000007], [-79.72413040799995, 43.82249329900003], [-79.72449030799999, 43.82217619900007], [-79.72611660799998, 43.82072569800005], [-79.72629990799999, 43.82056209800004], [-79.72696600799998, 43.81997059800005], [-79.72713350799995, 43.81982169800006], [-79.72732810799994, 43.81964899800005], [-79.72762380899997, 43.81938649800003], [-79.72902250899995, 43.81814649800003], [-79.73141960899994, 43.81601979700008], [-79.73192520999999, 43.81557329700007], [-79.73245340999995, 43.81510649700004], [-79.73322020999996, 43.81442139700005], [-79.73390880999995, 43.81381069700006], [-79.73477760999998, 43.81303939700007], [-79.73544770999996, 43.81244439600005], [-79.73646191099994, 43.81154499600007], [-79.73795311099997, 43.81022159600008], [-79.73811731099994, 43.81008399600006], [-79.73943341099994, 43.80891959600007], [-79.74015881199995, 43.80827779600003], [-79.74152701199995, 43.80706669500006], [-79.74211851199993, 43.80653949500004], [-79.74347511199994, 43.80534259500007], [-79.74397091199995, 43.80490429500003], [-79.74498351299997, 43.80400779500008], [-79.74595356599997, 43.80314916100008], [-79.74551704999999, 43.80284399200008], [-79.74490300999997, 43.80241471600004], [-79.74572298899994, 43.80171363500006], [-79.74665260799998, 43.80089157800006], [-79.74711816799999, 43.80047986900007], [-79.74812710999998, 43.80121891200008], [-79.74882951399997, 43.80058789400005], [-79.74900001399999, 43.80045389400004], [-79.74958871399997, 43.79993639400004], [-79.75017761399994, 43.79941839400004], [-79.75162171399995, 43.79814849300004], [-79.75258331499998, 43.79730189300005], [-79.75348161499994, 43.79651239300006], [-79.75379331499994, 43.79623809300006], [-79.75405104799995, 43.79601130500004], [-79.75444961499994, 43.79566059300004], [-79.75619301499995, 43.79412669200008], [-79.75739621599996, 43.79306819200008], [-79.75809481599998, 43.79245389200003], [-79.75858802299996, 43.79202017200004], [-79.75939818899997, 43.79161598100006], [-79.75985336699995, 43.79135538300005], [-79.76002095499996, 43.79128487400004], [-79.76028331599997, 43.79117449200004], [-79.76560611799994, 43.78651409100007], [-79.76602171799993, 43.78681639100006], [-79.76647391799997, 43.78714499100005], [-79.77180791899997, 43.78247319000008], [-79.77197361899994, 43.78233749000003], [-79.77709732299996, 43.77780899500004], [-79.77731805799993, 43.77761801700007], [-79.77733268399999, 43.77763161700005], [-79.77739071699995, 43.77767731700004], [-79.77744413199997, 43.77771663600004], [-79.77965664599998, 43.77934511200004], [-79.78191651599997, 43.78100378400006], [-79.78243317999994, 43.78054850500007], [-79.77785091699997, 43.77712126900008], [-79.77747552899996, 43.77684201000005], [-79.77700174399996, 43.77648955100005], [-79.77939671899998, 43.77438002100007], [-79.78178182199997, 43.77227918700004], [-79.78193992199994, 43.77213758700003], [-79.78405292599996, 43.77019239300006], [-79.78422709399996, 43.77032320200004], [-79.78454653099999, 43.77056311500007], [-79.78618874799997, 43.77177181500008], [-79.78713058999995, 43.77091673000007], [-79.78644723999997, 43.77041314500008], [-79.78549261999996, 43.76970916000005], [-79.78515714399998, 43.76946692500007], [-79.78497995699996, 43.76933898500005], [-79.78714152299995, 43.76734908600008], [-79.78711992299998, 43.76733288600008], [-79.79236662399995, 43.76256298500005], [-79.79252302399993, 43.76241938500004], [-79.79776412499996, 43.75760458400003], [-79.79777862499998, 43.75761538400008], [-79.79785892499996, 43.75767478400007], [-79.79927743799999, 43.75639408300003], [-79.80314752699996, 43.75289998300008], [-79.80330462699999, 43.75275778300005], [-79.80850132799998, 43.74800408200008], [-79.80858922799996, 43.74806938200004], [-79.80907482799995, 43.74842918200005], [-79.80916272799999, 43.74849438200005], [-79.81437742899999, 43.74374918100006], [-79.81453352899996, 43.74360588100006], [-79.81972833099996, 43.73875098000008], [-79.81981723099994, 43.73881568000007], [-79.82508153299995, 43.74265908000007], [-79.82603193299997, 43.74178068000003], [-79.82718133299994, 43.74071838000003], [-79.82724433299995, 43.74066018000008], [-79.82753483299996, 43.74039188000006], [-79.82758423299998, 43.74034608000005], [-79.82758753299998, 43.74034308000006], [-79.82773693299998, 43.74020498000004], [-79.82780623299999, 43.74014098000004], [-79.82780843299997, 43.74013888000007], [-79.82784143299995, 43.74010858000003], [-79.82823753299994, 43.73974237900006], [-79.82834333299996, 43.73964467900004], [-79.82843513299997, 43.73955987900007], [-79.82844443299996, 43.73955117900005], [-79.82845843399997, 43.73953807900006], [-79.82848943399995, 43.73950957900007], [-79.82854703399994, 43.73945627900008], [-79.82863783399995, 43.73937237900003], [-79.82872083399997, 43.73929567900007], [-79.82879363399996, 43.73922837900005], [-79.82879733399994, 43.73922527900004], [-79.82880753399996, 43.73921567900004], [-79.82881693399997, 43.73920707900004], [-79.82889123399997, 43.73913817900007], [-79.82897523399998, 43.73906057900007], [-79.82905903399995, 43.73898327900008], [-79.82922903399998, 43.73882597900007], [-79.82883611999995, 43.73849163900007], [-79.82975250799996, 43.73763210700008], [-79.83020307299995, 43.73792597000005], [-79.83027993399998, 43.73785507900004], [-79.83043343399999, 43.73771487900007], [-79.83048603399999, 43.73766627900005], [-79.83087153399998, 43.73731837900004], [-79.83099563399998, 43.73720677900008], [-79.83108923399999, 43.73712287900003], [-79.83118263399996, 43.73703897900003], [-79.83127613399995, 43.73695487900005], [-79.83136963399994, 43.73687057900003], [-79.83146293399994, 43.73678667900003], [-79.83155663399998, 43.73670257900005], [-79.83165033399996, 43.73661857900004], [-79.83174373399999, 43.73653447900006], [-79.83183723399998, 43.73645037900008], [-79.83193083399993, 43.73636637900006], [-79.83201303399994, 43.73629227900005], [-79.83202423399996, 43.73628227900008], [-79.83211663399999, 43.73619737900003], [-79.83220883399997, 43.73611267900003], [-79.83230113399998, 43.73602777900004], [-79.83239353399995, 43.73594317900006], [-79.83248593399998, 43.73585847900006], [-79.83260143399997, 43.73575257900006], [-79.83275533499994, 43.73561127800008], [-79.83287113499995, 43.73550477800006], [-79.83296393499995, 43.73541977800005], [-79.83305663499993, 43.73533467800007], [-79.83314923499995, 43.73524957800004], [-79.83318553499998, 43.73521627800005], [-79.83324253499995, 43.73516467800005], [-79.83333603499995, 43.73507997800004], [-79.83342953499994, 43.73499537800006], [-79.83352293499996, 43.73491067800006], [-79.83361643499995, 43.73482607800003], [-79.83371003499997, 43.73474117800004], [-79.83380343499994, 43.73465657800006], [-79.83389693499998, 43.73457197800008], [-79.83399023499999, 43.73448747800006], [-79.83408383499994, 43.73440277800006], [-79.83417733499994, 43.73431797800004], [-79.83427073499996, 43.73423337800006], [-79.83436403499996, 43.73414907800003], [-79.83436823499994, 43.73414527800003], [-79.83445713499998, 43.73406457800007], [-79.83457483499996, 43.73395827800005], [-79.83475343499998, 43.73379677800006], [-79.83501353499997, 43.73356157800004], [-79.83527363499996, 43.73332627800005], [-79.83542883499996, 43.73318577800006], [-79.83570033499996, 43.73294027800006], [-79.83559213499996, 43.73286017800007], [-79.83552813499995, 43.73281277800004], [-79.83043823299994, 43.72895397700006], [-79.83034963299997, 43.72888947700005], [-79.83026083299995, 43.72882477700006], [-79.83020163299994, 43.72878167700003], [-79.83011303299998, 43.72871707700006], [-79.83530433399994, 43.72397717600006], [-79.83546093399997, 43.72383467600008], [-79.84079493599995, 43.71903437500004], [-79.84071283599997, 43.71897297500004], [-79.84607113699997, 43.71417127400008], [-79.84622893699998, 43.71402917400007], [-79.85148533799997, 43.70927207300008], [-79.85154813799994, 43.70931827300006], [-79.85682773899998, 43.70458397200008], [-79.85698533899995, 43.70444187200007], [-79.86218144099996, 43.69973157100003], [-79.86193624099997, 43.69952887100004], [-79.86719184199995, 43.69474547000004], [-79.86734904199994, 43.69460357000003], [-79.87044929999996, 43.69179477100005], [-79.87136742399997, 43.69072348500003], [-79.87015622099995, 43.68972937800004], [-79.87084304699994, 43.68869866100005], [-79.86661582499994, 43.68538043200004], [-79.86896811499997, 43.68316768400007], [-79.87446691199995, 43.68711378300003], [-79.87705954399996, 43.68477306800003], [-79.87721674399995, 43.68463106700005], [-79.87726491699993, 43.68458762400007], [-79.87712224299997, 43.68448353200006], [-79.87662873399995, 43.68412347800006], [-79.87447529999997, 43.68253845800007], [-79.87707935099996, 43.68018526000003], [-79.87445014799994, 43.67836343000005], [-79.87736060899994, 43.67561244700005], [-79.88285444299999, 43.67971039200006], [-79.88299913999998, 43.67981832400005], [-79.88526806099998, 43.67832603900007], [-79.88879434699999, 43.67496056500005], [-79.88887284699996, 43.67488946500004], [-79.88722733599997, 43.67367660500003], [-79.88414454499997, 43.67140436500006], [-79.88348184499995, 43.67091576500007], [-79.88249874399997, 43.67018966500007], [-79.88179744399997, 43.66967136500006], [-79.88079302099999, 43.66892924200005], [-79.87985714299998, 43.66823776400003], [-79.87985464299999, 43.66823596400008], [-79.87815684299994, 43.66698186400004], [-79.87804254299994, 43.66689796400004], [-79.87797994299996, 43.66685226400006], [-79.87645924199995, 43.66572946400004], [-79.87522564199998, 43.66481836400004], [-79.87419484099996, 43.66405726400006], [-79.87337374099997, 43.66345076400006], [-79.87267394099996, 43.66293406400007], [-79.86800843899994, 43.65948976400006], [-79.86734633899994, 43.65900086300007], [-79.86624413799996, 43.65818136300004], [-79.86409213699994, 43.65658156300003], [-79.86334763699995, 43.65602786300008], [-79.86250283699997, 43.65539976300005], [-79.86222013699995, 43.65518936300003], [-79.86202783699997, 43.65504656300004], [-79.86100423599999, 43.65428416300006], [-79.86060563599995, 43.65398746300008], [-79.85977013599995, 43.65336526300007], [-79.85849653499997, 43.65241646300007], [-79.85834163499999, 43.65230116300006], [-79.85817223499998, 43.65217506300007], [-79.85674303499997, 43.65111056300003], [-79.85367303299995, 43.64882266200004], [-79.85325423299997, 43.64851056200007], [-79.85256983299996, 43.64800036200006], [-79.85127613199995, 43.64703596200007], [-79.85071963199994, 43.64662126200005], [-79.85013903199996, 43.64618846200005], [-79.84982653199995, 43.64595576200003], [-79.84760843099997, 43.64430236200008], [-79.84598442999999, 43.64309186200006], [-79.84598372999994, 43.64309126200004], [-79.84065622799994, 43.63916696100006], [-79.83536502599998, 43.63523976100004], [-79.83475312599995, 43.63478816100007], [-79.83423542599996, 43.63440616100007], [-79.83231642499999, 43.63298936100006], [-79.83157432499996, 43.63244136000003], [-79.83005582399994, 43.63132046000004], [-79.82635382299998, 43.62859136000003], [-79.82554632299997, 43.62799616000007], [-79.82524502199999, 43.62777426000008], [-79.82505722199994, 43.62763606000004], [-79.82478282199997, 43.62743406000004], [-79.82444872199994, 43.62718816000006], [-79.82217012099994, 43.62551556000005], [-79.81923331999997, 43.62336015900007], [-79.81843601999998, 43.62277575900004], [-79.81607181899994, 43.62104255900005], [-79.81389541799996, 43.61944735900005], [-79.81372341799994, 43.61932075900006], [-79.81362981799998, 43.61925195900005], [-79.80857801599996, 43.61553385900004], [-79.80462331499996, 43.61263725800006], [-79.80323961399995, 43.61162345800005], [-79.80247361399995, 43.61106205800007], [-79.80167031299999, 43.61047305800003], [-79.80056561299995, 43.60966295800006], [-79.79779511199996, 43.60763145800007], [-79.79751791199999, 43.60742185800007], [-79.79751511199999, 43.60741975800005], [-79.79751361199999, 43.60741865800003], [-79.79746911199999, 43.60738525800008], [-79.79545431099996, 43.60588725800005], [-79.79375720999997, 43.60462675700006], [-79.79256080999994, 43.60374085700005], [-79.79215429799996, 43.60344359100003], [-79.79206274999996, 43.60350265300008], [-79.79198810399998, 43.60354864400006], [-79.79191603299995, 43.60359305400004], [-79.79172295099994, 43.60371202600004], [-79.79166863599994, 43.60374451900003], [-79.79156463999999, 43.60380143400005], [-79.79145635699996, 43.60385396000004], [-79.79134413799994, 43.60390192500006], [-79.79122834699996, 43.60394517400005], [-79.79110935699998, 43.60398356700006], [-79.79098755599995, 43.60401698200008], [-79.79086333799995, 43.60404530800002], [-79.79073710299997, 43.60406845400007], [-79.79060925899995, 43.60408634500004], [-79.79048022399996, 43.60409892300004], [-79.79036832599996, 43.60410586200004], [-79.79025613299996, 43.60410951800003], [-79.79014382999998, 43.60410988700005], [-79.79003159699994, 43.60410696600007], [-79.78990891699993, 43.60409999700005], [-79.78978677899994, 43.60408909900008], [-79.78966195699996, 43.60407381200008], [-79.78953821899995, 43.60405442100006], [-79.78942078899996, 43.60403200300004], [-79.78930481499998, 43.60400589000005], [-79.78919051599996, 43.60397613000004], [-79.78907810999993, 43.60394278000007], [-79.78901603199995, 43.60392254500005], [-79.78889903399994, 43.60388071600005], [-79.78878485699994, 43.60383495500002], [-79.78867375099998, 43.60378536200005], [-79.78856595999997, 43.60373204800004], [-79.78846171799995, 43.60367512700003], [-79.78836125599997, 43.60361472400007], [-79.78826479199995, 43.60355097200005], [-79.78813508399998, 43.60346400200007], [-79.78800108899998, 43.60338053400005], [-79.78786298899996, 43.60330067900003], [-79.78772096699998, 43.60322454400006], [-79.78964345899999, 43.60198995000007], [-79.78949438299998, 43.60191048600007], [-79.78902845199997, 43.60216230600003], [-79.78887791299996, 43.60218880100007], [-79.78882132899997, 43.60220500100007], [-79.78855510999995, 43.60224609000005], [-79.78842556999996, 43.60226979800007], [-79.78784391899995, 43.60222475200004], [-79.78741864599994, 43.60206431700004], [-79.78713310899997, 43.60191157700007], [-79.78639217599994, 43.60151523200005], [-79.78547401699996, 43.60120354000003], [-79.78513827699999, 43.60117065100007], [-79.78510039399998, 43.60116694000004], [-79.78503690899998, 43.60116072100004], [-79.78458312399994, 43.60111786500005], [-79.78456060799994, 43.60100504500008], [-79.78491483099998, 43.60097802000007], [-79.78738609099997, 43.60078945500004], [-79.78792140799999, 43.60034805700008], [-79.78808290799998, 43.60033205700006], [-79.78808450799994, 43.60033185700007], [-79.79070590899994, 43.60007155700004], [-79.79131670899994, 43.59997275700005], [-79.79195440899997, 43.59985595700005], [-79.79258330999994, 43.59973025700003], [-79.79321220999998, 43.59958645700004], [-79.79383210999998, 43.59943365600003], [-79.79444280999996, 43.59926305600004], [-79.79504480999998, 43.59908345600007], [-79.79564661099994, 43.59889475600005], [-79.79639611099998, 43.59861825600007], [-79.79640121099999, 43.59861625600007], [-79.79662581099996, 43.59853535600007], [-79.79663141099996, 43.59853335600008], [-79.79676051099995, 43.59848155600008], [-79.79732641099997, 43.59824775600003], [-79.79789241099996, 43.59800545600007], [-79.79844041099994, 43.59774485600008], [-79.79897941099995, 43.59747545600004], [-79.79950941199996, 43.59719685600004], [-79.80002151199994, 43.59690955600007], [-79.80052441199996, 43.59660415600007], [-79.80101851199998, 43.59628965600007], [-79.80149461199994, 43.59596635600008], [-79.80196181199994, 43.59562495500006], [-79.80241101199994, 43.59528355500004], [-79.80284231199994, 43.59493315500004], [-79.80327331299998, 43.59455585500007], [-79.80822141399995, 43.59011975400006], [-79.80830031399995, 43.59005175400006], [-79.80838381399997, 43.58997985400003], [-79.81010111399996, 43.58847085400004], [-79.81009961399997, 43.58844305400004], [-79.81008571399997, 43.58833835400003], [-79.81007441399998, 43.58821945400007], [-79.81002621399995, 43.58800125400006], [-79.80995571399995, 43.58772915400004], [-79.80988631399998, 43.58750505400008], [-79.80946841399998, 43.58660585300004], [-79.80912531399997, 43.58605385300007], [-79.80868711299996, 43.58549945300007], [-79.80787231299996, 43.58470925300003], [-79.80738221299998, 43.58431395300005], [-79.80652421299999, 43.58365185300005], [-79.80520361199996, 43.58267825300004], [-79.80384861199997, 43.58167465300005], [-79.80247261099998, 43.58066085300004], [-79.80111941099995, 43.57966695300007], [-79.79975110999999, 43.57866315300004], [-79.79833110899995, 43.57761495200003], [-79.79713920899997, 43.57673585200007], [-79.79573810799997, 43.57572165200003], [-79.79457800799997, 43.57490375200007], [-79.79349180799994, 43.57419535200006], [-79.79224410699999, 43.57338635200006], [-79.79112100699996, 43.57266765200006], [-79.79022900599995, 43.57206875200006], [-79.78965210599995, 43.57165265200007], [-79.78869400599996, 43.57095135200007], [-79.78771680499995, 43.57014085200007], [-79.78661370499998, 43.56921035200003], [-79.78541660499997, 43.56821795100007], [-79.78375290399998, 43.56694365100003], [-79.78257270299997, 43.56608145100006], [-79.78122010299995, 43.56509315100004], [-79.77997310199999, 43.56417505100006], [-79.77919800399997, 43.56360920400004], [-79.77859960199999, 43.56317235100005], [-79.77734680099996, 43.56225985100008], [-79.77608810099997, 43.56134605100004], [-79.77486789999995, 43.56045795100005], [-79.77354829999996, 43.55948535000005], [-79.77230339999994, 43.55857155000007], [-79.77117709899994, 43.55774795000008], [-79.76988939899996, 43.55683945000004], [-79.76892799799998, 43.55622965000003], [-79.76832519799996, 43.55585845000007], [-79.76689319699994, 43.55507125000003], [-79.76617429699996, 43.55468175000004], [-79.76499369699997, 43.55395795000004], [-79.76381209599998, 43.55319315000003], [-79.76283249599999, 43.55252525000003], [-79.76203619599994, 43.55193285000007], [-79.76133999499996, 43.55138105000003], [-79.76069979499994, 43.55084965000003], [-79.75973759499999, 43.55000384900006], [-79.75860239399998, 43.54897234900005], [-79.75760259399993, 43.54806524900005], [-79.75729749399994, 43.54778064900006], [-79.75636179299994, 43.54697454900003], [-79.75515669299995, 43.54603694900004], [-79.75388339199998, 43.54511274900005], [-79.75265619199996, 43.54421444900004], [-79.75127599099994, 43.54320554900005], [-79.74999709099995, 43.54227284900003], [-79.74854978999997, 43.54121804800008], [-79.74729198999995, 43.54030374800004], [-79.74612038899994, 43.53945554800003], [-79.74475978899994, 43.53853444800006], [-79.74317688799994, 43.53756284800005], [-79.74174748799999, 43.53678234800003], [-79.74057858699996, 43.53618144800004], [-79.73922038699999, 43.53543984800007], [-79.73776128599997, 43.53468584800004], [-79.73710168599996, 43.53435774800005], [-79.73583898599998, 43.53369494800006], [-79.73511638499997, 43.53332164800003], [-79.73491488499997, 43.53321524800003], [-79.73471098499994, 43.53310614800006], [-79.73437878499999, 43.53294004800006], [-79.73417588499996, 43.53283644800007], [-79.73405948499999, 43.53278154800006], [-79.73392228499995, 43.53271084800008], [-79.73358428499995, 43.53254354800004], [-79.73332398499997, 43.53241974800005], [-79.73321678499997, 43.53236614800005], [-79.73303248499997, 43.53227944800005], [-79.73277208499997, 43.53216194800007], [-79.73236288399994, 43.53197424800004], [-79.73184898399995, 43.53175084800006], [-79.73150608399999, 43.53160584700004], [-79.73105558399999, 43.53141774700003], [-79.73077978399994, 43.53130464700007], [-79.73062698399997, 43.53124364700005], [-79.73041878399994, 43.53116544700003], [-79.73004478399997, 43.53103614700007], [-79.72988278399998, 43.53098024700006], [-79.72979708399998, 43.53095274700007], [-79.72969808399995, 43.53091774700005], [-79.72957388299994, 43.53087504700005], [-79.72937238299994, 43.53080354700006], [-79.72929028299995, 43.53077204700003], [-79.72927378299994, 43.53076774700003], [-79.72898028299994, 43.53067044700003], [-79.72867228299998, 43.53058464700007], [-79.72848888299995, 43.53054244700007], [-79.72830548299999, 43.53050494700005], [-79.72806578299998, 43.53046674700005], [-79.72793318299995, 43.53044424700005], [-79.72778578299994, 43.53042574700004], [-79.72755498299995, 43.53039794700004], [-79.72754788299994, 43.53039734700008], [-79.72482168199997, 43.52825544700005], [-79.72302378099994, 43.52698260600005], [-79.70564196099997, 43.51820918300007], [-79.70160270599996, 43.51635703700003], [-79.69825456299998, 43.51482179100003], [-79.69311732299997, 43.51216364600003], [-79.69104576999996, 43.51409224600008], [-79.68793636899994, 43.51697524700006], [-79.68482756799995, 43.51985194800005], [-79.68174746799997, 43.52270104800004], [-79.68167526799994, 43.52276814800007], [-79.68167316799997, 43.52276674800004], [-79.68149046699995, 43.52262934800007], [-79.68139576699997, 43.52255954800006], [-79.68074756699997, 43.52208064800004], [-79.68054006699998, 43.52193174800004], [-79.68021146699994, 43.52169624800007], [-79.67681356599996, 43.51920784800006], [-79.67137016399994, 43.51522794700003], [-79.67099676299995, 43.51495754700005], [-79.67099376299996, 43.51495534700007], [-79.67070026299996, 43.51474294700006], [-79.66987836299995, 43.51413944700005], [-79.66986526299996, 43.51412984700005], [-79.66859626299998, 43.51319844700004], [-79.66859396299998, 43.51319674700005], [-79.66781076199999, 43.51262174700003], [-79.66701116199994, 43.51203474700003], [-79.66382126099995, 43.50970144700005], [-79.66362636099996, 43.50956134700004], [-79.66326105999997, 43.50929884700003], [-79.66236295999994, 43.50864654700007], [-79.66236025999996, 43.50864444700005], [-79.66072845999997, 43.50745914700008], [-79.65920585899994, 43.50634884600004], [-79.65870725899998, 43.50598554600003], [-79.65747805799998, 43.50508904600008], [-79.65598065799998, 43.50400004600004], [-79.65597645799994, 43.50399684600006], [-79.65542865699996, 43.50359894600007], [-79.65542545699998, 43.50359654600004], [-79.65453195699996, 43.50294744600006], [-79.65437405699998, 43.50283114600006], [-79.65337575699994, 43.50209644600005], [-79.65136715599994, 43.50064104600006], [-79.65101445599998, 43.50037584600005], [-79.64817015499995, 43.49831024600007], [-79.64816595499997, 43.49830734600005], [-79.64755745399998, 43.49786774500006], [-79.64643225399999, 43.49704564500007], [-79.64585365399995, 43.49662294500007], [-79.64559485399997, 43.49643354500006], [-79.64540335399994, 43.49629354500007], [-79.64513165399995, 43.49609334500008], [-79.64493715299994, 43.49595004500003], [-79.64480715299999, 43.49585434500005], [-79.64248185299994, 43.49414444500007], [-79.64099865199995, 43.49305384500008], [-79.63967355099999, 43.49208484500008], [-79.63795665099997, 43.49082974500004], [-79.63444404899997, 43.48824804400004], [-79.62902744699994, 43.48426694400007], [-79.62851064699998, 43.48388664400005], [-79.62794494699995, 43.48347044400003], [-79.62785974699995, 43.48340644400002], [-79.62782334699995, 43.48337904400006], [-79.62766024699994, 43.48326444400004], [-79.62764074699999, 43.48325084400005], [-79.62762694699995, 43.48324064400003], [-79.62506614599994, 43.48134984400008], [-79.62462080999995, 43.48114004800004], [-79.61609212699994, 43.48743229200005], [-79.60977788599996, 43.48301791200004], [-79.60874413899995, 43.48430311100003], [-79.61069987699994, 43.48567212800003], [-79.60142408999997, 43.49293629800007], [-79.59489163399996, 43.53123322000005], [-79.53816731299997, 43.57963103500003], [-79.54157682799996, 43.58422166600008], [-79.54161014499994, 43.58423254700006], [-79.54300462899994, 43.58468796600005], [-79.54321392899999, 43.58473566600003], [-79.54339862899997, 43.58478316600008], [-79.54359582899997, 43.58482166600004], [-79.54376742899996, 43.58489586600007], [-79.54391412899997, 43.58497866600004], [-79.54406052899998, 43.58507066600004], [-79.54421952899997, 43.58515376600008], [-79.54435382899999, 43.58523646600003], [-79.54448762899995, 43.58533726600007], [-79.54463422899994, 43.58542016600006], [-79.54478062899994, 43.58551206600004], [-79.54488932999999, 43.58563036600003], [-79.54498522999995, 43.58575766600006], [-79.54505622999994, 43.58590276600006], [-79.54510162999998, 43.58607436600005], [-79.54512182999997, 43.58626366600004], [-79.54516732999997, 43.58643526600008], [-79.54521262999998, 43.58660706600006], [-79.54527062999995, 43.58676986600005], [-79.54535402999994, 43.58690596600007], [-79.54551312999996, 43.58698906600006], [-79.54569752999998, 43.58704546600006], [-79.54595802999995, 43.58703076600005], [-79.54615522999995, 43.58706926600007], [-79.54630172999998, 43.58716126600007], [-79.54644822999995, 43.58725306600007], [-79.54656942999998, 43.58736256600008], [-79.54666562999995, 43.58748096600004], [-79.54676182999998, 43.58760816600005], [-79.54675952999997, 43.58769826600007], [-79.54668232999995, 43.58782326600004], [-79.54647952999994, 43.58800976600003], [-79.54640242999994, 43.58812586600004], [-79.54629992999998, 43.58826856600007], [-79.54623552999999, 43.58836686600006], [-79.54619732999998, 43.58841136600006], [-79.54618252999995, 43.58851026600007], [-79.54621782999999, 43.58859166600007], [-79.54625362999997, 43.58864616600005], [-79.54638032999998, 43.58853076600008], [-79.54653812999999, 43.58866776600007], [-79.54657472999997, 43.58868626600002], [-79.54669562999999, 43.58881396600003], [-79.54670762999996, 43.58882306600003], [-79.54671972999995, 43.58883216600003], [-79.54671962999998, 43.58884126600003], [-79.54673202999999, 43.58884136600005], [-79.54673182999994, 43.58885036600003], [-79.54676832999996, 43.58887786600008], [-79.54679242999998, 43.58890516600007], [-79.54682892999995, 43.58893266600006], [-79.54686542999997, 43.58896016600005], [-79.54690202999996, 43.58898746600005], [-79.54692592999999, 43.58902386600005], [-79.54696232999999, 43.58905126600007], [-79.54699863099995, 43.58908796600008], [-79.54701103099995, 43.58908806600004], [-79.54701083099997, 43.58909716600004], [-79.54702323099997, 43.58909716600004], [-79.54705963099997, 43.58912466600003], [-79.54708373099999, 43.58915186600007], [-79.54712003099996, 43.58918846600005], [-79.54715663099995, 43.58921596600004], [-79.54719323099994, 43.58923446600005], [-79.54722993099995, 43.58926176600005], [-79.54726633099995, 43.58928926600004], [-79.54730283099997, 43.58931676600002], [-79.54732703099995, 43.58934416600005], [-79.54736343099995, 43.58937166600003], [-79.54740003099994, 43.58939906600006], [-79.54742413099996, 43.58942646600008], [-79.54746053099996, 43.58945386600004], [-79.54749703099998, 43.58948126600006], [-79.54753363099996, 43.58950886600007], [-79.54757013099999, 43.58953636600006], [-79.54760673099997, 43.58955466600003], [-79.54764323099994, 43.58958216600007], [-79.54767973099996, 43.58960986600005], [-79.54771643099997, 43.58962816600007], [-79.54782643099998, 43.58969266600008], [-79.54801023099998, 43.58977606600007], [-79.54802243099994, 43.58978516600007], [-79.54803473099997, 43.58978536600006], [-79.54805943099996, 43.58979466600005], [-79.54807153099995, 43.58980376600005], [-79.54810843099995, 43.58981326600008], [-79.54814523099998, 43.58983176600003], [-79.54818183099997, 43.58985026600004], [-79.54821873099996, 43.58986866600003], [-79.54825533099995, 43.58988716600004], [-79.54830463099995, 43.58989686600006], [-79.54834113099997, 43.58992426600003], [-79.54837783099998, 43.58994276600004], [-79.54838983099995, 43.58996096600004], [-79.54840173099996, 43.58997906600007], [-79.54841373099998, 43.58999726600007], [-79.54843803099999, 43.59001556600003], [-79.54845003099996, 43.59003366600007], [-79.54847453099995, 43.59004306600008], [-79.54848673099997, 43.59005206600006], [-79.54849883099996, 43.59006136600004], [-79.54852343099998, 43.59007066600003], [-79.54854793099997, 43.59007996600008], [-79.54857253099993, 43.59008926600006], [-79.54860903099996, 43.59011666600003], [-79.54862153099998, 43.59011696600004], [-79.54863353099995, 43.59012606600004], [-79.54864593099995, 43.59012616600006], [-79.54865833099996, 43.59012626600003], [-79.54883143099994, 43.59014666600007], [-79.54904073099993, 43.59019416600006], [-79.54910223099995, 43.59021296600008], [-79.54918853099997, 43.59023216600008], [-79.54928693099998, 43.59026046600007], [-79.54938493099996, 43.59030656600004], [-79.54948223099996, 43.59037986600003], [-79.54956613099995, 43.59049806600007], [-79.54956593099996, 43.59050706600004], [-79.54956573099997, 43.59051596600005], [-79.54957793099999, 43.59052526600004], [-79.54957763099998, 43.59053426600008], [-79.54958973099997, 43.59055246600008], [-79.54958913099995, 43.59057046600003], [-79.54960113099997, 43.59058856600006], [-79.54960063099998, 43.59060646600005], [-79.54961263099995, 43.59062466600005], [-79.54961223099997, 43.59064276600003], [-79.54962413099997, 43.59066086600006], [-79.54963583099999, 43.59068806600004], [-79.54963543099996, 43.59070606600005], [-79.54964773099994, 43.59071526600007], [-79.54964683199995, 43.59075136600006], [-79.54964653199994, 43.59076026600007], [-79.54965883199998, 43.59076036600004], [-79.54965853199997, 43.59077826600003], [-79.54965803199997, 43.59079636600006], [-79.54965773199996, 43.59081436600007], [-79.54965753199997, 43.59082336600005], [-79.54965713199994, 43.59083226600006], [-79.54965693199995, 43.59084136600006], [-79.54964443199998, 43.59084126600004], [-79.54966923199999, 43.59085056600003], [-79.54968113199999, 43.59086876600003], [-79.54969323199998, 43.59087786600003], [-79.54969303199994, 43.59088686600006], [-79.54970513199999, 43.59090506600006], [-79.54971693199997, 43.59092306600007], [-79.54971663199996, 43.59094116600005], [-79.54972863199998, 43.59095036600007], [-79.54972813199998, 43.59097746600003], [-79.54973993199997, 43.59099546600004], [-79.54973903199993, 43.59104056600006], [-79.54973863199996, 43.59104956600004], [-79.54975063199998, 43.59106766600007], [-79.54975033199997, 43.59108556600006], [-79.54975003199996, 43.59109456600004], [-79.54974963199999, 43.59111266600007], [-79.54976153199993, 43.59113086600007], [-79.54977343199994, 43.59114896600005], [-79.54977303199996, 43.59116696600006], [-79.54977283199997, 43.59117606600006], [-79.54977233199997, 43.59119406600007], [-79.54978463199996, 43.59120316600007], [-79.54978433199994, 43.59121226600007], [-79.54979623199995, 43.59123036600005], [-79.54979613199998, 43.59123926600006], [-79.54980793199996, 43.59125746600006], [-79.54980783199994, 43.59126646600004], [-79.54983193199996, 43.59129386600006], [-79.54983103199999, 43.59132976600006], [-79.54984283199997, 43.59135696600003], [-79.54985453199998, 43.59138416600007], [-79.54985383199994, 43.59141116600006], [-79.54984093199994, 43.59142896600008], [-79.54983973199995, 43.59148296600006], [-79.54983943199994, 43.59150086600005], [-79.54982663199996, 43.59151886600006], [-79.54982583199995, 43.59154586700004], [-79.54982553199994, 43.59156376700003], [-79.54982493199998, 43.59158186700006], [-79.54981223199997, 43.59159966700003], [-79.54981173199997, 43.59161776700006], [-79.54981143199996, 43.59163566700005], [-79.54981123199997, 43.59164466700003], [-79.54981053199998, 43.59166256700007], [-79.54982293199998, 43.59167186700006], [-79.54983503199998, 43.59168106700002], [-79.54984693199998, 43.59169926700008], [-79.54984673199993, 43.59170816700004], [-79.54985913199994, 43.59170836700008], [-79.54985893199995, 43.59171726700004], [-79.54985843199995, 43.59173526700005], [-79.54985803199997, 43.59175336700008], [-79.54985763199994, 43.59177136700004], [-79.54984483199996, 43.59178926700008], [-79.54983193199996, 43.59180706700005], [-79.54981923199995, 43.59182486700007], [-79.54980653199993, 43.59183376700003], [-79.54979373199996, 43.59185156700005], [-79.54978093199998, 43.59186946700004], [-79.54978043199998, 43.59188746700005], [-79.54976763199994, 43.59190526700007], [-79.54976723199997, 43.59192326700003], [-79.54975423199994, 43.59194126700004], [-79.54975423199994, 43.59195026700007], [-79.54974153199998, 43.59196796700007], [-79.54974093199996, 43.59198596700003], [-79.54974083199994, 43.59199486700004], [-79.54972833199997, 43.59199486700004], [-79.54972833199997, 43.59200386700007], [-79.54972793199994, 43.59201286700005], [-79.54973923199998, 43.59205796700007], [-79.54975063199998, 43.59210316700006], [-79.54969993199995, 43.59214756700004], [-79.54966313199998, 43.59213796700004], [-79.54964933199994, 43.59219196700008], [-79.54963533199998, 43.59226386700004], [-79.54969713199995, 43.59226466700005], [-79.54970903199995, 43.59228256700004], [-79.54970793199999, 43.59232766700006], [-79.54969563199995, 43.59232756700004], [-79.54968323199995, 43.59232736700005], [-79.54968303199996, 43.59233636700003], [-79.54968273199995, 43.59234536700006], [-79.54967043199997, 43.59234526700004], [-79.54967023199998, 43.59235426700008], [-79.54966983199995, 43.59237226700003], [-79.54965693199995, 43.59239006700005], [-79.54965683199998, 43.59239906700003], [-79.54964393199998, 43.59241696700008], [-79.54963103199998, 43.59243476700004], [-79.54961823199994, 43.59245266700003], [-79.54960563199995, 43.59246146700008], [-79.54959283199997, 43.59247936700007], [-79.54958003199994, 43.59249716700003], [-79.54956703199997, 43.59252386700007], [-79.54955413199997, 43.59254186700008], [-79.54954133199999, 43.59255966700005], [-79.54951583199994, 43.59258636700008], [-79.54949063199996, 43.59261296700004], [-79.54943973199994, 43.59266656700004], [-79.54940163199996, 43.59270186700007], [-79.54937623199999, 43.59272866700007], [-79.54933853199998, 43.59275516700006], [-79.54931293199996, 43.59279076700005], [-79.54930023199995, 43.59279976700003], [-79.54930003199996, 43.59280876700007], [-79.54928743199997, 43.59281756700005], [-79.54927483199998, 43.59282656700003], [-79.54926163199997, 43.59286226700004], [-79.54923613199998, 43.59288896700008], [-79.54921053199996, 43.59292466700003], [-79.54917253199994, 43.59296016700006], [-79.54915943199995, 43.59298706700008], [-79.54913403199998, 43.59301376700006], [-79.54910843199997, 43.59304946700007], [-79.54908333199995, 43.59306706700005], [-79.54907063199994, 43.59307596700006], [-79.54905823199994, 43.59307576700007], [-79.54905803199995, 43.59308466700003], [-79.54904533199993, 43.59309356700004], [-79.54903253199996, 43.59311146700003], [-79.54901963199995, 43.59313836700005], [-79.54900653199996, 43.59316506700003], [-79.54899373199999, 43.59318296700008], [-79.54898083199998, 43.59320076700004], [-79.54895523099998, 43.59323656700008], [-79.54893003099994, 43.59325426700008], [-79.54892983099995, 43.59326326700005], [-79.54891723099996, 43.59327206700004], [-79.54890393099998, 43.59330796700004], [-79.54889073099997, 43.59334376700008], [-79.54887723099995, 43.59338876700008], [-79.54887643099994, 43.59342466700008], [-79.54887573099995, 43.59345166700007], [-79.54887523099995, 43.59346966700008], [-79.54887413099993, 43.59352366700006], [-79.54887353199996, 43.59354166700007], [-79.54888553199999, 43.59355986700007], [-79.54888513199995, 43.59357776700006], [-79.54888463199995, 43.59359586700003], [-79.54888403199999, 43.59362276700006], [-79.54887083199998, 43.59364966700008], [-79.54887003199997, 43.59368556700008], [-79.54885723199999, 43.59371266700003], [-79.54885633199996, 43.59374846700007], [-79.54884303199998, 43.59378436700007], [-79.54884233199994, 43.59381136700006], [-79.54884143199996, 43.59384736700008], [-79.54884113199995, 43.59386536700003], [-79.54884063199995, 43.59388326700008], [-79.54884043199996, 43.59389226700006], [-79.54883993199996, 43.59391036700003], [-79.54885173199995, 43.59393756700007], [-79.54885123199995, 43.59395556700008], [-79.54885093199994, 43.59397346700007], [-79.54883823199998, 43.59398236700008], [-79.54881323199999, 43.59399106700005], [-79.54880043199995, 43.59400896700004], [-79.54878783199996, 43.59401776700003], [-79.54876273199994, 43.59403546700003], [-79.54875013199995, 43.59404426700007], [-79.54873693199994, 43.59407116700004], [-79.54872413199996, 43.59408896700006], [-79.54872393199997, 43.59409796700004], [-79.54872373199998, 43.59410696700007], [-79.54872353199994, 43.59411606700007], [-79.54872303199994, 43.59413406700003], [-79.54870983199999, 43.59416986700006], [-79.54869663199997, 43.59420566700004], [-79.54869573199994, 43.59424176700003], [-79.54868243199996, 43.59427756700006], [-79.54868233199994, 43.59428646700007], [-79.54868213199995, 43.59429556700007], [-79.54866973199995, 43.59429526700006], [-79.54866883199998, 43.59433146700007], [-79.54865553199994, 43.59436726700005], [-79.54865443199998, 43.59441226700005], [-79.54865353199995, 43.59444806700003], [-79.54866513199994, 43.59448446700003], [-79.54867653199994, 43.59452056700007], [-79.54870063199996, 43.59455696700007], [-79.54871203199997, 43.59459306700006], [-79.54871143199995, 43.59462006700005], [-79.54872333199995, 43.59463826700005], [-79.54872293199998, 43.59465626700006], [-79.54872243199998, 43.59467426700007], [-79.54870983199999, 43.59468306700006], [-79.54870963199994, 43.59469196700007], [-79.54870943199995, 43.59470106700007], [-79.54870883199999, 43.59472806700006], [-79.54870823199997, 43.59475506700005], [-79.54871983199996, 43.59478226700003], [-79.54873163199994, 43.59480946700006], [-79.54874333199996, 43.59483656700007], [-79.54875513199994, 43.59486376700005], [-79.54877933199998, 43.59489106700005], [-79.54879093199997, 43.59491826700003], [-79.54881463199996, 43.59496346700007], [-79.54882593199994, 43.59500866700006], [-79.54884993199994, 43.59504506700006], [-79.54888633199994, 43.59507246700008], [-79.54889853199995, 43.59508166700004], [-79.54891103199998, 43.59508196700006], [-79.54892333199996, 43.59508196700006], [-79.54893543199995, 43.59509106700006], [-79.54896003199997, 43.59510046700007], [-79.54898473199995, 43.59510076700008], [-79.54900953199996, 43.59510096700006], [-79.54903413199997, 43.59511036700007], [-79.54907103199997, 43.59511986700005], [-79.54910803199994, 43.59512936700003], [-79.54914503199996, 43.59513876700004], [-79.54918183199999, 43.59514826700007], [-79.54921883199995, 43.59515786700007], [-79.54925583199997, 43.59516716700006], [-79.54930503199995, 43.59517676700005], [-79.54935433199995, 43.59518646700008], [-79.54940373199997, 43.59519616700004], [-79.54945303199997, 43.59520576700004], [-79.54950253199996, 43.59520636700006], [-79.54955183199996, 43.59521596700006], [-79.54960143199997, 43.59521666700005], [-79.54965093199996, 43.59521736700003], [-79.54970053199997, 43.59521786700003], [-79.54975003199996, 43.59521856700007], [-79.54979963199997, 43.59521916700004], [-79.54984913199996, 43.59521976700006], [-79.54991113199998, 43.59522056700007], [-79.54996083199995, 43.59521216700006], [-79.55001053199999, 43.59520386700007], [-79.55006043199995, 43.59519546700005], [-79.55009743199997, 43.59519596700005], [-79.55012223199998, 43.59519626700006], [-79.55015943199999, 43.59519666700004], [-79.55019673199996, 43.59518816700006], [-79.55023393199997, 43.59518866700006], [-79.55028323199997, 43.59519816700004], [-79.55032043199998, 43.59519876700006], [-79.55035753199996, 43.59519926700005], [-79.55038233199997, 43.59519956700007], [-79.55039473199997, 43.59519966700003], [-79.55040703199995, 43.59519986700008], [-79.55044423199996, 43.59520036700007], [-79.55048123199998, 43.59520976700003], [-79.55051813199998, 43.59521926700006], [-79.55055503199998, 43.59522876700004], [-79.55057963199994, 43.59523806700003], [-79.55060413199999, 43.59524736700007], [-79.55062893199994, 43.59524756700006], [-79.55066603199998, 43.59524816700008], [-79.55067843199998, 43.59524816700008], [-79.55070323199999, 43.59524856700006], [-79.55072803199994, 43.59524896700003], [-79.55074043199994, 43.59524906700005], [-79.55079003199995, 43.59524976700004], [-79.55083923199999, 43.59525936700004], [-79.55088863199995, 43.59526886700007], [-79.55093793199995, 43.59527856700004], [-79.55097503199994, 43.59527906700004], [-79.55102453199999, 43.59528866700003], [-79.55107393199995, 43.59528936700008], [-79.55111113199996, 43.59528976700005], [-79.55114823199995, 43.59529026700005], [-79.55118573199996, 43.59528176700007], [-79.55122273199999, 43.59528226700007], [-79.55126003199996, 43.59528276700007], [-79.55130943199998, 43.59528336700004], [-79.55135903199994, 43.59528386700003], [-79.55140853199998, 43.59528456700008], [-79.55145813199994, 43.59528516700004], [-79.55150783199997, 43.59527676700003], [-79.55155743299997, 43.59527756700004], [-79.55160683299994, 43.59527806700004], [-79.55165643299995, 43.59527866700006], [-79.55170603299996, 43.59527936700005], [-79.55175563299997, 43.59527996700007], [-79.55180523299998, 43.59528056700003], [-79.55184223299995, 43.59528106700003], [-79.55187923299997, 43.59529046700004], [-79.55191643299997, 43.59529096700004], [-79.55195323299995, 43.59530046700007], [-79.55199023299997, 43.59530996700005], [-79.55202733299996, 43.59531046700005], [-79.55203973299996, 43.59531066700004], [-79.55207693299997, 43.59531106700007], [-79.55212623299997, 43.59532056700004], [-79.55217573299996, 43.59532136700005], [-79.55222533299997, 43.59532206700004], [-79.55226223299996, 43.59533126700006], [-79.55231183299998, 43.59533206700007], [-79.55236113299998, 43.59534166700007], [-79.55241063299997, 43.59534216700007], [-79.55247243299993, 43.59535206700008], [-79.55252193299998, 43.59535266700004], [-79.55257123299998, 43.59536236700006], [-79.55264553299997, 43.59536326700004], [-79.55268243299997, 43.59537276700007], [-79.55271983299997, 43.59537326700007], [-79.55276913299997, 43.59537386700003], [-79.55280613299999, 43.59538336700007], [-79.55285553299996, 43.59539296700007], [-79.55290473299993, 43.59540266700003], [-79.55294213299999, 43.59540316700003], [-79.55297883299994, 43.59541256700004], [-79.55301583299996, 43.59542196700005], [-79.55304043299998, 43.59543126700004], [-79.55308973299998, 43.59544106700008], [-79.55313903299998, 43.59545056700006], [-79.55317593299998, 43.59546006700003], [-79.55322523299998, 43.59546966700003], [-79.55324983299994, 43.59547886700005], [-79.55328693299998, 43.59547956700004], [-79.55332403299997, 43.59548896700005], [-79.55334853299996, 43.59549826700004], [-79.55338523299997, 43.59551666700003], [-79.55340973299997, 43.59552596700007], [-79.55344663299996, 43.59553546700005], [-79.55347103299994, 43.59555376700007], [-79.55349553299999, 43.59556316700008], [-79.55350773299995, 43.59557226700008], [-79.55353203299995, 43.59559056700004], [-79.55354423299997, 43.59559976700007], [-79.55356863299994, 43.59561806700003], [-79.55360553299994, 43.59562756700007], [-79.55362983299995, 43.59564586700003], [-79.55366673299994, 43.59566436700004], [-79.55372763299994, 43.59570116700007], [-79.55375213299999, 43.59571946700004], [-79.55378873299998, 43.59573776700006], [-79.55381313299995, 43.59575626700007], [-79.55382503299995, 43.59577436700005], [-79.55384933299996, 43.59579266700007], [-79.55386133299999, 43.59581086700007], [-79.55388553299997, 43.59583816700007], [-79.55390963299999, 43.59586546700007], [-79.55393363299999, 43.59589276700007], [-79.55395753299996, 43.59592916700007], [-79.55398183299997, 43.59595656700003], [-79.55399333299994, 43.59599256700005], [-79.55400493299999, 43.59601976700003], [-79.55401653299998, 43.59605586700008], [-79.55402803299995, 43.59609206700003], [-79.55403953299998, 43.59612816700007], [-79.55403863299995, 43.59616436700003], [-79.55405043299999, 43.59619146700004], [-79.55404953299995, 43.59622736700004], [-79.55406143299996, 43.59625466700004], [-79.55406053299998, 43.59629056700004], [-79.55405963299995, 43.59632656700006], [-79.55405933299994, 43.59633556700004], [-79.55405913299995, 43.59634456700007], [-79.55405853299999, 43.59637156700006], [-79.55405793299997, 43.59639856700005], [-79.55404473299996, 43.59643446700005], [-79.55404393299995, 43.59646136700007], [-79.55403073299993, 43.59649726700007], [-79.55402983299996, 43.59653326700004], [-79.55402873299994, 43.59657836700006], [-79.55402793299999, 43.59661426700006], [-79.55401483299994, 43.59664116700003], [-79.55401403299999, 43.59667716700005], [-79.55400093299994, 43.59670406700008], [-79.55400013299999, 43.59674006700004], [-79.55399923299996, 43.59677596700004], [-79.55398603299994, 43.59681186700004], [-79.55398513299997, 43.59684796700003], [-79.55397193299996, 43.59688366700004], [-79.55397083299994, 43.59692876700007], [-79.55395753299996, 43.59696456700004], [-79.55395673299995, 43.59700066700003], [-79.55394323299998, 43.59704536700008], [-79.55394303299994, 43.59705446700008], [-79.55394283299995, 43.59706346700005], [-79.55392973299996, 43.59709026700006], [-79.55392893299995, 43.59712626700008], [-79.55391573299994, 43.59716216700008], [-79.55390253299998, 43.59719796700006], [-79.55390163299995, 43.59723396700008], [-79.55388913299998, 43.59724286700003], [-79.55388873299995, 43.59725176700005], [-79.55388853299996, 43.59726076700008], [-79.55388763299999, 43.59729686700007], [-79.55388683299998, 43.59733286700003], [-79.55387323299993, 43.59737766700005], [-79.55386003299998, 43.59741346700008], [-79.55385963299995, 43.59743146700004], [-79.55384683299997, 43.59744936700008], [-79.55382163299998, 43.59746716700005], [-79.55382133299997, 43.59748506700004], [-79.55379553299997, 43.59752076700005], [-79.55378233299996, 43.59755666700005], [-79.55375593299993, 43.59762836700003], [-79.55374253299993, 43.59766416700006], [-79.55374193299997, 43.59769116700005], [-79.55372863299993, 43.59772706700005], [-79.55371563299997, 43.59775376700003], [-79.55369043299999, 43.59777156700005], [-79.55367763299995, 43.59778936700008], [-79.55365243299997, 43.59780706700008], [-79.55363963299999, 43.59782496700007], [-79.55363943299994, 43.59783396700004], [-79.55362653299994, 43.59785176700007], [-79.55361373299996, 43.59786966700005], [-79.55360103299995, 43.59788746700008], [-79.55358823299997, 43.59790536700007], [-79.55358743299996, 43.59793236700006], [-79.55357453299996, 43.59795926700008], [-79.55357383299997, 43.59798606700008], [-79.55357313299999, 43.59801316700003], [-79.55357283299998, 43.59803116700004], [-79.55355973299999, 43.59805806700007], [-79.55355923299999, 43.59807606700008], [-79.55355883299995, 43.59809406700003], [-79.55357113299993, 43.59810316700003], [-79.55358313299996, 43.59811236700006], [-79.55360753299993, 43.59813076700004], [-79.55361963299998, 43.59813976700008], [-79.55361923299995, 43.59815786700005], [-79.55361883299997, 43.59817586700007], [-79.55361863299999, 43.59818486700004], [-79.55363053299999, 43.59820306700004], [-79.55362993299997, 43.59822986700004], [-79.55364183299997, 43.59824816800005], [-79.55365353299999, 43.59827546800005], [-79.55367823299997, 43.59828456800005], [-79.55369053299995, 43.59828476800004], [-79.55369033299996, 43.59829386800004], [-79.55369003299995, 43.59830276800005], [-79.55368963299998, 43.59832076800006], [-79.55370183299993, 43.59832996800003], [-79.55371363299997, 43.59835716800006], [-79.55372533299999, 43.59838426800007], [-79.55373713299997, 43.59841136800003], [-79.55374893299995, 43.59843856800006], [-79.55374873299996, 43.59844756800004], [-79.55374833299999, 43.59845656800007], [-79.55374813299994, 43.59846556800005], [-79.55376053299995, 43.59846566800007], [-79.55376023299993, 43.59848366800003], [-79.55377203299997, 43.59850196800005], [-79.55378403399999, 43.59852006800003], [-79.55378333399995, 43.59854696800005], [-79.55379533399997, 43.59856526800007], [-79.55379463399998, 43.59859226800006], [-79.55379423399995, 43.59861036800004], [-79.55379363399999, 43.59863716800004], [-79.55379343399994, 43.59864616800007], [-79.55380553399993, 43.59865546800006], [-79.55380523399998, 43.59866446800004], [-79.55380523399998, 43.59867346800007], [-79.55381733399997, 43.59868256800007], [-79.55382943399997, 43.59869176800004], [-79.55384173399995, 43.59870076800007], [-79.55385403399998, 43.59870096800006], [-79.55389083399996, 43.59871946800007], [-79.55392743399995, 43.59873796800008], [-79.55396443399997, 43.59874746800006], [-79.55398873399997, 43.59876586800004], [-79.55401313399994, 43.59878396800008], [-79.55402493399998, 43.59880226800004], [-79.55404963399997, 43.59881156800003], [-79.55406153399997, 43.59882976800003], [-79.55409803399994, 43.59885706800003], [-79.55413463399998, 43.59888466800004], [-79.55417113399994, 43.59891216800003], [-79.55420763399997, 43.59893966800007], [-79.55424423399995, 43.59896706800004], [-79.55428083399994, 43.59898556800005], [-79.55431733399996, 43.59901316800006], [-79.55435403399997, 43.59903156800004], [-79.55439053399994, 43.59905886800004], [-79.55443963399995, 43.59907766800006], [-79.55447653399995, 43.59909616800007], [-79.55452553399994, 43.59911476800005], [-79.55457463399995, 43.59913336800003], [-79.55461173399993, 43.59914286800006], [-79.55466083399995, 43.59916156800006], [-79.55470993399996, 43.59918006800007], [-79.55475893399995, 43.59919866800004], [-79.55479583399995, 43.59920796800003], [-79.55484523399997, 43.59921776800007], [-79.55489453399997, 43.59922746800004], [-79.55494393399994, 43.59923706800004], [-79.55498053399998, 43.59925556800005], [-79.55502983399998, 43.59927406800006], [-79.55506643399997, 43.59929266800003], [-79.55511563399995, 43.59931126800006], [-79.55515223399993, 43.59932966800005], [-79.55520133399995, 43.59934826800003], [-79.55525053399998, 43.59936696800003], [-79.55528723399993, 43.59938546800004], [-79.55533653399993, 43.59939506800004], [-79.55538563399995, 43.59941376800003], [-79.55542233399996, 43.59943216800008], [-79.55547183399995, 43.59944186800004], [-79.55552093399996, 43.59946046800007], [-79.55556993399995, 43.59947906800005], [-79.55560673399998, 43.59949756800006], [-79.55565573399997, 43.59951616800004], [-79.55568033399999, 43.59952546800008], [-79.55570463399994, 43.59954376800005], [-79.55572903399997, 43.59956216800003], [-79.55576583399994, 43.59958046800006], [-79.55579033399994, 43.59959006800005], [-79.55581493399995, 43.59959926800008], [-79.55583973399996, 43.59959946800006], [-79.55586393399994, 43.59961786800005], [-79.55588853399996, 43.59962716800004], [-79.55591313399998, 43.59963646800003], [-79.55593763399997, 43.59964576800007], [-79.55594953399998, 43.59966386800005], [-79.55597353399997, 43.59970016800003], [-79.55597263399994, 43.59973626800007], [-79.55595933399997, 43.59977216800007], [-79.55597093399996, 43.59980826800006], [-79.55598243399999, 43.59984446800007], [-79.55599413399995, 43.59987166800005], [-79.55600583399996, 43.59990766800007], [-79.55602983399996, 43.59993506800004], [-79.55604223399996, 43.59993516800006], [-79.55604193399995, 43.59994426800006], [-79.55605413399996, 43.59995336800006], [-79.55606653399997, 43.59995356800005], [-79.55607803399994, 43.59998966800003], [-79.55608973399995, 43.60002586800005], [-79.55608883399998, 43.60006186800007], [-79.55608793399995, 43.60009786800003], [-79.55608763399994, 43.60010686800007], [-79.55608753399997, 43.60011576800008], [-79.55608733399998, 43.60012486800008], [-79.55608713399994, 43.60013386800006], [-79.55609853399994, 43.60017006800007], [-79.55609763399997, 43.60020616800006], [-79.55610903399997, 43.60025126800008], [-79.55610813399994, 43.60028726800005], [-79.55610793399995, 43.60029626800008], [-79.55609533399996, 43.60030496800005], [-79.55609513399997, 43.60031396800008], [-79.55609473399994, 43.60032296800006], [-79.55608223399997, 43.60033196800003], [-79.55606963399998, 43.60034066800006], [-79.55606963399998, 43.60034976800006], [-79.55605713399996, 43.60034966800004], [-79.55604383399998, 43.60038536800005], [-79.55605533399995, 43.60042166800008], [-79.55607933399995, 43.60045796800006], [-79.55610313399995, 43.60049426800003], [-79.55610233399995, 43.60053026800006], [-79.55611383399997, 43.60056646800007], [-79.55612533399994, 43.60060256800006], [-79.55613693399994, 43.60063876800007], [-79.55613603399996, 43.60067476800003], [-79.55612213399996, 43.60073766800008], [-79.55613353399997, 43.60077376800007], [-79.55613283399998, 43.60080966800007], [-79.55614443399998, 43.60084596800004], [-79.55614343399998, 43.60088196800007], [-79.55615513399994, 43.60091806800006], [-79.55616663399996, 43.60095436800003], [-79.55616573399999, 43.60099026800003], [-79.55617713399994, 43.60102646800004], [-79.55618873399999, 43.60106256800003], [-79.55620063399994, 43.60108076800003], [-79.55621263499995, 43.60109906800005], [-79.55622433499997, 43.60112596800008], [-79.55622403499996, 43.60114406800005], [-79.55623613499995, 43.60115326800008], [-79.55622373499995, 43.60115316800005], [-79.55622353499996, 43.60116206800006], [-79.55623563499995, 43.60117136800005], [-79.55623523499997, 43.60118926800004], [-79.55624743499999, 43.60119826800008], [-79.55625933499994, 43.60121656800004], [-79.55625903499998, 43.60122556800007], [-79.55627083499996, 43.60125276800005], [-79.55625793499996, 43.60127946800003], [-79.55625743499996, 43.60129756800006], [-79.55625673499998, 43.60132456800005], [-79.55625613499996, 43.60135156800004], [-79.55625533499995, 43.60138756800006], [-79.55626703499996, 43.60141466800007], [-79.55626613499999, 43.60145076800006], [-79.55627833499994, 43.60145986800006], [-79.55627793499997, 43.60147786800007], [-79.55627743499997, 43.60149586800003], [-79.55627723499998, 43.60150496800003], [-79.55628873499995, 43.60154106800007], [-79.55628803499997, 43.60157706800004], [-79.55628703499997, 43.60161306800006], [-79.55628613499994, 43.60164906800003], [-79.55627253499995, 43.60170286800007], [-79.55627183499996, 43.60172986800006], [-79.55628363499994, 43.60175706800004], [-79.55628293499996, 43.60178406800003], [-79.55628253499998, 43.60180206800004], [-79.55629423499994, 43.60182916800005], [-79.55629373499994, 43.60185626800006], [-79.55628033499994, 43.60189226800003], [-79.55626713499998, 43.60192796800004], [-79.55624163499994, 43.60196376800008], [-79.55622823499994, 43.60199946800003], [-79.55622733499996, 43.60203556800008], [-79.55621453499998, 43.60205336800004], [-79.55621393499996, 43.60208036800003], [-79.55621303499998, 43.60211636800005], [-79.55621223499998, 43.60215226800005], [-79.55622403499996, 43.60217956800005], [-79.55622333499997, 43.60220656800004], [-79.55623503499999, 43.60223356800003], [-79.55625903499998, 43.60226106800008], [-79.55628333499999, 43.60228836800007], [-79.55631983499995, 43.60231566800007], [-79.55635633499998, 43.60234326800003], [-79.55638053499996, 43.60237056800003], [-79.55639203499999, 43.60240676800004], [-79.55641583499994, 43.60244306800007], [-79.55642743499999, 43.60247916800006], [-79.55643893499996, 43.60251536800007], [-79.55645063499998, 43.60254256800005], [-79.55647513499997, 43.60256086800007], [-79.55648683499999, 43.60258796800008], [-79.55651083499998, 43.60261536800004], [-79.55653503499997, 43.60264266800004], [-79.55657163499995, 43.60267016800003], [-79.55660823499994, 43.60268866800004], [-79.55664483499999, 43.60271596800004], [-79.55668123499999, 43.60274356800005], [-79.55673053499999, 43.60276216800003], [-79.55676693499998, 43.60278966800007], [-79.55681603499994, 43.60280826800005], [-79.55685273499995, 43.60282676800006], [-79.55690163499997, 43.60285436800007], [-79.55693833499998, 43.60287286800008], [-79.55698753499996, 43.60289136800003], [-79.55703673499994, 43.60291016800005], [-79.55707313499994, 43.60293756800007], [-79.55712223499995, 43.60295616800005], [-79.55717133499996, 43.60297486800005], [-79.55720823499996, 43.60299336800006], [-79.55724463499996, 43.60302076800008], [-79.55729393499996, 43.60303936800005], [-79.55733023499994, 43.60306686800004], [-79.55736693499995, 43.60308536800005], [-79.55745293499996, 43.60312236800007], [-79.55750193499995, 43.60314106800007], [-79.55753843499997, 43.60316856800006], [-79.55758753499998, 43.60318706800007], [-79.55767323499998, 43.60323326800005], [-79.55770993499993, 43.60325186800003], [-79.55779573499996, 43.60328886800005], [-79.55783223499998, 43.60331636800004], [-79.55908123599994, 43.60445756800004], [-79.55951983599994, 43.60476926800004], [-79.55953203599995, 43.60477846800006], [-79.55954423599997, 43.60478756800006], [-79.55955643599998, 43.60479666800006], [-79.55969063599997, 43.60488836800005], [-79.55988593599994, 43.60500796800005], [-79.55997143599996, 43.60506306800005], [-79.56000843599998, 43.60506346800003], [-79.56003363599996, 43.60504576800002], [-79.56007103599995, 43.60503736800007], [-79.56009553599995, 43.60505566800003], [-79.56010753599998, 43.60506476800003], [-79.56013193599995, 43.60508306800006], [-79.56014413599996, 43.60509226800008], [-79.56016853599994, 43.60511066800007], [-79.56018043599994, 43.60512866800008], [-79.56020493599993, 43.60513806800003], [-79.56021693599996, 43.60515616800006], [-79.56025353599995, 43.60518366800005], [-79.56028993599995, 43.60521116800004], [-79.56032643599997, 43.60523866800003], [-79.56035083599994, 43.60525696800005], [-79.56039973599997, 43.60528456800006], [-79.56044863599999, 43.60531216800007], [-79.56049753599996, 43.60533986800004], [-79.56054623599994, 43.60537646800003], [-79.56057053599994, 43.60540376800003], [-79.56059443599997, 43.60543106800003], [-79.56063093599994, 43.60545856800007], [-79.56066773599997, 43.60547706800003], [-79.56068013599997, 43.60547716800005], [-79.56069223599997, 43.60548636800007], [-79.56070473599993, 43.60548646800004], [-79.56072923599999, 43.60549576800003], [-79.56075373599998, 43.60550516800004], [-79.56077843599996, 43.60551446800008], [-79.56080283599994, 43.60553276800005], [-79.56082683599999, 43.60556006800005], [-79.56085113599994, 43.60557836800007], [-79.56088793599997, 43.60559686800008], [-79.56091223599998, 43.60561516800004], [-79.56094923599994, 43.60562466800008], [-79.56098613599994, 43.60563406800003], [-79.56101073599996, 43.60564336800007], [-79.56107223599997, 43.60566216800004], [-79.56112153599997, 43.60567186800006], [-79.56117063599999, 43.60569046800003], [-79.56121983699995, 43.60570906800007], [-79.56126883699994, 43.60572766800004], [-79.56131803699998, 43.60574636800004], [-79.56135473699999, 43.60576466800006], [-79.56140363699996, 43.60579246800006], [-79.56145303699998, 43.60580206800006], [-79.56150213699993, 43.60582066800004], [-79.56153893699997, 43.60583906800008], [-79.56158793699996, 43.60585766800006], [-79.56162483699995, 43.60587626800003], [-79.56166143699994, 43.60589476800004], [-79.56171033699997, 43.60592236800005], [-79.56174703699998, 43.60594066800007], [-79.56178363699996, 43.60596826800003], [-79.56182033699997, 43.60598676800004], [-79.56185693699996, 43.60601426800008], [-79.56189333699996, 43.60604166800005], [-79.56194223699998, 43.60606936800008], [-79.56197873699995, 43.60609676800004], [-79.56201533699993, 43.60612426800003], [-79.56205163699997, 43.60616066800003], [-79.56208823699995, 43.60618806900004], [-79.56212463699995, 43.60621566900005], [-79.56216103699995, 43.60625216900007], [-79.56218503699995, 43.60627946900007], [-79.56220923699993, 43.60630676900007], [-79.56222093699995, 43.60633386900003], [-79.56223263699997, 43.60636106900006], [-79.56235423699997, 43.60646166900005], [-79.56236633699996, 43.60647086900008], [-79.56239073699999, 43.60648906900008], [-79.56241533699995, 43.60649846900003], [-79.56242753699996, 43.60650766900005], [-79.56246373699997, 43.60654406900005], [-79.56247553699995, 43.60657116900006], [-79.56248773699997, 43.60658026900006], [-79.56248753699998, 43.60658936900006], [-79.56249963699997, 43.60659856900003], [-79.56249943699999, 43.60660766900003], [-79.56251133699999, 43.60662576900006], [-79.56252333699996, 43.60664376900007], [-79.56253533699999, 43.60666206900004], [-79.56257203699994, 43.60668046900003], [-79.56262113699995, 43.60669916900008], [-79.56267023699996, 43.60671776900006], [-79.56270723699998, 43.60672726900003], [-79.56275653699998, 43.60673686900003], [-79.56281853699994, 43.60673756900007], [-79.56286783699994, 43.60674716900007], [-79.56291733699999, 43.60674786900006], [-79.56295433699995, 43.60675736900004], [-79.56300363699995, 43.60676696900003], [-79.56305273699996, 43.60678556900007], [-79.56308973699998, 43.60679506900004], [-79.56313903699998, 43.60680456900008], [-79.56318863699994, 43.60680526900006], [-79.56323793699994, 43.60681496900003], [-79.56328753699995, 43.60681556900005], [-79.56334923699995, 43.60682536900003], [-79.56339873699994, 43.60682586900003], [-79.56344833699995, 43.60682656900008], [-79.56349803699999, 43.60681816900006], [-79.56352303699998, 43.60680956900006], [-79.56354803699998, 43.60680076900007], [-79.56357303699997, 43.60679216900007], [-79.56359803699996, 43.60678346900005], [-79.56362313699998, 43.60677476900003], [-79.56364783699996, 43.60677506900004], [-79.56367283699996, 43.60676636900007], [-79.56369783699995, 43.60675766900005], [-79.56374733699994, 43.60675826900007], [-79.56379683699998, 43.60675896900005], [-79.56384643699994, 43.60675956900008], [-79.56389573699994, 43.60676916900007], [-79.56394523699998, 43.60677876900007], [-79.56399423699997, 43.60679746900007], [-79.56403123699994, 43.60680686900002], [-79.56408043799996, 43.60682556900008], [-79.56412953799997, 43.60683506900006], [-79.56417873799995, 43.60685376900005], [-79.56421573799997, 43.60686326900003], [-79.56426483799999, 43.60688186900006], [-79.56430173799998, 43.60689126900007], [-79.56432613799996, 43.60690966900006], [-79.56435043799996, 43.60692806900005], [-79.56438743799998, 43.60693746900006], [-79.56441193799998, 43.60694676900005], [-79.56444893799994, 43.60695616900006], [-79.56447343799994, 43.60696546900004], [-79.56449803799995, 43.60697486900006], [-79.56451053799998, 43.60697496900008], [-79.56457193799997, 43.60699376900004], [-79.56460863799998, 43.60701226900005], [-79.56465783799996, 43.60703086900003], [-79.56469463799993, 43.60704926900007], [-79.56474343799994, 43.60707696900005], [-79.56478013799995, 43.60709556900008], [-79.56481693799998, 43.60711386900005], [-79.56486583799995, 43.60714156900008], [-79.56490253799996, 43.60715986900004], [-79.56492633799996, 43.60719636900006], [-79.56496303799997, 43.60722376900003], [-79.56498713799994, 43.60725116900005], [-79.56501103799997, 43.60728736900006], [-79.56502273799998, 43.60731446900007], [-79.56503453799996, 43.60734176900007], [-79.56503383799998, 43.60736886900003], [-79.56503323799996, 43.60739566900003], [-79.56503263799993, 43.60742276900004], [-79.56501933799996, 43.60745846900005], [-79.56499403799995, 43.60748526900005], [-79.56498093799996, 43.60751216900007], [-79.56495553799994, 43.60753886900005], [-79.56492983799995, 43.60757456900006], [-79.56489203799998, 43.60760116900008], [-79.56486643799997, 43.60763676900007], [-79.56484113799996, 43.60766346900004], [-79.56481543799998, 43.60769916900006], [-79.56477753799999, 43.60772566900005], [-79.56475223799998, 43.60775236900002], [-79.56472673799993, 43.60777896900004], [-79.56470133799996, 43.60780566900007], [-79.56468853799998, 43.60782356900006], [-79.56467543799994, 43.60785036900006], [-79.56466273799998, 43.60786826900005], [-79.56467463799999, 43.60788646900005], [-79.56467403799996, 43.60791346900004], [-79.56468593799997, 43.60793166900004], [-79.56468503799994, 43.60796766900006], [-79.56469663799999, 43.60800386900007], [-79.56472073799995, 43.60803106900005], [-79.56473233799994, 43.60806726900006], [-79.56476883799996, 43.60809466900002], [-79.56479263799997, 43.60813106900008], [-79.56482923799996, 43.60815856900007], [-79.56486573799998, 43.60818596900003], [-79.56490253799996, 43.60820446900004], [-79.56493903799998, 43.60823196900003], [-79.56497573799999, 43.60825046900004], [-79.56501223799995, 43.60827796900003], [-79.56504873799997, 43.60830546900007], [-79.56508543799998, 43.60832376900004], [-79.56512203799997, 43.60835126900002], [-79.56515863799996, 43.60837876900007], [-79.56519503799996, 43.60840616900003], [-79.56523183799999, 43.60842466900004], [-79.56526833799995, 43.60845216900003], [-79.56530493799994, 43.60847966900008], [-79.56534163799995, 43.60849796900004], [-79.56536583799993, 43.60852536900006], [-79.56538993799995, 43.60855276900003], [-79.56542633799995, 43.60858016900005], [-79.56545093799997, 43.60858946900004], [-79.56547563799995, 43.60859886900005], [-79.56550003799998, 43.60860816900004], [-79.56552473799997, 43.60861746900008], [-79.56554953799997, 43.60861776900003], [-79.56558653799993, 43.60861826900003], [-79.56561153799998, 43.60860956900007], [-79.56564873799994, 43.60860996900004], [-79.56566133799998, 43.60860116900005], [-79.56568643799994, 43.60859246900003], [-79.56569883799995, 43.60859266900007], [-79.56571143799994, 43.60858376900006], [-79.56574843799996, 43.60858426900006], [-79.56577323799996, 43.60858456900007], [-79.56581043799997, 43.60858506900007], [-79.56583523799998, 43.60858536900002], [-79.56586053799998, 43.60856766900008], [-79.56587343799998, 43.60854076900006], [-79.56589863799996, 43.60852296900003], [-79.56591143799994, 43.60850516900007], [-79.56594923799997, 43.60847866900008], [-79.56598663799997, 43.60847016900004], [-79.56602423799995, 43.60845266900003], [-79.56604973799995, 43.60842596900005], [-79.56604983799997, 43.60841686900005], [-79.56605003799996, 43.60840786900008], [-79.56606263799995, 43.60839906900003], [-79.56607523799994, 43.60839026900004], [-79.56608763799994, 43.60839036900006], [-79.56611263799994, 43.60839076900004], [-79.56612483799995, 43.60839086900006], [-79.56614983799994, 43.60838216900004], [-79.56616243799994, 43.60837346900007], [-79.56618753799995, 43.60836466900003], [-79.56619983799999, 43.60836476900005], [-79.56624933799998, 43.60836546900003], [-79.56628593799996, 43.60838376900006], [-79.56633503799998, 43.60841146900003], [-79.56638383799998, 43.60843906900004], [-79.56642073799998, 43.60845756900005], [-79.56645733799996, 43.60847606900006], [-79.56650633799995, 43.60850356900005], [-79.56654303799996, 43.60852206900006], [-79.56661623799994, 43.60856796900003], [-79.56666543799997, 43.60858676900006], [-79.56670213899997, 43.60860516900004], [-79.56673873899996, 43.60863276900005], [-79.56677513899996, 43.60866016900007], [-79.56682433899994, 43.60867876900005], [-79.56686083899996, 43.60870626900004], [-79.56689763899999, 43.60872476900005], [-79.56693403899999, 43.60875216900007], [-79.56697063899998, 43.60877966900006], [-79.56700703899998, 43.60880706900008], [-79.56703123899996, 43.60883446900004], [-79.56705513899999, 43.60887076900008], [-79.56707933899997, 43.60889806900008], [-79.56710323899995, 43.60893436900005], [-79.56715133899996, 43.60899796900003], [-79.56719913899997, 43.60907056900004], [-79.56721083899998, 43.60909776900007], [-79.56723513899993, 43.60912516900004], [-79.56724643899997, 43.60916126900003], [-79.56725803899997, 43.60919736900007], [-79.56726963899996, 43.60923356900003], [-79.56728113899999, 43.60926976900004], [-79.56729263899996, 43.60930606900007], [-79.56730423899995, 43.60934206900004], [-79.56731593899997, 43.60936916900005], [-79.56732703899996, 43.60942336900007], [-79.56733903899999, 43.60944156900007], [-79.56741823899995, 43.60975766900003], [-79.56741713899999, 43.60980266900003], [-79.56742873899998, 43.60983886900004], [-79.56742783899995, 43.60987486900007], [-79.56742713899996, 43.60991086900003], [-79.56742613899996, 43.60994686900005], [-79.56741293899995, 43.60998276900006], [-79.56741203899998, 43.61001866900006], [-79.56739893899999, 43.61005456900006], [-79.56739783899997, 43.61009956900006], [-79.56738463899995, 43.61013546900006], [-79.56737673899994, 43.61015666900005], [-79.56737123899995, 43.61017116900007], [-79.56737043899994, 43.61020726900006], [-79.56736993899995, 43.61022526900007], [-79.56736943899995, 43.61025226900006], [-79.56738103899994, 43.61027946900003], [-79.56739313899999, 43.61029756900007], [-79.56740543899997, 43.61029776900006], [-79.56741763899998, 43.61030696900008], [-79.56743003899999, 43.61030706900004], [-79.56742973899998, 43.61031606900008], [-79.56744183899997, 43.61033426900008], [-79.56744153899996, 43.61034316900003], [-79.56744113899998, 43.61036126900007], [-79.56744063899998, 43.61037926900008], [-79.56746413899998, 43.61043346900004], [-79.56745163899996, 43.61044236900005], [-79.56743893899994, 43.61045126900007], [-79.56741353899997, 43.61047796900004], [-79.56740043899998, 43.61051376900008], [-79.56738713899995, 43.61054966900008], [-79.56737393899994, 43.61058546900006], [-79.56736103899993, 43.61060336900005], [-79.56734813899999, 43.61062116900007], [-79.56733533899995, 43.61063916900008], [-79.56732233899999, 43.61066586900006], [-79.56730963899997, 43.61068376900005], [-79.56730913899997, 43.61070176900006], [-79.56730873899994, 43.61071976900007], [-79.56729583899994, 43.61073746900007], [-79.56727043899997, 43.61076416900005], [-79.56723273899996, 43.61079086900003], [-79.56719483899997, 43.61081726900005], [-79.56714493899995, 43.61083476900006], [-79.56709503899998, 43.61084316900008], [-79.56704523899998, 43.61086046900004], [-79.56699563899997, 43.61085996900005], [-79.56694553899996, 43.61087726900007], [-79.56693313899996, 43.61087706900003], [-79.56690823899999, 43.61088576900005], [-79.56689593899995, 43.61088566900003], [-79.56688323899994, 43.61089446900007], [-79.56683333899997, 43.61091176900004], [-79.56679543899997, 43.61093836900005], [-79.56676993899998, 43.61096516900005], [-79.56673213899995, 43.61099166900004], [-79.56670673899998, 43.61101836900008], [-79.56666883899999, 43.61105376900008], [-79.56663093899994, 43.61108036900004], [-79.56660553899997, 43.61110706900007], [-79.56656763899997, 43.61113376900005], [-79.56652983899994, 43.61116016900007], [-79.56650453899994, 43.61118686900005], [-79.56646643899995, 43.61122236900007], [-79.56642873899995, 43.61124896900003], [-79.56640323899995, 43.61127566900007], [-79.56636543899998, 43.61130206900003], [-79.56633983899997, 43.61133786900007], [-79.56630203899994, 43.61136446900008], [-79.56627663899997, 43.61139106900004], [-79.56625103899995, 43.61141776900007], [-79.56621313899996, 43.61145336900006], [-79.56618773899999, 43.61148006900004], [-79.56614993899996, 43.61150656900003], [-79.56612453899999, 43.61153326900006], [-79.56608673899996, 43.61155976900005], [-79.56602343899993, 43.61161306900004], [-79.56598553899994, 43.61163946900007], [-79.56594793899995, 43.61166606900008], [-79.56591003899996, 43.61169266900004], [-79.56587243899997, 43.61171006900003], [-79.56585983899998, 43.61171906900006], [-79.56582223899994, 43.61173656900007], [-79.56578473799993, 43.61175406900003], [-79.56574703799998, 43.61177176900003], [-79.56569713799996, 43.61178886900007], [-79.56564713799997, 43.61180636900008], [-79.56559723799995, 43.61182376900007], [-79.56557723799995, 43.61182826900006], [-79.56555973799993, 43.61183226900005], [-79.56550973799995, 43.61184966900004], [-79.56550123799997, 43.61185366900003], [-79.56547213799996, 43.61186726900007], [-79.56543473799996, 43.61187576900005], [-79.56542213799997, 43.61188446900007], [-79.56540953799998, 43.61189346900005], [-79.56538463799995, 43.61190216900007], [-79.56537203799996, 43.61191096900006], [-79.56534733799998, 43.61191066900005], [-79.56534743799995, 43.61190166900008], [-79.56533503799994, 43.61190156900005], [-79.56532283799999, 43.61189236900003], [-79.56528573799994, 43.61189186900003], [-79.56523583799998, 43.61190926900008], [-79.56518553799998, 43.61193566900005], [-79.56514793799994, 43.61195316900006], [-79.56509793799995, 43.61197056900005], [-79.56506023799994, 43.61199706900004], [-79.56502253799994, 43.61201476900004], [-79.56498473799996, 43.61204116900007], [-79.56494693799993, 43.61206776900008], [-79.56490943799997, 43.61208536900006], [-79.56487153799998, 43.61211176900008], [-79.56482133799994, 43.61213816900005], [-79.56478373799996, 43.61215576900003], [-79.56473373799997, 43.61217306900005], [-79.56469613799999, 43.61219066900003], [-79.56464613799994, 43.61220796900005], [-79.56460853799996, 43.61222546900007], [-79.56455833799998, 43.61225196900006], [-79.56452053799995, 43.61227836900008], [-79.56448293799997, 43.61229596900006], [-79.56443333799996, 43.61230436900007], [-79.56438323799995, 43.61232176900006], [-79.56433343799995, 43.61233006900005], [-79.56429583799996, 43.61234766900003], [-79.56425853799999, 43.61235606900004], [-79.56423353799994, 43.61236486900003], [-79.56419613799994, 43.61237346900003], [-79.56418333799996, 43.61239126900006], [-79.56415783799997, 43.61241787000006], [-79.56414463799996, 43.61245387000008], [-79.56413113799994, 43.61249867000004], [-79.56411793799998, 43.61253457000004], [-79.56411703799995, 43.61257057000006], [-79.56410383799994, 43.61260637000004], [-79.56409053799996, 43.61264227000004], [-79.56407733799995, 43.61267797000005], [-79.56406453799997, 43.61269597000006], [-79.56406383799998, 43.61272307000007], [-79.56405093799998, 43.61274077000007], [-79.56405043799998, 43.61276777000006], [-79.56404953799995, 43.61280377000003], [-79.56406113799994, 43.61283997000004], [-79.56408513799994, 43.61287627000007], [-79.56410913799994, 43.61290357000007], [-79.56412063799996, 43.61293977000003], [-79.56414463799996, 43.61297607000006], [-79.56416873799998, 43.61300337000006], [-79.56420503799995, 43.61303987000008], [-79.56422943799998, 43.61305817000004], [-79.56427853799994, 43.61307677000008], [-79.56431543799994, 43.61308627000005], [-79.56435223799997, 43.61310477000006], [-79.56440133799998, 43.61312337000004], [-79.56445043799994, 43.61314197000007], [-79.56448743799996, 43.61315147000005], [-79.56453653799997, 43.61317007000008], [-79.56458573799995, 43.61318867000006], [-79.56462243799996, 43.61320727000003], [-79.56467163799994, 43.61322577000004], [-79.56472063799998, 43.61324437000007], [-79.56477003799995, 43.61325407000004], [-79.56481933799995, 43.61326367000004], [-79.56486863799995, 43.61327337000006], [-79.56491793799995, 43.61329187000007], [-79.56496713799999, 43.61330147000007], [-79.56501653799995, 43.61331117000003], [-79.56505343799995, 43.61332067000006], [-79.56510253799996, 43.61333927000004], [-79.56515203799995, 43.61334887000004], [-79.56520123799999, 43.61335847000004], [-79.56525063799995, 43.61336807000004], [-79.56530013799994, 43.61336887000004], [-79.56534973799995, 43.61336937000004], [-79.56539933899995, 43.61336997000006], [-79.56544893899996, 43.61337067000005], [-79.56549853899998, 43.61336227000004], [-79.56553573899998, 43.61336267000007], [-79.56557333899997, 43.61334507000004], [-79.56561073899996, 43.61333657000006], [-79.56564813899996, 43.61332797000006], [-79.56569763899995, 43.61332867000004], [-79.56574743899995, 43.61332037000005], [-79.56579703899996, 43.61332087000005], [-79.56584653899995, 43.61332157000004], [-79.56589613899996, 43.61332217000006], [-79.56594563899995, 43.61332267000006], [-79.56599523899996, 43.61332337000005], [-79.56605713899995, 43.61332417000006], [-79.56610673899996, 43.61332487000004], [-79.56615623899995, 43.61332557000003], [-79.56620583899996, 43.61332607000003], [-79.56625543899997, 43.61332667000005], [-79.56630493899996, 43.61332737000004], [-79.56635433899999, 43.61333697000003], [-79.56641613899995, 43.61334677000008], [-79.56646553899998, 43.61334737000004], [-79.56651523899995, 43.61334797000006], [-79.56656453899996, 43.61335757000006], [-79.56661403899994, 43.61335827000005], [-79.56666333899994, 43.61336797000007], [-79.56670003899995, 43.61338617000007], [-79.56674933899995, 43.61340497000003], [-79.56679833899994, 43.61342357000007], [-79.56683513899998, 43.61344207000008], [-79.56688443899998, 43.61345167000007], [-79.56693373899998, 43.61346117000005], [-79.56698283899993, 43.61347977000003], [-79.56701983899995, 43.61348937000002], [-79.56706923899998, 43.61349897000008], [-79.56710613899997, 43.61350847000006], [-79.56714303899997, 43.61351777000004], [-79.56719243899994, 43.61352757000003], [-79.56722923899997, 43.61354587000005], [-79.56727833899998, 43.61356457000005], [-79.56731503899994, 43.61358307000006], [-79.56736413899995, 43.61360167000004], [-79.56740123899993, 43.61361117000007], [-79.56745023899998, 43.61362977000005], [-79.56749953899998, 43.61363957000003], [-79.56754883899998, 43.61365807000004], [-79.56758563899996, 43.61366757000008], [-79.56763483899994, 43.61368617000005], [-79.56768393899995, 43.61370477000003], [-79.56772063899996, 43.61372327000004], [-79.56776963899995, 43.61374187000007], [-79.56780633899996, 43.61376937000006], [-79.56784283899998, 43.61379677000008], [-79.56787943899997, 43.61382427000007], [-79.56790393899996, 43.61383357000005], [-79.56791613899998, 43.61384277000008], [-79.56794043899998, 43.61386117000006], [-79.56795273899996, 43.61387007000008], [-79.56795253899998, 43.61387907000005], [-79.56795223899996, 43.61388807000003], [-79.56795193899995, 43.61389707000006], [-79.56796433899996, 43.61389737000007], [-79.56797653899997, 43.61390657000004], [-79.56798853899994, 43.61392467000007], [-79.56808613899994, 43.61398897000004], [-79.56811083899998, 43.61399827000002], [-79.56814743899997, 43.61401667000007], [-79.56818403899996, 43.61404417000006], [-79.56820823899994, 43.61406247000008], [-79.56824453899998, 43.61409897000004], [-79.56826883899998, 43.61412627000004], [-79.56829263999998, 43.61416257000008], [-79.56832923999997, 43.61418997000004], [-79.56836583999996, 43.61421757000005], [-79.56840223999995, 43.61424497000007], [-79.56843903999999, 43.61426337000006], [-79.56846313999995, 43.61429077000003], [-79.56847513999998, 43.61430897000002], [-79.56849943999998, 43.61432727000005], [-79.56851173999996, 43.61433637000005], [-79.56851123999996, 43.61435427000004], [-79.56852273999993, 43.61439057000007], [-79.56850953999998, 43.61442647000007], [-79.56849623999994, 43.61446217000008], [-79.56848333999994, 43.61448917000007], [-79.56846993999994, 43.61452487000003], [-79.56844433999999, 43.61456067000006], [-79.56841883999994, 43.61459627000005], [-79.56840563999998, 43.61462307000005], [-79.56839243999997, 43.61465907000007], [-79.56837933999998, 43.61469487000005], [-79.56836603999994, 43.61473077000005], [-79.56835283999999, 43.61476657000003], [-79.56833953999995, 43.61480247000003], [-79.56832623999998, 43.61483827000006], [-79.56831293999994, 43.61487417000006], [-79.56829993999997, 43.61490097000006], [-79.56828683999998, 43.61493687000007], [-79.56827363999997, 43.61496367000007], [-79.56827343999998, 43.61497267000004], [-79.56826003999998, 43.61501757000008], [-79.56825913999995, 43.61505367000007], [-79.56824593999994, 43.61508937000008], [-79.56824503999997, 43.61512547000007], [-79.56823183999995, 43.61516127000004], [-79.56823093999998, 43.61519727000007], [-79.56821773999997, 43.61523317000007], [-79.56820453999995, 43.61526897000005], [-79.56820413999998, 43.61528697000006], [-79.56820373999994, 43.61530497000007], [-79.56819033999994, 43.61534087000007], [-79.56817753999997, 43.61535867000003], [-79.56816413999996, 43.61540357000007], [-79.56816363999997, 43.61542157000008], [-79.56815063999994, 43.61544847000005], [-79.56815003999998, 43.61547527000005], [-79.56814933999993, 43.61550237000006], [-79.56813633999997, 43.61552927000002], [-79.56812313999995, 43.61556507000006], [-79.56809663999996, 43.61563687000006], [-79.56808333999999, 43.61567267000004], [-79.56807013999997, 43.61570847000007], [-79.56806933999997, 43.61574447000004], [-79.56806843999993, 43.61578047000006], [-79.56806753999996, 43.61581647000003], [-79.56805453999993, 43.61584337000005], [-79.56805433999995, 43.61585237000003], [-79.56805373999998, 43.61587027000007], [-79.56804113999993, 43.61588807000004], [-79.56802803999994, 43.61591507000003], [-79.56802773999993, 43.61593307000004], [-79.56801453999998, 43.61595997000006], [-79.56801433999993, 43.61596887000007], [-79.56800153999995, 43.61598677000006], [-79.56800113999998, 43.61600477000007], [-79.56800063999998, 43.61602287000005], [-79.56800043999993, 43.61603177000006], [-79.56800023999995, 43.61604067000007], [-79.56800013999998, 43.61604967000005], [-79.56799983999997, 43.61605867000003], [-79.56799943999994, 43.61607677000006], [-79.56799873999995, 43.61610377000005], [-79.56799833999997, 43.61612177000006], [-79.56799773999995, 43.61614877000005], [-79.56799683999998, 43.61618477000007], [-79.56799593999995, 43.61622077000004], [-79.56798273999993, 43.61625667000004], [-79.56796953999998, 43.61629247000008], [-79.56796923999997, 43.61630147000005], [-79.56796883999993, 43.61631947000006], [-79.56795633999997, 43.61632837000008], [-79.56795613999998, 43.61633737000005], [-79.56796753999998, 43.61637347000004], [-79.56796573999998, 43.61645437000004], [-79.56801203999999, 43.61659017000005], [-79.56802373999994, 43.61661727000006], [-79.56802293999993, 43.61665327000003], [-79.56802203999996, 43.61668927000005], [-79.56802153999996, 43.61671637000006], [-79.56800813999996, 43.61675207000008], [-79.56798273999993, 43.61677887000008], [-79.56794493999996, 43.61680537000007], [-79.56791953999993, 43.61683207000004], [-79.56789403999994, 43.61685877000008], [-79.56786873999994, 43.61688547000006], [-79.56785603999998, 43.61689437000007], [-79.56783083999994, 43.61691197000005], [-79.56780573999998, 43.61692957000002], [-79.56779273999996, 43.61695667000004], [-79.56777983999996, 43.61697437000004], [-79.56776693999996, 43.61699217000006], [-79.56776673999997, 43.61700117000004], [-79.56775413999998, 43.61700997000003], [-79.56772853999996, 43.61704577000006], [-79.56770313999994, 43.61707247000004], [-79.56769033999996, 43.61709027000006], [-79.56767743999995, 43.61710817000005], [-79.56765223999997, 43.61712587000005], [-79.56763923999995, 43.61715287000004], [-79.56763913999998, 43.61716177000005], [-79.56762673999998, 43.61716157000006], [-79.56762653999994, 43.61717057000004], [-79.56762623999998, 43.61717957000008], [-79.56761383999998, 43.61717947000005], [-79.56761363999993, 43.61718847000003], [-79.56760123999999, 43.61718827000004], [-79.56760093999998, 43.61719727000008], [-79.56758843999995, 43.61720617000003], [-79.56758823999996, 43.61721517000007], [-79.56757583999996, 43.61721497000008], [-79.56757553999995, 43.61722397000005], [-79.56756333999994, 43.61722377000007], [-79.56755073999994, 43.61723257000006], [-79.56753823999998, 43.61723247000003], [-79.56752583999997, 43.61723237000007], [-79.56752573999995, 43.61724127000008], [-79.56751323999998, 43.61724117000006], [-79.56750073999996, 43.61724107000003], [-79.56748863999997, 43.61723187000007], [-79.56747633999998, 43.61723177000005], [-79.56746363999997, 43.61724047000007], [-79.56745123999997, 43.61724037000005], [-79.56743893999999, 43.61724027000002], [-79.56742643899997, 43.61724007000004], [-79.56740163899997, 43.61724867000004], [-79.56738913899994, 43.61724857000007], [-79.56737673899994, 43.61724837000003], [-79.56736413899995, 43.61725737000006], [-79.56735173899995, 43.61725717000007], [-79.56733943899997, 43.61725707000005], [-79.56666993899995, 43.61778887000003], [-79.56666553899998, 43.61779497000003], [-79.56665703899995, 43.61780667000005], [-79.56665683899996, 43.61781567000003], [-79.56665663899997, 43.61782457000004], [-79.56665653899995, 43.61783367000004], [-79.56665613899997, 43.61784267000007], [-79.56666833899999, 43.61785187000004], [-79.56666823899997, 43.61786087000007], [-79.56668043899998, 43.61787017000006], [-79.56668013899997, 43.61787907000007], [-79.56667983899996, 43.61788797000003], [-79.56667973899994, 43.61789697000006], [-79.56667953899995, 43.61790607000006], [-79.56667923899994, 43.61791507000004], [-79.56667903899995, 43.61792407000007], [-79.56667893899998, 43.61793307000005], [-79.56667873899994, 43.61794207000003], [-79.56667853899995, 43.61795107000006], [-79.56667813899998, 43.61796007000004], [-79.56667803899995, 43.61796907000007], [-79.56667783899996, 43.61797807000005], [-79.56667753899995, 43.61798707000003], [-79.56668963899995, 43.61799617000003], [-79.56668953899998, 43.61800517000006], [-79.56668923899997, 43.61801417000004], [-79.56668903899998, 43.61802317000007], [-79.56668873899997, 43.61803217000005], [-79.56670123899994, 43.61803237000004], [-79.56670103899995, 43.61804137000007], [-79.56670083899996, 43.61805037000005], [-79.56670063899998, 43.61805937000003], [-79.56670043899999, 43.61806837000006], [-79.56670013899998, 43.61807737000004], [-79.56669993899999, 43.61808637000007], [-79.56669983899997, 43.61809537000005], [-79.56669953899996, 43.61810437000003], [-79.56669933899997, 43.61811337000006], [-79.56671163899995, 43.61812257000003], [-79.56671123899997, 43.61813157000006], [-79.56671103899998, 43.61814057000004], [-79.56672323899994, 43.61814967000004], [-79.56672303899995, 43.61815867000007], [-79.56672283899997, 43.61816767000005], [-79.56673523899997, 43.61816777000007], [-79.56673523899997, 43.61817687000007], [-79.56673473899997, 43.61818587000005], [-79.56674693899998, 43.61819507000007], [-79.56674683899996, 43.61820397000002], [-79.56675903899998, 43.61821317000005], [-79.56675873899997, 43.61822207000006], [-79.56675833899999, 43.61824017000004], [-79.56675813899994, 43.61824917000007], [-79.56677013899997, 43.61825837000004], [-79.56677003899995, 43.61826737000007], [-79.56676983899996, 43.61827647000007], [-79.56676963899997, 43.61828537000008], [-79.56678193899995, 43.61828547000005], [-79.56678173899996, 43.61829447000008], [-79.56678153899998, 43.61830337000004], [-79.56676903899995, 43.61830337000004], [-79.56676893899999, 43.61831227000005], [-79.56676873899994, 43.61832137000005], [-79.56676853899995, 43.61833037000008], [-79.56676823899994, 43.61833937000006], [-79.56676813899998, 43.61834847000006], [-79.56678043899996, 43.61834847000006], [-79.56678023899997, 43.61835737000007], [-79.56679273899994, 43.61835767000008], [-79.56679243899998, 43.61836657000003], [-79.56680493899995, 43.61836677000008], [-79.56680463899994, 43.61837567000003], [-79.56681683899996, 43.61838487000006], [-79.56681653899994, 43.61839397000006], [-79.56681643899998, 43.61840297000003], [-79.56682853899997, 43.61841217000006], [-79.56682813899994, 43.61843017000007], [-79.56682813899994, 43.61843917000004], [-79.56682783899998, 43.61844807000006], [-79.56683983899995, 43.61845717000006], [-79.56683973899999, 43.61846627000006], [-79.56683953899994, 43.61847527000003], [-79.56685163899994, 43.61848447000006], [-79.56685133899998, 43.61849347000003], [-79.56685123899996, 43.61850257000003], [-79.56686353899994, 43.61850257000003], [-79.56686333899995, 43.61851157000007], [-79.56686313899996, 43.61852047000008], [-79.56687533899998, 43.61852977000007], [-79.56687513899999, 43.61853877000004], [-79.56687493899994, 43.61854777000008], [-79.56687463899993, 43.61855677000005], [-79.56686193899998, 43.61856557000004], [-79.56686183899996, 43.61857477000007], [-79.56686163899997, 43.61858377000004], [-79.56686143899998, 43.61859277000008], [-79.56686113899997, 43.61860167000003], [-79.56686103899995, 43.61861067000007], [-79.56687323899996, 43.61861967000004], [-79.56687293899995, 43.61862877000004], [-79.56687283899998, 43.61863777000008], [-79.56687253899997, 43.61864677000005], [-79.56687233899999, 43.61865567000007], [-79.56687213899994, 43.61866477000007], [-79.56687193899995, 43.61867387000007], [-79.56688403899994, 43.61868297000007], [-79.56688383899996, 43.61869197000004], [-79.56688363899997, 43.61870087000005], [-79.56689603899997, 43.61870097000008], [-79.56689593899995, 43.61871007000008], [-79.56689563899994, 43.61871907000005], [-79.56690803899994, 43.61871927000004], [-79.56690783899995, 43.61872827000008], [-79.56690763899996, 43.61873727000005], [-79.56691983899998, 43.61874647000008], [-79.56691963899993, 43.61875547000005], [-79.56691933899998, 43.61876437000006], [-79.56691923899996, 43.61877347000006], [-79.56693153899994, 43.61877347000006], [-79.56693133899995, 43.61878267000003], [-79.56693103899994, 43.61879157000004], [-79.56693063899996, 43.61880957000005], [-79.56693043899998, 43.61881857000003], [-79.56693023899999, 43.61882767000003], [-79.56691793899995, 43.61882747000004], [-79.56691763899994, 43.61883657000004], [-79.56692983899995, 43.61884557000008], [-79.56692953899994, 43.61885457100004], [-79.56692933899996, 43.61886347100005], [-79.56692893899998, 43.61888157100003], [-79.56692873899993, 43.61889057100007], [-79.56692853899995, 43.61889957100004], [-79.56692803899995, 43.61891757100005], [-79.56692783899996, 43.61892657100003], [-79.56692763899997, 43.61893557100007], [-79.56692723899994, 43.61894457100004], [-79.56692723899994, 43.61895357100008], [-79.56692703899995, 43.61896257100005], [-79.56692683899996, 43.61897157100003], [-79.56692643899999, 43.61898057100007], [-79.56692633899996, 43.61898957100004], [-79.56692613899997, 43.61899847100005], [-79.56692593899999, 43.61900747100003], [-79.56692553899995, 43.61902557100007], [-79.56692533899997, 43.61903457100004], [-79.56692513899998, 43.61904367100004], [-79.56691243899996, 43.61905247100003], [-79.56691223899998, 43.61906147100007], [-79.56691213899995, 43.61907057100007], [-79.56691193899997, 43.61907947100008], [-79.56691183899994, 43.61908847100005], [-79.56691143899997, 43.61909747100003], [-79.56691123899998, 43.61910637100004], [-79.56689873899995, 43.61911527100006], [-79.56689833899998, 43.61912437100005], [-79.56689813899999, 43.61913337100003], [-79.56689793899994, 43.61914237100007], [-79.56688533899995, 43.61915117100006], [-79.56689763899999, 43.61916027100006], [-79.56689723999995, 43.61916937100005], [-79.56689713999998, 43.61917837100003], [-79.56689693999994, 43.61918737100007], [-79.56689673999995, 43.61919637100004], [-79.56688403899994, 43.61920517100003], [-79.56688383999995, 43.61921417100007], [-79.56688363999996, 43.61922317100004], [-79.56689593999994, 43.61923237100007], [-79.56689563999998, 43.61924127100008], [-79.56689543999994, 43.61925027100006], [-79.56689513999999, 43.61925927100003], [-79.56689503999996, 43.61926837100003], [-79.56689463999999, 43.61927737100007], [-79.56689453999996, 43.61928637100004], [-79.56689423999995, 43.61930437100006], [-79.56689403999997, 43.61931347100005], [-79.56689363999999, 43.61932237100007], [-79.56688103999994, 43.61933117100006], [-79.56688083999995, 43.61934017100003], [-79.56688063999997, 43.61934917100007], [-79.56688043999998, 43.61935827100007], [-79.56686783999999, 43.61936707100006], [-79.56686743999995, 43.61938507100007], [-79.56686713999994, 43.61939407100004], [-79.56686693999995, 43.61940297100006], [-79.56686673999997, 43.61941197100003], [-79.56686653999998, 43.61942097100007], [-79.56686633999999, 43.61942997100005], [-79.56686593999996, 43.61944807100008], [-79.56686573999997, 43.61945707100006], [-79.56686543999996, 43.61946607100003], [-79.56685273999994, 43.61947487100008], [-79.56685263999998, 43.61948387100006], [-79.56685243999993, 43.61949277100007], [-79.56685223999995, 43.61950187100007], [-79.56686443999996, 43.61951107100003], [-79.56686423999997, 43.61951997100005], [-79.56686393999996, 43.61952907100004], [-79.56687613999998, 43.61953827100007], [-79.56687593999999, 43.61954727100004], [-79.56687573999994, 43.61955627100008], [-79.56687553999996, 43.61956527100006], [-79.56687533999997, 43.61957427100003], [-79.56687513999998, 43.61958327100007], [-79.56687483999997, 43.61959237100007], [-79.56687463999998, 43.61960127100008], [-79.56687443999994, 43.61961027100006], [-79.56687423999995, 43.61961927100003], [-79.56687403999996, 43.61962827100007], [-79.56687383999997, 43.61963727100004], [-79.56687373999995, 43.61964617100006], [-79.56687333999997, 43.61965527100006], [-79.56687313999998, 43.61966427100003], [-79.56687253999996, 43.61969127100008], [-79.56688473999998, 43.61970047100004], [-79.56688433999994, 43.61971837100003], [-79.56688403999993, 43.61972727100004], [-79.56688383999995, 43.61973627100008], [-79.56688363999996, 43.61974537100008], [-79.56688353999994, 43.61975437100006], [-79.56688323999998, 43.61976337100003], [-79.56688303999994, 43.61977237100007], [-79.56688273999998, 43.61978137100004], [-79.56688263999996, 43.61979037100008], [-79.56688233999995, 43.61979947100008], [-79.56688193999997, 43.61981747100003], [-79.56689423999995, 43.61982647100007], [-79.56689383999998, 43.61983547100004], [-79.56689363999999, 43.61984457100004], [-79.56689343999994, 43.61985357100008], [-79.56689333999998, 43.61986257100006], [-79.56689303999997, 43.61987157100003], [-79.56689283999998, 43.61988067100003], [-79.56689263999993, 43.61988957100004], [-79.56689203999997, 43.61990747100003], [-79.56689173999996, 43.61992557100007], [-79.56687933999996, 43.61992547100004], [-79.56687913999997, 43.61993447100008], [-79.56687903999995, 43.61994347100006], [-79.56687873999994, 43.61995247100003], [-79.56689093999995, 43.61996147100007], [-79.56689063999994, 43.61997047100004], [-79.56689053999997, 43.61997957100004], [-79.56689023999996, 43.61998867100004], [-79.56689003999998, 43.61999757100006], [-79.56688983999999, 43.62000657100003], [-79.56688973999997, 43.62001557100007], [-79.56690173999993, 43.62002477100003], [-79.56690153999995, 43.62003377100007], [-79.56690133999996, 43.62004267100008], [-79.56690093999998, 43.62006077100006], [-79.56690073999994, 43.62006977100003], [-79.56690053999995, 43.62007877100007], [-79.56690033999996, 43.62008777100004], [-79.56690003999995, 43.62009677100008], [-79.56689983999996, 43.62010577100006], [-79.56689963999997, 43.62011487100006], [-79.56689953999995, 43.62012377100007], [-79.56689933999996, 43.62013277100004], [-79.56689903999995, 43.62014167100006], [-79.56689883999996, 43.62015067100003], [-79.56689873999994, 43.62015977100003], [-79.56689833999997, 43.62016877100007], [-79.56689813999998, 43.62017777100004], [-79.56689793999999, 43.62018677100008], [-79.56689783999997, 43.62019577100006], [-79.56689763999998, 43.62020477100003], [-79.56689723999995, 43.62021377100007], [-79.56689703999996, 43.62022267100008], [-79.56689693999994, 43.62023177100008], [-79.56690933999994, 43.62023187100004], [-79.56690903999998, 43.62024097100004], [-79.56690883999994, 43.62024997100008], [-79.56690863999995, 43.62025897100006], [-79.56692103999995, 43.62025907100008], [-79.56692083999997, 43.62026807100005], [-79.56693293999996, 43.62027737100004], [-79.56694513999997, 43.62028637100008], [-79.56694493999998, 43.62029537100005], [-79.56695733999999, 43.62029547100008], [-79.56695713999994, 43.62030447100005], [-79.56696923999993, 43.62031377100004], [-79.56696913999997, 43.62032277100008], [-79.56696883999996, 43.62033177100005], [-79.56698093999995, 43.62034087100005], [-79.56698083999999, 43.62034987100003], [-79.56699273999999, 43.62036797100006], [-79.56699253999994, 43.62037697100004], [-79.56700473999996, 43.62038617100006], [-79.56700453999997, 43.62039517100004], [-79.56700433999998, 43.62040417100008], [-79.56701653999994, 43.62041337100004], [-79.56701623999999, 43.62042237100007], [-79.56701603999994, 43.62043137100005], [-79.56701573999999, 43.62044037100003], [-79.56702803999997, 43.62044957100005], [-79.56702783999998, 43.62045857100003], [-79.56702733999998, 43.62047647100007], [-79.56702713999994, 43.62048557100007], [-79.56702693999995, 43.62049457100005], [-79.56703913999996, 43.62050367100005], [-79.56703893999997, 43.62051267100003], [-79.56703873999999, 43.62052167100006], [-79.56703863999996, 43.62053057100007], [-79.56703823999999, 43.62053967100007], [-79.56703803999994, 43.62054867100005], [-79.56703783999995, 43.62055767100003], [-79.56703763999997, 43.62056667100006], [-79.56703743999998, 43.62057567100004], [-79.56702483999999, 43.62058457100005], [-79.56702463999994, 43.62059367100005], [-79.56702443999995, 43.62060267100003], [-79.56702423999997, 43.62061157100004], [-79.56702393999996, 43.62062047100005], [-79.56702373999997, 43.62062957100005], [-79.56702353999998, 43.62063857100003], [-79.56701093999999, 43.62064737100008], [-79.56701073999994, 43.62065637100005], [-79.56701043999999, 43.62066537100003], [-79.56702293999996, 43.62066557100007], [-79.56702263999995, 43.62067457100005], [-79.56702243999996, 43.62068357100003], [-79.56702223999997, 43.62069257100006], [-79.56700983999997, 43.62069237100008], [-79.56700953999996, 43.62070137100005], [-79.56700943999994, 43.62071037100003], [-79.56700923999995, 43.62071937100006], [-79.56702163999995, 43.62071957100005], [-79.56702143999996, 43.62072857100003], [-79.56703353999995, 43.62073777100005], [-79.56703343999999, 43.62074677100003], [-79.56703313999998, 43.62075577100006], [-79.56704533999994, 43.62076487100006], [-79.56704523999997, 43.62077387100004], [-79.56703253999996, 43.62078277100005], [-79.56703233999997, 43.62079167100006], [-79.56703193999994, 43.62080077100006], [-79.56701923999998, 43.62081857100003], [-79.56701903999993, 43.62082767100003], [-79.56700643999994, 43.62083657100004], [-79.56700623999996, 43.62084547100005], [-79.56700593999994, 43.62085447100003], [-79.56700593999994, 43.62086347100006], [-79.56699333999995, 43.62087227100005], [-79.56699303999994, 43.62088127100003], [-79.56698073999996, 43.62088117100006], [-79.56698033999999, 43.62089017100004], [-79.56696773999994, 43.62089897100003], [-79.56696753999995, 43.62090807100003], [-79.56695513999995, 43.62090777100008], [-79.56695493999996, 43.62091697100004], [-79.56694233999997, 43.62092567100007], [-79.56694213999998, 43.62093467100004], [-79.56692953999999, 43.62094337100007], [-79.56691703999996, 43.62095237100004], [-79.56691673999995, 43.62096137100008], [-79.56690413999996, 43.62097017100007], [-79.56689153999997, 43.62097907100008], [-79.56687903999995, 43.62098787100007], [-79.56687863999997, 43.62099687100005], [-79.56685343999999, 43.62101447100008], [-79.56684083999994, 43.62102337100004], [-79.56684063999995, 43.62103227100005], [-79.56681563999996, 43.62104117100006], [-79.56681553999994, 43.62105017100004], [-79.56680313999993, 43.62104997100005], [-79.56679043999998, 43.62105887100006], [-79.56677783999999, 43.62106767100005], [-79.56676523999994, 43.62107647100004], [-79.56675273999997, 43.62108527100003], [-79.56675243999996, 43.62109437100003], [-79.56673983999997, 43.62110307100005], [-79.56672743999997, 43.62110307100005], [-79.56672723999998, 43.62111207100003], [-79.56671473999995, 43.62112087100007], [-79.56670223999998, 43.62112077100005], [-79.56668963999994, 43.62112957100004], [-79.56666463999994, 43.62113827100006], [-79.56665213999997, 43.62114717100008], [-79.56662723999995, 43.62114677100004], [-79.56661463999995, 43.62115567100005], [-79.56660213999999, 43.62116447100004], [-79.56658963999996, 43.62116447100004], [-79.56657713999994, 43.62117317100007], [-79.56656463999997, 43.62117307100004], [-79.56655193999995, 43.62118187100003], [-79.56653963999997, 43.62118167100004], [-79.56652703999998, 43.62119047100003], [-79.56651463999998, 43.62119037100007], [-79.56650213999995, 43.62119927100008], [-79.56648963999999, 43.62119907100004], [-79.56646463999994, 43.62120777100006], [-79.56645203999994, 43.62121667100007], [-79.56643963999994, 43.62121647100003], [-79.56641453999998, 43.62123417100003], [-79.56640203999996, 43.62123417100003], [-79.56638943999997, 43.62124297100007], [-79.56637703999996, 43.62124277100003], [-79.56636443999997, 43.62125147100005], [-79.56635213999994, 43.62125127100006], [-79.56635203999997, 43.62126027100004], [-79.56633953999994, 43.62126017100007], [-79.56632713999994, 43.62126007100005], [-79.56631453999995, 43.62126897100006], [-79.56630203899994, 43.62126877100008], [-79.56630183899995, 43.62127777100005], [-79.56628953899997, 43.62127767100003], [-79.56627703899994, 43.62128647100008], [-79.56626433899999, 43.62129527100006], [-79.56625193899998, 43.62129517100004], [-79.56623933899994, 43.62130397100003], [-79.56622693899999, 43.62130387100007], [-79.56621453899999, 43.62130367100008], [-79.56620203899996, 43.62130357100006], [-79.56591473899994, 43.62139897100008], [-79.56591453899995, 43.62140787100003], [-79.56590213899995, 43.62140767100004], [-79.56588953899995, 43.62141657100005], [-79.56587693899996, 43.62142547100007], [-79.56586453899996, 43.62142537100004], [-79.56585193899997, 43.62143427100006], [-79.56583963899999, 43.62143407100007], [-79.56582723899999, 43.62143387100008], [-79.56580203899995, 43.62145157100008], [-79.56578963899995, 43.62145147100006], [-79.56577703899995, 43.62146027100005], [-79.56576463899995, 43.62146017100008], [-79.56575203899996, 43.62146907100004], [-79.56573963899996, 43.62146887100005], [-79.56572723899995, 43.62146867100006], [-79.56572703899997, 43.62147767100004], [-79.56571443899998, 43.62148637100006], [-79.56571423899999, 43.62149547100006], [-79.56571403899994, 43.62150467100003], [-79.56570143899995, 43.62151337100005], [-79.56570113899994, 43.62152237100003], [-79.56568853899995, 43.62153117100007], [-79.56567593899996, 43.62154007100003], [-79.56566333899997, 43.62154887100007], [-79.56566313899998, 43.62155787100005], [-79.56565053899999, 43.62156667100004], [-79.56565033899994, 43.62157567100007], [-79.56565013899996, 43.62158477100007], [-79.56564983899995, 43.62159377100005], [-79.56564963899996, 43.62160277100003], [-79.56564933899995, 43.62161177100006], [-79.56564923899998, 43.62162077100004], [-79.56564903899994, 43.62162987100004], [-79.56564883899995, 43.62163877100005], [-79.56566093899994, 43.62164777100003], [-79.56566073899995, 43.62165677100006], [-79.56566053899996, 43.62166597100003], [-79.56566033899998, 43.62167497100006], [-79.56567253899993, 43.62168407100006], [-79.56567233899995, 43.62169307100004], [-79.56567213899996, 43.62170207100007], [-79.56567183899995, 43.62171117100007], [-79.56565923899996, 43.62172007100003], [-79.56565903899997, 43.62172897100004], [-79.56565883899998, 43.62173797100007], [-79.56565853899997, 43.62174687100003], [-79.56565843899995, 43.62175587100006], [-79.56565823899996, 43.62176497100006], [-79.56565803899997, 43.62177397100004], [-79.56565773899996, 43.62178297100007], [-79.56567013899996, 43.62178307100004], [-79.56568233899998, 43.62179227100006], [-79.56569453899994, 43.62180137100006], [-79.56569443899997, 43.62181037100004], [-79.56569413899996, 43.62181927100005], [-79.56570623899995, 43.62182857100004], [-79.56570613899999, 43.62183757100007], [-79.56570593899994, 43.62184657100005], [-79.56570563899999, 43.62185557100003], [-79.56570543899994, 43.62186457100006], [-79.56569283899995, 43.62187337100005], [-79.56568043899995, 43.62187327100003], [-79.56566803899995, 43.62187307100004], [-79.56566823899999, 43.62186407100006], [-79.56565583899999, 43.62186397100004], [-79.56565593899995, 43.62185497100006], [-79.56564363899997, 43.62185477100007], [-79.56563113899995, 43.62186367100003], [-79.56563093899996, 43.62187277100003], [-79.56564323899994, 43.62187287100005], [-79.56564303899995, 43.62188177100006], [-79.56565523899997, 43.62189087100006], [-79.56566733899996, 43.62190007100003], [-79.56566713899997, 43.62190907100006], [-79.56566693899998, 43.62191807100004], [-79.56566673899994, 43.62192717100004], [-79.56567913899994, 43.62192727100006], [-79.56567893899995, 43.62193627100004], [-79.56567873899996, 43.62194527100007], [-79.56569093899998, 43.62195447100004], [-79.56570283899998, 43.62197257100007], [-79.56570263899994, 43.62198157100005], [-79.56571483899995, 43.62199077100007], [-79.56571473899999, 43.62199967100003], [-79.56571433899995, 43.62200877100003], [-79.56572653899997, 43.62201787100003], [-79.56572633899998, 43.62202687100006], [-79.56572613899993, 43.62203587100004], [-79.56573853899994, 43.62203607100003], [-79.56573833899995, 43.62204517100002], [-79.56573783899995, 43.62206307100007], [-79.56573763899996, 43.62207207100005], [-79.56573743899997, 43.62208097100006], [-79.56574983899998, 43.62208127100007], [-79.56574963899999, 43.62209027100005], [-79.56574943899994, 43.62209927100002], [-79.56576153899994, 43.62210837100008], [-79.56576133899995, 43.62211737100006], [-79.56576113899996, 43.62212647100006], [-79.56577333899997, 43.62213547100004], [-79.56577323899995, 43.62214447100007], [-79.56577303899996, 43.62215347100005], [-79.56577273899995, 43.62216257100005], [-79.56578483899995, 43.62217177100007], [-79.56578473899998, 43.62218067100008], [-79.56579693899994, 43.62218997100007], [-79.56580923899998, 43.62219007100003], [-79.56580903899999, 43.62219897100005], [-79.56582113899998, 43.62220807100005], [-79.56583333899994, 43.62221737100003], [-79.56584573899994, 43.62221737100003], [-79.56585803899998, 43.62222657100006], [-79.56585783899999, 43.62223557100003], [-79.56587023899993, 43.62223567100006], [-79.56586993899998, 43.62224477100006], [-79.56588213899994, 43.62224487100008], [-79.56588203899997, 43.62225397100008], [-79.56588183899999, 43.62226297100005], [-79.56588163899994, 43.62227197100003], [-79.56588133899999, 43.62228107100003], [-79.56588123899996, 43.62228997100004], [-79.56588103899998, 43.62229897100008], [-79.56589333899996, 43.62229907100004], [-79.56589313899997, 43.62230807100008], [-79.56590553899997, 43.62230827100007], [-79.56590533899998, 43.62231727100004], [-79.56591773899999, 43.62231747100003], [-79.56591753899994, 43.62232647100006], [-79.56592993899994, 43.62232657100003], [-79.56592973899996, 43.62233557100006], [-79.56594193899997, 43.62234477100003], [-79.56594173899998, 43.62235377100006], [-79.56594143899997, 43.62236277100004], [-79.56595363899999, 43.62237187100004], [-79.56595353899996, 43.62238087100008], [-79.56595333899998, 43.62238987100005], [-79.56595283899998, 43.62239887100003], [-79.56595273899995, 43.62240787100006], [-79.56595263899999, 43.62241687100004], [-79.56595243899994, 43.62242587100008], [-79.56596473899998, 43.62242607100006], [-79.56596443899997, 43.62243507100004], [-79.56596433899995, 43.62244407100007], [-79.56597673899995, 43.62244437100003], [-79.56597653899996, 43.62245327100004], [-79.56598863999994, 43.62246237100004], [-79.56598843999996, 43.62247137100007], [-79.56598833999999, 43.62248027100003], [-79.56598803999998, 43.62248937100003], [-79.56598783999993, 43.62249837100006], [-79.56599973999994, 43.62251657100006], [-79.56599953999995, 43.62252567100006], [-79.56599893999999, 43.62255257100003], [-79.56599863999998, 43.62256157100006], [-79.56599843999999, 43.62257067100006], [-79.56599833999996, 43.62257957100007], [-79.56599803999995, 43.62258857100005], [-79.56599783999997, 43.62259757100003], [-79.56599763999998, 43.62260657100006], [-79.56599743999999, 43.62261547100007], [-79.56599723999994, 43.62262457100007], [-79.56598463999995, 43.62263347100003], [-79.56598433999994, 43.62264237100004], [-79.56598413999996, 43.62265137100007], [-79.56598393999997, 43.62266037100005], [-79.56598373999998, 43.62266937100003], [-79.56599593999994, 43.62267857100005], [-79.56599573999995, 43.62268757100003], [-79.56599543999994, 43.62269647100004], [-79.56599523999995, 43.62270547100007], [-79.56600743999996, 43.62271477100006], [-79.56600723999998, 43.62272377100004], [-79.56600713999995, 43.62273277100007], [-79.56600683999994, 43.62274177100005], [-79.56601203999998, 43.62274567100008], [-79.56601893999994, 43.62275097100007], [-79.56601883999997, 43.62275987100003], [-79.56601863999998, 43.62276887100006], [-79.56601843999994, 43.62277777100007], [-79.56603053999999, 43.62278707100006], [-79.56603043999996, 43.62279607100004], [-79.56603023999998, 43.62280507100007], [-79.56602983999994, 43.62281407100005], [-79.56602963999995, 43.62282307100003], [-79.56602953999999, 43.62283207100006], [-79.56601693999994, 43.62283187100007], [-79.56601703999996, 43.62283627100004], [-79.56601693999994, 43.62284087100005], [-79.56601663999999, 43.62284987100003], [-79.56601643999994, 43.62285887100006], [-79.56601623999995, 43.62286787100004], [-79.56601603999997, 43.62287687100007], [-79.56600333999995, 43.62288577100003], [-79.56600313999996, 43.62289477100006], [-79.56599053999997, 43.62290357100005], [-79.56599033999998, 43.62291257100003], [-79.56599013999994, 43.62292157100006], [-79.56597753999995, 43.62293047100007], [-79.56597733999996, 43.62293937100003], [-79.56597713999997, 43.62294837100006], [-79.56596473999997, 43.62294827100004], [-79.56596443999996, 43.62295727100008], [-79.56596423999997, 43.62296617100003], [-79.56596403999998, 43.62297527100003], [-79.56596383999994, 43.62298427100006], [-79.56596353999998, 43.62299327100004], [-79.56596343999996, 43.62300237100004], [-79.56596323999997, 43.62301117100003], [-79.56596303999999, 43.62302027100003], [-79.56596263999995, 43.62302927100006], [-79.56595013999998, 43.62303817100008], [-79.56595003999996, 43.62304717100005], [-79.56594983999997, 43.62305617100003], [-79.56593713999996, 43.62306497100008], [-79.56593693999997, 43.62307397100005], [-79.56593673999998, 43.62308307100005], [-79.56592403999997, 43.62310087100008], [-79.56592373999996, 43.62310987100005], [-79.56592343999995, 43.62311887100003], [-79.56592323999996, 43.62312787100007], [-79.56591063999997, 43.62313667100005], [-79.56591043999998, 43.62314567100003], [-79.56591023999994, 43.62315467100007], [-79.56591003999995, 43.62316367100004], [-79.56590983999996, 43.62317257100005], [-79.56590953999995, 43.62318157100003], [-79.56590933999996, 43.62319067100003], [-79.56590913999997, 43.62319967100007], [-79.56590893999999, 43.62320867100004], [-79.56590873999994, 43.62321767100008], [-79.56589593999996, 43.62323557100007], [-79.56589573999997, 43.62324457100004], [-79.56589543999996, 43.62325357100008], [-79.56589523999997, 43.62326267100008], [-79.56589503999999, 43.62327157100003], [-79.56588243999994, 43.62328037100008], [-79.56588213999999, 43.62328937100006], [-79.56588203999996, 43.62329837100003], [-79.56588183999997, 43.62330747100003], [-79.56588163999999, 43.62331647100007], [-79.56588123999995, 43.62332547100004], [-79.56586873999998, 43.62333427100003], [-79.56586843999997, 43.62335217100008], [-79.56586813999996, 43.62336127100008], [-79.56586783999995, 43.62337027100006], [-79.56585533999998, 43.62337907100004], [-79.56585523999996, 43.62338807100008], [-79.56585463999994, 43.62340617100006], [-79.56585443999995, 43.62341517100003], [-79.56585433999999, 43.62342417100007], [-79.56585403999998, 43.62343317100004], [-79.56585383999999, 43.62344217100008], [-79.56585363999994, 43.62345117100006], [-79.56585343999996, 43.62346007100007], [-79.56585313999994, 43.62346917100007], [-79.56585293999996, 43.62347817100004], [-79.56585273999997, 43.62348717100008], [-79.56585233999994, 43.62350507100007], [-79.56585213999995, 43.62351417100007], [-79.56585143999996, 43.62354117100006], [-79.56585123999997, 43.62355017100003], [-79.56585103999998, 43.62355927100003], [-79.56585073999997, 43.62357717100008], [-79.56585043999996, 43.62358617100006], [-79.56585003999999, 43.62360407100005], [-79.56584983999994, 43.62361317100004], [-79.56586193999993, 43.62362237100007], [-79.56586163999998, 43.62364027100006], [-79.56584843999997, 43.62366717100008], [-79.56584833999995, 43.62367617100006], [-79.56584813999996, 43.62368517100003], [-79.56584783999995, 43.62369417100007], [-79.56584743999997, 43.62371217100008], [-79.56584723999998, 43.62372117100006], [-79.56584653999994, 43.62374807100008], [-79.56584613999996, 43.62376627100008], [-79.56584593999997, 43.62377517100003], [-79.56583353999997, 43.62377497100005], [-79.56583333999998, 43.62378407100005], [-79.56583283999998, 43.62380207100006], [-79.56583263999994, 43.62381117100006], [-79.56583243999995, 43.62382007100007], [-79.56581983999996, 43.62382887100006], [-79.56581943999998, 43.62384687100007], [-79.56580593999996, 43.62389167100008], [-79.56579293999994, 43.62391847100002], [-79.56578053999993, 43.62391837100006], [-79.56578033999995, 43.62392737100004], [-79.56578023999998, 43.62393647100004], [-79.56576743999995, 43.62394527100003], [-79.56576723999996, 43.62395427100006], [-79.56576703999997, 43.62396327100004], [-79.56576693999995, 43.62397227100007], [-79.56575423999999, 43.62398097100004], [-79.56575403999994, 43.62398997100007], [-79.56575383999996, 43.62399887100003], [-79.56575363999997, 43.62400807100005], [-79.56574103999998, 43.62401697100006], [-79.56574073999997, 43.62402597100004], [-79.56574053999998, 43.62403497100007], [-79.56572783999997, 43.62404377100006], [-79.56572763999998, 43.62405277100004], [-79.56572753999995, 43.62406167100005], [-79.56571513999995, 43.62406157100003], [-79.56571503999999, 43.62407067100003], [-79.56570243999994, 43.62407937100005], [-79.56570213999998, 43.62408847100005], [-79.56568973999998, 43.62408837100003], [-79.56568953999994, 43.62409737100006], [-79.56567713999993, 43.62409717100007], [-79.56567683999998, 43.62410617100005], [-79.56567673999996, 43.62411517100003], [-79.56567623999996, 43.62413317100004], [-79.56567603999997, 43.62414207100005], [-79.56567583999998, 43.62415117100005], [-79.56567573999996, 43.62416017100003], [-79.56567543999995, 43.62416917100006], [-79.56566303999995, 43.62416897100007], [-79.56566283999996, 43.62417807100007], [-79.56566253999995, 43.62418707100005], [-79.56565013999995, 43.62418687100006], [-79.56564993999996, 43.62419587100004], [-79.56563743999999, 43.62420477200004], [-79.56562483999994, 43.62421347200006], [-79.56562473999998, 43.62422247200004], [-79.56561223999995, 43.62422237200008], [-79.56561193999994, 43.62423147200008], [-79.56561173999995, 43.62424047200005], [-79.56561153999996, 43.62424947200003], [-79.56559903999994, 43.62425827200008], [-79.56559873999998, 43.62426727200005], [-79.56559823999999, 43.62428527200007], [-79.56559783999995, 43.62430327200008], [-79.56559763999996, 43.62431227200005], [-79.56559743999998, 43.62432127200003], [-79.56559723999999, 43.62433027200007], [-79.56559693999998, 43.62433927200004], [-79.56558433999999, 43.62434817200005], [-79.56558413999994, 43.62435717200003], [-79.56557153999995, 43.62436597200008], [-79.56557133999996, 43.62437487200003], [-79.56557113999997, 43.62438387200007], [-79.56555863999995, 43.62439277200008], [-79.56555843999996, 43.62440177200006], [-79.56554573999995, 43.62441067200007], [-79.56553313999996, 43.62441957200008], [-79.56553293999997, 43.62442857200006], [-79.56553273999998, 43.62443757200003], [-79.56552003999997, 43.62444637200008], [-79.56551983999998, 43.62445527200003], [-79.56550723999999, 43.62446417200005], [-79.56549443999995, 43.62448207200003], [-79.56548183999996, 43.62449097200005], [-79.56546933999994, 43.62449977200004], [-79.56545673999995, 43.62450857200002], [-79.56545643999993, 43.62451757200006], [-79.56544403999999, 43.62451747200004], [-79.56541883999995, 43.62453507200007], [-79.56540623999996, 43.62454387200006], [-79.56539363899998, 43.62455277200007], [-79.56538103899999, 43.62456157200006], [-79.56538083899994, 43.62457067200006], [-79.56536843899994, 43.62457047200007], [-79.56535573899998, 43.62457937200003], [-79.56534333899998, 43.62457927200006], [-79.56533073899999, 43.62458807200005], [-79.56531823899996, 43.62459687200004], [-79.56530563899997, 43.62460577200005], [-79.56529313899995, 43.62460557200006], [-79.56528053899996, 43.62461447200008], [-79.56526793899997, 43.62462317200004], [-79.56525533899998, 43.62463217200008], [-79.56523033899998, 43.62464087200004], [-79.56521793899998, 43.62464067200006], [-79.56520553899998, 43.62464057200003], [-79.56519303899995, 43.62464937200008], [-79.56518053899998, 43.62464907200007], [-79.56516823899995, 43.62464907200007], [-79.56515573899998, 43.62465787200006], [-79.56511843899995, 43.62465747200008], [-79.56509343899995, 43.62466617200005], [-79.56508083899996, 43.62467507200006], [-79.56505603899996, 43.62467467200003], [-79.56504363899995, 43.62467447200004], [-79.56501883899995, 43.62467417200003], [-79.56500643899994, 43.62467417200003], [-79.56498173899996, 43.62467377200005], [-79.56493213899995, 43.62467307200006], [-79.56489513899999, 43.62466367200005], [-79.56484593899995, 43.62464497200006], [-79.56480913899998, 43.62463557200005], [-79.56478453899996, 43.62462617200003], [-79.56475973899995, 43.62462587200008], [-79.56474763899996, 43.62461677200008], [-79.56472293899998, 43.62460747200004], [-79.56471083899999, 43.62459827200007], [-79.56468603899998, 43.62459797200006], [-79.56467383899997, 43.62458887200006], [-79.56466173899997, 43.62457967200004], [-79.56464933899997, 43.62457947200005], [-79.56463713899996, 43.62457037200005], [-79.56462493899994, 43.62456117200003], [-79.56461253899994, 43.62456107200006], [-79.56460033899998, 43.62455177200007], [-79.56458813899997, 43.62454277200004], [-79.56457613899994, 43.62453367200004], [-79.56456383899996, 43.62452437200005], [-79.56455143899996, 43.62452427200003], [-79.56452683899994, 43.62451497200004], [-79.56451453899996, 43.62451477200005], [-79.56450243899997, 43.62450567200005], [-79.56448993899994, 43.62450547200007], [-79.56446513899994, 43.62450517200006], [-79.56445293899998, 43.62449597200003], [-79.56444033899999, 43.62450487200005], [-79.56442793899998, 43.62450467200006], [-79.56441553899998, 43.62450457200003], [-79.56440293899999, 43.62451337200008], [-79.56440283899997, 43.62452237200006], [-79.56439043899996, 43.62452227200004], [-79.56437793899994, 43.62452207200005], [-79.56437813899998, 43.62451317200004], [-79.56436593899997, 43.62450397200007], [-79.56435373899996, 43.62450377200003], [-79.56435383899998, 43.62449477200005], [-79.56434153899994, 43.62449457200006], [-79.56434163899996, 43.62448567200005], [-79.56432923899996, 43.62448547200006], [-79.56405533899994, 43.62453597200005], [-79.56404273899994, 43.62454477200004], [-79.56404253899996, 43.62455377200007], [-79.56403003899999, 43.62456267200002], [-79.56401733899997, 43.62457157200004], [-79.56401703899996, 43.62458957200005], [-79.56400443899997, 43.62459847200006], [-79.56399143899995, 43.62461617200006], [-79.56399123899996, 43.62462517200004], [-79.56397843899998, 43.62464297200006], [-79.56396583899993, 43.62465197200004], [-79.56395333899997, 43.62466077200003], [-79.56395283899997, 43.62467877200004], [-79.56392783899997, 43.62468757200003], [-79.56391493899997, 43.62470527200003], [-79.56390213899994, 43.62472317200007], [-79.56388953899994, 43.62473207200003], [-79.56387673899997, 43.62474977200003], [-79.56385133899994, 43.62477657200003], [-79.56383873899995, 43.62478547200004], [-79.56382583899995, 43.62480327200007], [-79.56381303899997, 43.62482117200005], [-79.56380043899998, 43.62482997200004], [-79.56378763899994, 43.62484777200007], [-79.56377473899994, 43.62487467200003], [-79.56376193899996, 43.62488347200008], [-79.56376173899997, 43.62489247200006], [-79.56374913899998, 43.62490137200007], [-79.56374903899996, 43.62491037200004], [-79.56373653899999, 43.62491017200006], [-79.56373633899995, 43.62491917200003], [-79.56373613899996, 43.62492817200007], [-79.56373593899997, 43.62493707200008], [-79.56372353899997, 43.62493697200006], [-79.56372333899998, 43.62494587200007], [-79.56371073899999, 43.62495477200008], [-79.56371063899996, 43.62496387200008], [-79.56371043899998, 43.62497287200006], [-79.56373323899999, 43.62505417200003], [-79.56374513899993, 43.62507237200003], [-79.56374463899994, 43.62509037200005], [-79.56374403899997, 43.62511737200003], [-79.56374343899995, 43.62514437200008], [-79.56374283899999, 43.62517137200007], [-79.56372973899994, 43.62519827200003], [-79.56372923899994, 43.62521627200005], [-79.56372903899995, 43.62522527200008], [-79.56372863899998, 43.62524327200003], [-79.56372803899995, 43.62527017200006], [-79.56374013899995, 43.62527937200008], [-79.56373993899996, 43.62528837200006], [-79.56373983899994, 43.62529737200003], [-79.56373933899994, 43.62531537200005], [-79.56373863899995, 43.62534227200007], [-79.56373843899996, 43.62535127200005], [-79.56373803899999, 43.62536947200005], [-79.56372493899994, 43.62539627200005], [-79.56371173899998, 43.62543207200008], [-79.56371143899997, 43.62545017200006], [-79.56371063899996, 43.62547717200005], [-79.56371053899994, 43.62548627200005], [-79.56371003899994, 43.62550407200007], [-79.56370983899996, 43.62551307200005], [-79.56370913899997, 43.62554017200006], [-79.56370883899996, 43.62555827200003], [-79.56372073899996, 43.62557637200007], [-79.56372023899996, 43.62559417200004], [-79.56371983899999, 43.62561227200007], [-79.56371943899995, 43.62563027200008], [-79.56371903899998, 43.62564827200003], [-79.56371853899998, 43.62566627200005], [-79.56371813899995, 43.62568427200006], [-79.56371773899997, 43.62570227200007], [-79.56370503899996, 43.62572017200006], [-79.56370433899997, 43.62574707200008], [-79.56370383899997, 43.62576517200006], [-79.56370363899998, 43.62577417200004], [-79.56369013899996, 43.62581897200005], [-79.56368983899995, 43.62583697200006], [-79.56368843899998, 43.62589107200006], [-79.56367583899998, 43.62589977200003], [-79.56367563899994, 43.62590877200006], [-79.56367493899995, 43.62593587200007], [-79.56366213899997, 43.62595377200006], [-79.56366153899995, 43.62598077200005], [-79.56364863899995, 43.62599857200007], [-79.56364803899999, 43.62602557200006], [-79.56363543899994, 43.62603447200007], [-79.56363523899995, 43.62604347200005], [-79.56363473899995, 43.62606137200004], [-79.56362203899994, 43.62607927200003], [-79.56362153899994, 43.62609727200004], [-79.56360863899994, 43.62612417200006], [-79.56360793899995, 43.62615117200005], [-79.56359503899995, 43.62616907200004], [-79.56359463899997, 43.62618697200003], [-79.56358183899994, 43.62620487200007], [-79.56358133899994, 43.62622287200003], [-79.56356793899994, 43.62626767200004], [-79.56356743899994, 43.62628567200005], [-79.56355463899996, 43.62630347200007], [-79.56355423899998, 43.62632147200003], [-79.56356583899998, 43.62635767200004], [-79.56356533899998, 43.62637567200005], [-79.56356493899995, 43.62639367200006], [-79.56355213899997, 43.62641157200005], [-79.56355163899997, 43.62642957200006], [-79.56355133899996, 43.62644757200007], [-79.56353843899996, 43.62646527200008], [-79.56352583899996, 43.62647417200003], [-79.56351323899997, 43.62648297200008], [-79.56350043899994, 43.62650097200003], [-79.56350013899998, 43.62650997200006], [-79.56349973899995, 43.62652797200008], [-79.56349933899997, 43.62654587200007], [-79.56349863899999, 43.62657297200008], [-79.56349823899995, 43.62659097200003], [-79.56349783899998, 43.62660897200004], [-79.56350973899998, 43.62662697200005], [-79.56350963899996, 43.62663597200003], [-79.56352153899996, 43.62665437200008], [-79.56352133899998, 43.62666327200003], [-79.56353353899993, 43.62667247200005], [-79.56353323899998, 43.62668147200003], [-79.56354533899997, 43.62669957200006], [-79.56355703899999, 43.62671777200006], [-79.56356913899998, 43.62673577200007], [-79.56356893899994, 43.62674487200007], [-79.56376033899994, 43.62703547200005], [-79.56386803899994, 43.62719877200004], [-79.56390343899994, 43.62727137200005], [-79.56390173899996, 43.62734337200004], [-79.56390153899997, 43.62735227200005], [-79.56390133899998, 43.62736127200003], [-79.56391353899994, 43.62737047200005], [-79.56391283899995, 43.62739747200004], [-79.56390023899996, 43.62740637200005], [-79.56390003899998, 43.62741547200005], [-79.56389983899999, 43.62742437200006], [-79.56389943899995, 43.62744237200008], [-79.56389913899994, 43.62745127200003], [-79.56389873899997, 43.62746937200006], [-79.56389853899998, 43.62747827200008], [-79.56389813899995, 43.62749637200005], [-79.56389793899996, 43.62750527200006], [-79.56389743899996, 43.62752337200004], [-79.56389723899997, 43.62753237200008], [-79.56390923899994, 43.62755057200008], [-79.56390903899995, 43.62755957200005], [-79.56390853899995, 43.62757757200006], [-79.56390833899997, 43.62758647200008], [-79.56390803899995, 43.62760457200005], [-79.56389533899994, 43.62761337200004], [-79.56389513899995, 43.62762237200008], [-79.56389483899994, 43.62763147200008], [-79.56388253899996, 43.62763127200003], [-79.56388213899999, 43.62764027200006], [-79.56386963899996, 43.62764907200005], [-79.56386923899998, 43.62766697200004], [-79.56388143899994, 43.62767627200003], [-79.56388093899994, 43.62769427200004], [-79.56388073899996, 43.62770317200005], [-79.56388033899998, 43.62772127200003], [-79.56389253899994, 43.62773037200003], [-79.56389213899996, 43.62774827200008], [-79.56389153899994, 43.62777537200003], [-79.56390363899999, 43.62778447200003], [-79.56390343899994, 43.62779347200006], [-79.56391533899995, 43.62781177200003], [-79.56391523899998, 43.62782077200006], [-79.56392733899997, 43.62782987200006], [-79.56392713899999, 43.62783887200004], [-79.56393933899994, 43.62784797200004], [-79.56395153899996, 43.62785717200006], [-79.56397603899995, 43.62786647200005], [-79.56398823899997, 43.62787567200007], [-79.56401263899994, 43.62789397200004], [-79.56402483899996, 43.62790327200003], [-79.56404933899995, 43.62791237200003], [-79.56406163899999, 43.62792157200005], [-79.56407373899998, 43.62793077200007], [-79.56409833899994, 43.62793997200004], [-79.56411053899996, 43.62794917200006], [-79.56412263899995, 43.62795847200005], [-79.56414713899994, 43.62796767200007], [-79.56415913899997, 43.62798587200007], [-79.56417153899997, 43.62799507200003], [-79.56419593899994, 43.62800427200006], [-79.56420793899997, 43.62801347200008], [-79.56423293899996, 43.62801377200003], [-79.56425743899996, 43.62802297200005], [-79.56426973899994, 43.62803227200004], [-79.56429413899997, 43.62804157200003], [-79.56434363899996, 43.62805117200003], [-79.56435573899995, 43.62806047200007], [-79.56436783899994, 43.62806947200005], [-79.56439263899995, 43.62806977200006], [-79.56440483899996, 43.62807897200003], [-79.56441723899997, 43.62807917200007], [-79.56445423999998, 43.62808857200008], [-79.56446653999996, 43.62808877200007], [-79.56449133999996, 43.62808907200008], [-79.56450363999994, 43.62809837200007], [-79.56452833999998, 43.62809857200006], [-79.56454053999994, 43.62810767200006], [-79.56457773999995, 43.62810817200005], [-79.56458983999994, 43.62811737200008], [-79.56461463999995, 43.62811767200003], [-79.56462703999995, 43.62811777200005], [-79.56463953999997, 43.62811787200008], [-79.56465193999998, 43.62811807200006], [-79.56466433999998, 43.62811827200005], [-79.56467673999998, 43.62811837200007], [-79.56468903999996, 43.62811857200006], [-79.56470133999994, 43.62811877200005], [-79.56472623999997, 43.62811907200006], [-79.56473833999996, 43.62812817200006], [-79.56476313999997, 43.62812847200007], [-79.56477553999997, 43.62812867200006], [-79.56480013999999, 43.62813807200007], [-79.56481243999997, 43.62813817200004], [-79.56483713999995, 43.62813847200005], [-79.56486183999994, 43.62814777200003], [-79.56489903999994, 43.62814807200004], [-79.56492373999998, 43.62814857200004], [-79.56493593999994, 43.62815767200004], [-79.56496073999995, 43.62815787200003], [-79.56498553999995, 43.62815817200004], [-79.56499783999999, 43.62816747200003], [-79.56502253999997, 43.62816767200007], [-79.56504723999996, 43.62816807200005], [-79.56507203999996, 43.62816837200006], [-79.56508433999994, 43.62816857200005], [-79.56509683999997, 43.62816857200005], [-79.56512143999998, 43.62817807200003], [-79.56513383999999, 43.62817807200003], [-79.56514623999999, 43.62817837200004], [-79.56517103999994, 43.62817867200005], [-79.56518333999998, 43.62817877200007], [-79.56520813999998, 43.62817907200008], [-79.56522053999998, 43.62817927200007], [-79.56523293999999, 43.62817947200006], [-79.56524523999997, 43.62817957200008], [-79.56527023999996, 43.62817987200003], [-79.56528253999994, 43.62818007200008], [-79.56529493999994, 43.62818017200004], [-79.56530763999996, 43.62817127200003], [-79.56531993999994, 43.62817137200005], [-79.56533233999994, 43.62817167200006], [-79.56534443999999, 43.62818087200003], [-79.56535693999996, 43.62818097200005], [-79.56536933999996, 43.62818107200007], [-79.56539413999997, 43.62818147200005], [-79.56540643999995, 43.62818157200007], [-79.56543123999995, 43.62818187200003], [-79.56545623999995, 43.62817317200006], [-79.56546863999995, 43.62817337200005], [-79.56549313999994, 43.62818267200004], [-79.56551793999995, 43.62818287200002], [-79.56554273999996, 43.62818327200006], [-79.56555523999998, 43.62818347200005], [-79.56557993999996, 43.62818377200006], [-79.56559233999997, 43.62818397200004], [-79.56561713999997, 43.62818427200006], [-79.56562943999995, 43.62818437200008], [-79.56565423999996, 43.62818467200003], [-79.56566663999996, 43.62818487200008], [-79.56569143999997, 43.62818517200003], [-79.56570383999997, 43.62818537200008], [-79.56572853999995, 43.62818567200003], [-79.56575353999995, 43.62818607200006], [-79.56576583999998, 43.62818607200006], [-79.56579063999999, 43.62818647200004], [-79.56581563999998, 43.62817777200007], [-79.56582793999996, 43.62817787200004], [-79.56585273999997, 43.62817807200003], [-79.56587763999994, 43.62817837200004], [-79.56590233999998, 43.62817887200003], [-79.56591473999998, 43.62817897200006], [-79.56593953999999, 43.62817927200007], [-79.56596423999997, 43.62817957200008], [-79.56601363999994, 43.62818927200004], [-79.56602603999994, 43.62818937200007], [-79.56605083999995, 43.62818967200008], [-79.56607563999995, 43.62818987200006], [-79.56610033999993, 43.62819027200004], [-79.56611273999994, 43.62819047200003], [-79.56612513999994, 43.62819057200005], [-79.56614973999996, 43.62819997200006], [-79.56616213999996, 43.62820007200003], [-79.56617453999996, 43.62820027200007], [-79.56619933999997, 43.62820057200003], [-79.56621163999995, 43.62820067200005], [-79.56622403999995, 43.62820087200004], [-79.56624883999996, 43.62820117200005], [-79.56626123999996, 43.62820137200004], [-79.56628583999998, 43.62821067200008], [-79.56632303999999, 43.62821107200006], [-79.56634773999997, 43.62821147200003], [-79.56636013999997, 43.62821157200005], [-79.56638493999998, 43.62821187200007], [-79.56640973999998, 43.62821227200004], [-79.56642213999999, 43.62821237200006], [-79.56643453999999, 43.62821247200003], [-79.56645933999994, 43.62821277200004], [-79.56647173999994, 43.62821297200003], [-79.56650923999996, 43.62820447200005], [-79.56653383999998, 43.62820477200006], [-79.56654623999998, 43.62820487200003], [-79.56657083999994, 43.62821417200007], [-79.56659573999997, 43.62821457200005], [-79.56660803999995, 43.62821467200007], [-79.56663283999995, 43.62821507200005], [-79.56664513999993, 43.62821517200007], [-79.56667003999996, 43.62821547200008], [-79.56669493999993, 43.62820677200006], [-79.56671973999994, 43.62820707200007], [-79.56673213999994, 43.62820727200005], [-79.56675723999996, 43.62819857200003], [-79.56676953999994, 43.62819867200005], [-79.56678193999994, 43.62819887200004], [-79.56679433999994, 43.62819897200006], [-79.56680673999995, 43.62819917200005], [-79.56681923999997, 43.62819937200004], [-79.56683163999998, 43.62819947200006], [-79.56683173999994, 43.62819047200003], [-79.56684413999994, 43.62819067200007], [-79.56685673999993, 43.62818177200006], [-79.56686913999994, 43.62818197200005], [-79.56688143999997, 43.62818207200007], [-79.56689423999995, 43.62817317200006], [-79.56690643999997, 43.62817337200005], [-79.56693133999994, 43.62817367200006], [-79.56694363999998, 43.62817387200005], [-79.56696863999997, 43.62816507200006], [-79.56698093999995, 43.62816537200007], [-79.56699363999996, 43.62815637200003], [-79.56701843999997, 43.62815677200007], [-79.56703083999997, 43.62815697200006], [-79.56705593999999, 43.62814817200007], [-79.56706833999993, 43.62814837200006], [-79.56708073999994, 43.62814857200004], [-79.56709283999999, 43.62815777200007], [-79.56710543999998, 43.62814887200005], [-79.56711773999996, 43.62814897200008], [-79.56713003999994, 43.62814907200004], [-79.56714273999995, 43.62814037200008], [-79.56715513999995, 43.62814047200004], [-79.56716763999998, 43.62813167200005], [-79.56718043999996, 43.62812277200004], [-79.56719273999994, 43.62812307200005], [-79.56720533999999, 43.62811417200004], [-79.56721783999996, 43.62811427200006], [-79.56723033999998, 43.62810547200007], [-79.56724273999998, 43.62810557200004], [-79.56725513999999, 43.62810577200003], [-79.56725533999997, 43.62809677200005], [-79.56726793999997, 43.62808777200007], [-79.56726823999998, 43.62807887200006], [-79.56728083999997, 43.62807007200007], [-79.56728123999994, 43.62805207200006], [-79.56729383999993, 43.62804317200005], [-79.56729403999998, 43.62803417200007], [-79.56730683999996, 43.62802537200002], [-79.56730693999998, 43.62801637200005], [-79.56731933999998, 43.62801647200007], [-79.56731973999996, 43.62799847200006], [-79.56733233999995, 43.62798967200007], [-79.56733253999994, 43.62798057200007], [-79.56734513999999, 43.62797177200008], [-79.56735783999994, 43.62796297200003], [-79.56735793999997, 43.62795397200006], [-79.56737053999996, 43.62794517200007], [-79.56737073999994, 43.62793607200007], [-79.56737093999999, 43.62792707200003], [-79.56737143999999, 43.62790897200006], [-79.56737183999996, 43.62789107200007], [-79.56737213999997, 43.62788207200003], [-79.56738463999994, 43.62787327200004], [-79.56738483999999, 43.62786427200007], [-79.56738503999998, 43.62785527200003], [-79.56738533999999, 43.62784617200003], [-79.56739803999994, 43.62783727200008], [-79.56739813999997, 43.62782827200004], [-79.56739863999996, 43.62781037200006], [-79.56741113999999, 43.62780157200007], [-79.56741143999994, 43.62779257200003], [-79.56741143999994, 43.62778357200006], [-79.56742413999996, 43.62777467200004], [-79.56742433999995, 43.62776567200007], [-79.56742483999994, 43.62774767200005], [-79.56742503999999, 43.62773877200004], [-79.56742523999998, 43.62772967200004], [-79.56742563999995, 43.62771167200003], [-79.56743823999994, 43.62770287200004], [-79.56743843999999, 43.62769387200007], [-79.56743893999999, 43.62767587200005], [-79.56745163999994, 43.62766687200008], [-79.56745173999997, 43.62765797200007], [-79.56745213999994, 43.62763997200005], [-79.56746483999996, 43.62763117200006], [-79.56746503999995, 43.62762227200005], [-79.56747783999998, 43.62760417200008], [-79.56747803999997, 43.62759517200004], [-79.56749063999996, 43.62758637200005], [-79.56749083999995, 43.62757747200004], [-79.56751603999999, 43.62755977200004], [-79.56751623999997, 43.62755077200006], [-79.56752883999997, 43.62754197200007], [-79.56752903999995, 43.62753297200004], [-79.56754173999997, 43.62752417200005], [-79.56754193999996, 43.62751497200003], [-79.56755453999995, 43.62750617200004], [-79.56755473999993, 43.62749727200003], [-79.56755503999995, 43.62748827200005], [-79.56756753999997, 43.62747937200004], [-79.56756773999996, 43.62747037200006], [-79.56758003999994, 43.62747057200005], [-79.56758023999998, 43.62746157200007], [-79.56758053999994, 43.62745257200004], [-79.56759323999995, 43.62744367200003], [-79.56759343999994, 43.62743457200003], [-79.56759363999998, 43.62742557200005], [-79.56760613999995, 43.62741697200005], [-79.56760643999996, 43.62740787200005], [-79.56761903999995, 43.62739897200004], [-79.56761943999999, 43.62738997200006], [-79.56763193999996, 43.62738117200007], [-79.56763203999998, 43.62737217200004], [-79.56764463999997, 43.62736327200003], [-79.56764483999996, 43.62735417200003], [-79.56765743999995, 43.62734537200004], [-79.56767043999997, 43.62732757200007], [-79.56767053999994, 43.62731857200004], [-79.56768313999999, 43.62730977200005], [-79.56768333999997, 43.62730077200007], [-79.56769593999996, 43.62729187200006], [-79.56769623999998, 43.62728287200008], [-79.56770883999997, 43.62727407200003], [-79.56770893999999, 43.62726497200003], [-79.56772153999998, 43.62725617200005], [-79.56773433999996, 43.62723837200008], [-79.56773463999997, 43.62722937200004], [-79.56774723999996, 43.62722057200006], [-79.56776003999994, 43.62720267200007], [-79.56777263999999, 43.62719387200008], [-79.56777283999998, 43.62718487200004], [-79.56778543999997, 43.62717607200005], [-79.56778573999998, 43.62716697200005], [-79.56779813999998, 43.62716727200007], [-79.56779823999995, 43.62715817200007], [-79.56779863999998, 43.62714917200003], [-79.56781073999997, 43.62714927200005], [-79.56781113999995, 43.62714027200008], [-79.56782373999994, 43.62713147200003], [-79.56783634099997, 43.62712257200008], [-79.56784904099999, 43.62711367200006], [-79.56784914099995, 43.62710467200003], [-79.56786174099994, 43.62709587200004], [-79.56787434099994, 43.62708707200005], [-79.56787454099998, 43.62707817200004], [-79.56788704099995, 43.62707817200004], [-79.56788724099994, 43.62706917200006], [-79.56789974099996, 43.62706037200007], [-79.56791244099998, 43.62705147200006], [-79.56791254099994, 43.62704237200006], [-79.56792524099995, 43.62703347200005], [-79.56793784099995, 43.62702487200005], [-79.56793804099993, 43.62701587200007], [-79.56795044099994, 43.62701597200004], [-79.56796314099995, 43.62700717200005], [-79.56797564099998, 43.62699827200004], [-79.56798814099994, 43.62698947200005], [-79.56800084099996, 43.62698057200004], [-79.56801354099997, 43.62697167200002], [-79.56802604099994, 43.62696277200007], [-79.56803864099999, 43.62695397200008], [-79.56803884099998, 43.62694497200005], [-79.56805124099998, 43.62694507200007], [-79.56805144099997, 43.62693617200006], [-79.56806384099997, 43.62693637200005], [-79.56807624099997, 43.62693647200007], [-79.56807604099998, 43.62694547200005], [-79.56808854099995, 43.62694567200003], [-79.56810094099995, 43.62694577200006], [-79.56811354099995, 43.62693697200007], [-79.56812604099997, 43.62692817200008], [-79.56813864099996, 43.62691927200007], [-79.56813904099994, 43.62690127200005], [-79.56815144099994, 43.62690157200007], [-79.56815164099999, 43.62689247200007], [-79.56816424099998, 43.62688357200005], [-79.56818944099996, 43.62686587200005], [-79.56820204099995, 43.62685717200003], [-79.56822734099995, 43.62683937200006], [-79.56824014099999, 43.62682147200007], [-79.56827794099996, 43.62679487200006], [-79.56831554099995, 43.62677747200007], [-79.56835334099998, 43.62675087200006], [-79.56839094099996, 43.62673337200005], [-79.56844124099996, 43.62670697200008], [-79.56847894099997, 43.62668037200007], [-79.56851654099995, 43.62666287200005], [-79.56856644099997, 43.62665447200004], [-79.56859134099994, 43.62665487200007], [-79.56861564099995, 43.62666417200006], [-79.56862814099998, 43.62666427200003], [-79.56865264099997, 43.62667357200007], [-79.56870204099994, 43.62668327200004], [-79.56875124099997, 43.62670187200007], [-79.56878814099997, 43.62671137200005], [-79.56883724099998, 43.62672997200008], [-79.56887424099995, 43.62673937200003], [-79.56891124099997, 43.62674887200006], [-79.56893574099996, 43.62675817200005], [-79.56897294099997, 43.62675867200005], [-79.56902204099998, 43.62677737200005], [-79.56907144099995, 43.62678677200006], [-79.56912074099995, 43.62679657200005], [-79.56917004099995, 43.62681527200004], [-79.56920694099995, 43.62682467200005], [-79.56925604099996, 43.62684327200003], [-79.56930514099997, 43.62686187200006], [-79.56934214099994, 43.62687147200006], [-79.56939154099996, 43.62688097200004], [-79.56944084099996, 43.62689057200004], [-79.56949014099996, 43.62690017200003], [-79.56953944099996, 43.62690987200006], [-79.56958884099998, 43.62691947200005], [-79.56963844099994, 43.62692007200008], [-79.56968774099994, 43.62692967200007], [-79.56973714099996, 43.62693937200004], [-79.56977434099997, 43.62693977200007], [-79.56978664099995, 43.62693997200006], [-79.56979914099998, 43.62694017200005], [-79.56981134099993, 43.62694927200005], [-79.56982364099997, 43.62694927200005], [-79.56983604099997, 43.62694947200004], [-79.56984844099998, 43.62694957200006], [-79.56986084099998, 43.62694997200003], [-79.56987324099998, 43.62694997200003], [-79.56988574099995, 43.62695017200008], [-79.56989804099999, 43.62695027200004], [-79.56991044099993, 43.62695037200007], [-79.56993524099994, 43.62695077200004], [-79.56994744099995, 43.62695997200007], [-79.56995984099996, 43.62695997200007], [-79.56997224099996, 43.62696017200005], [-79.56998454099994, 43.62696027200008], [-79.57000934099995, 43.62696067200005], [-79.57002174099995, 43.62696087200004], [-79.57003414099995, 43.62696097200006], [-79.57004674099994, 43.62695207200005], [-79.57005904099998, 43.62695227200004], [-79.57007154099995, 43.62695257200005], [-79.57008414099994, 43.62694367200004], [-79.57009664099996, 43.62694377200006], [-79.57010894099994, 43.62694397200005], [-79.57012164099996, 43.62693507200004], [-79.57014634099994, 43.62692647200004], [-79.57015884099997, 43.62692657200006], [-79.57017144099996, 43.62691777200007], [-79.57018394099998, 43.62691787200004], [-79.57020894099998, 43.62690917200007], [-79.57022144099994, 43.62690037200008], [-79.57023384099995, 43.62690047200005], [-79.57025884099994, 43.62689177200008], [-79.57027124099994, 43.62689197200007], [-79.57029624099994, 43.62688317200008], [-79.57030854099997, 43.62688337200007], [-79.57032124099999, 43.62687447200005], [-79.57034604099994, 43.62687487200003], [-79.57035864099998, 43.62686607200004], [-79.57037134099994, 43.62685727200005], [-79.57038364099998, 43.62685737200007], [-79.57039634099993, 43.62684847200006], [-79.57040884099996, 43.62683967200007], [-79.57042144099995, 43.62683077200006], [-79.57043414099996, 43.62682197200007], [-79.57043424099999, 43.62681297200004], [-79.57044684099998, 43.62680417200005], [-79.57044704099997, 43.62679517200007], [-79.57045974099998, 43.62678617200004], [-79.57045994099997, 43.62677737200005], [-79.57047234099997, 43.62677747200007], [-79.57048494099996, 43.62676857200006], [-79.57049734099996, 43.62676887200007], [-79.57051004099998, 43.62675987200004], [-79.57052244099998, 43.62676007200002], [-79.57053474099996, 43.62676017200005], [-79.57054724099999, 43.62675137200006], [-79.57057204099993, 43.62675167200007], [-79.57058444099994, 43.62675177200003], [-79.57059704099998, 43.62674297200005], [-79.57060944099999, 43.62674327200006], [-79.57063444099998, 43.62673447200007], [-79.57064704099997, 43.62672557200005], [-79.57065944099998, 43.62672577200004], [-79.57067204099997, 43.62671687200003], [-79.57070934099994, 43.62670827200003], [-79.57072204099995, 43.62669947200004], [-79.57073444099996, 43.62669967200003], [-79.57077194099998, 43.62669117200005], [-79.57078444099994, 43.62668227200004], [-79.57079684099995, 43.62668247200003], [-79.57080944099994, 43.62667357200007], [-79.57082194099996, 43.62667377200006], [-79.57083444099999, 43.62666487200005], [-79.57085944099998, 43.62665617200003], [-79.57087184099998, 43.62665627200005], [-79.57088444099998, 43.62664747200006], [-79.57089694099994, 43.62664767200005], [-79.57090944099997, 43.62663887200006], [-79.57092204099996, 43.62662997200005], [-79.57094684099997, 43.62663027200006], [-79.57095944099996, 43.62662147200007], [-79.57097204099995, 43.62661257200006], [-79.57098454099997, 43.62661277200004], [-79.57099704099994, 43.62660387200003], [-79.57100954099997, 43.62660407200008], [-79.57102204099994, 43.62659517200007], [-79.57103444099994, 43.62659537200005], [-79.57104704099999, 43.62658657200006], [-79.57105954099995, 43.62658667200003], [-79.57107204099998, 43.62657787200004], [-79.57109704099997, 43.62656917200007], [-79.57110934099995, 43.62656917200007], [-79.57112194099994, 43.62656047200005], [-79.57113464199995, 43.62655157200004], [-79.57114704199995, 43.62655177200003], [-79.57115964199994, 43.62654287200007], [-79.57117194199998, 43.62654297200004], [-79.57118454199997, 43.62653427200007], [-79.57119694199997, 43.62653437200004], [-79.57120964199999, 43.62652557200005], [-79.57122204199999, 43.62652567200007], [-79.57123464199998, 43.62651697200005], [-79.57124704199998, 43.62651697200005], [-79.57125934199996, 43.62651717200004], [-79.57127194199995, 43.62650827200008], [-79.57128434199996, 43.62650847200007], [-79.57129464199994, 43.62650857200003], [-79.57129674199996, 43.62650857200003], [-79.57129804199997, 43.62650757200004], [-79.57130944199997, 43.62649977200005], [-79.57132184199997, 43.62649997200003], [-79.57132534199997, 43.62649997200003], [-79.57133424199998, 43.62649997200003], [-79.57134034199998, 43.62649567200003], [-79.57134674199995, 43.62649127200007], [-79.57135564199996, 43.62649137200003], [-79.57135914199995, 43.62649137200003], [-79.57137154199995, 43.62649157200008], [-79.57138274199997, 43.62648377200003], [-79.57139674199993, 43.62647387200008], [-79.57141734199996, 43.62647407200006], [-79.57143394199994, 43.62647417200003], [-79.57144584199995, 43.62646607200003], [-79.57144664199996, 43.62646537200004], [-79.57144774199998, 43.62646537200004], [-79.57145894199994, 43.62646567200005], [-79.57148394199999, 43.62645707200005], [-79.57149634199999, 43.62645707200005], [-79.57150884199996, 43.62644827200006], [-79.57152154199997, 43.62643937200005], [-79.57153414199996, 43.62643067200003], [-79.57154654199996, 43.62643067200003], [-79.57155894199997, 43.62643087200007], [-79.57157134199997, 43.62643097200004], [-79.57158384199994, 43.62642217200005], [-79.57159624199994, 43.62642227200007], [-79.57160894199995, 43.62641337200006], [-79.57162134199996, 43.62641367200007], [-79.57164634199995, 43.62640497200005], [-79.57165874199995, 43.62640507200007], [-79.57167124199998, 43.62639627200008], [-79.57169604199999, 43.62639647200007], [-79.57170874199994, 43.62638757200006], [-79.57172114199994, 43.62638777200004], [-79.57173374199994, 43.62637897200005], [-79.57174604199997, 43.62637927200007], [-79.57175864199996, 43.62637047200008], [-79.57177094199994, 43.62637047200008], [-79.57179634199997, 43.62635277200008], [-79.57182104199995, 43.62635307200003], [-79.57183364199994, 43.62634437200006], [-79.57184604199995, 43.62634437200006], [-79.57185874199996, 43.62633557200007], [-79.57187104199994, 43.62633557200007], [-79.57189614199996, 43.62632707200004], [-79.57190844199994, 43.62632717200006], [-79.57192104199999, 43.62631837200007], [-79.57193364199998, 43.62630947200006], [-79.57194604199998, 43.62630967200005], [-79.57195864199997, 43.62630077200004], [-79.57197134199998, 43.62629187200008], [-79.57198384199995, 43.62628307200004], [-79.57199624199995, 43.62628327200008], [-79.57200884199995, 43.62627437200007], [-79.57202154199996, 43.62626557200008], [-79.57204654199995, 43.62625687200006], [-79.57205894199996, 43.62625697200008], [-79.57207144199998, 43.62624807200007], [-79.57208404199997, 43.62623927200008], [-79.57209674199999, 43.62623037200007], [-79.57210914199999, 43.62623067200008], [-79.57212164199996, 43.62622167200004], [-79.57213424199995, 43.62621307200004], [-79.57214664199995, 43.62621317200006], [-79.57215924199994, 43.62620437200007], [-79.57219664199994, 43.62619567200005], [-79.57220924199999, 43.62618687200006], [-79.57222174199995, 43.62617807200007], [-79.57224664199998, 43.62617837200003], [-79.57225924199997, 43.62616947200007], [-79.57227184199996, 43.62616057200006], [-79.57228424199997, 43.62616067200003], [-79.57230924199996, 43.62615207200002], [-79.57232184199995, 43.62614327200004], [-79.57233424199995, 43.62614337200006], [-79.57234684199994, 43.62613467200003], [-79.57235944199994, 43.62612567200006], [-79.57237204199998, 43.62611687200007], [-79.57238434199996, 43.62611707200006], [-79.57239704199998, 43.62610817200004], [-79.57240944199998, 43.62610837200003], [-79.57242174199996, 43.62610847200006], [-79.57243444199997, 43.62609967200007], [-79.57244674199995, 43.62609967200007], [-79.57245924199998, 43.62609997200008], [-79.57248414199995, 43.62609127200005], [-79.57249654199995, 43.62609137200008], [-79.57250894199996, 43.62609157200006], [-79.57252164199997, 43.62608277200007], [-79.57253404199997, 43.62608277200007], [-79.57254654199994, 43.62607397200003], [-79.57255894199994, 43.62607407200005], [-79.57257144199997, 43.62606527200006], [-79.57258394199994, 43.62606547200005], [-79.57259644199996, 43.62606557200007], [-79.57260874199994, 43.62606577200006], [-79.57263374199994, 43.62605707100005], [-79.57265854199994, 43.62605747100008], [-79.57268334199995, 43.62605777100003], [-79.57269594199994, 43.62604887100008], [-79.57270824199998, 43.62604907100007], [-79.57273304199998, 43.62604937100008], [-79.57274554199995, 43.62604947100004], [-79.57275804199998, 43.62604067100006], [-79.57277044199998, 43.62604087100004], [-79.57278274199996, 43.62604097100007], [-79.57279544199997, 43.62603217100008], [-79.57282024199998, 43.62603247100003], [-79.57284514199995, 43.62603277100004], [-79.57285754199995, 43.62603287100006], [-79.57287004199998, 43.62602407100007], [-79.57289484199998, 43.62602437100003], [-79.57290714199996, 43.62602447100005], [-79.57293194199997, 43.62602487100003], [-79.57294444199994, 43.62601587100005], [-79.57295694199996, 43.62601617100006], [-79.57296934199996, 43.62601627100003], [-79.57298184199999, 43.62601647100007], [-79.57299424199994, 43.62601657100004], [-79.57301904199994, 43.62601687100005], [-79.57304374199998, 43.62601717100006], [-79.57308094199999, 43.62601757100003], [-79.57310564199997, 43.62601797100007], [-79.57314284199998, 43.62601847100007], [-79.57316764199999, 43.62601877100008], [-79.57318014199996, 43.62601887100004], [-79.57319244199994, 43.62601907100003], [-79.57320474199997, 43.62601927100008], [-79.57322934199993, 43.62602857100006], [-79.57324174199994, 43.62602867100003], [-79.57326654199994, 43.62602897100004], [-79.57327894199994, 43.62602917100003], [-79.57329154199994, 43.62602027100007], [-79.57331634199994, 43.62602057100003], [-79.57332874199994, 43.62602077100007], [-79.57334114199995, 43.62602097100006], [-79.57336584199999, 43.62602127100007], [-79.57341574199995, 43.62601287100006], [-79.57342834199994, 43.62600397100005], [-79.57345324199997, 43.62599527100008], [-79.57350314199994, 43.62598697100003], [-79.57355284199997, 43.62597857100008], [-79.57360264199997, 43.62597017100006], [-79.57364004199997, 43.62596167100003], [-79.57366514199998, 43.62594397100003], [-79.57369014199998, 43.62593527100006], [-79.57371524199993, 43.62592647100007], [-79.57374034199995, 43.62590877100007], [-79.57377794199994, 43.62589127100006], [-79.57381594199995, 43.62586477100007], [-79.57386584199998, 43.62584737100008], [-79.57390354199998, 43.62582987100006], [-79.57394124199999, 43.62580327100005], [-79.57397884199997, 43.62578567100007], [-79.57402904199995, 43.62575937100007], [-79.57406684199998, 43.62573287100003], [-79.57410444199996, 43.62571527100005], [-79.57414224199994, 43.62568877100006], [-79.57418004199997, 43.62566217100004], [-79.57421774199997, 43.62564467100003], [-79.57423024199994, 43.62563587100004], [-79.57424284199999, 43.62562697100003], [-79.57425544199998, 43.62561817100004], [-79.57426814199994, 43.62560927100003], [-79.57428064199996, 43.62560047100004], [-79.57429314199999, 43.62560047100004], [-79.57430564199996, 43.62559167100005], [-79.57431814199998, 43.62558277100004], [-79.57433064199995, 43.62558287100006], [-79.57434324199994, 43.62557437100003], [-79.57435584199999, 43.62556537100005], [-79.57436824199993, 43.62556557100004], [-79.57438534199997, 43.62556467100006], [-79.57438764199998, 43.62546557100006], [-79.57452484199996, 43.62543117100006], [-79.57471064299995, 43.62543347100006], [-79.57487194299995, 43.62542647100003], [-79.57502044299997, 43.62543737100003], [-79.57520604299998, 43.62544867100007], [-79.57539114299993, 43.62548707100007], [-79.57558824299997, 43.62554357100004], [-79.57582184299997, 43.62561847100005], [-79.57600554299995, 43.62571077100006], [-79.57616474299994, 43.62579377100008], [-79.57633614299993, 43.62588597100006], [-79.57647114299994, 43.62594167100008], [-79.57664244299997, 43.62603387100006], [-79.57682604299998, 43.62613517100004], [-79.57694884299997, 43.62619077100004], [-79.57719514299998, 43.62625687100007], [-79.57758944399995, 43.62635177100003], [-79.57789744399997, 43.62643667100008], [-79.57807014399998, 43.62646587100005], [-79.57825514399997, 43.62650417100008], [-79.57846464399995, 43.62656067100005], [-79.57861174399994, 43.62662567100006], [-79.57895694399997, 43.62671087100006], [-79.57914224399997, 43.62673127100004], [-79.57939834399997, 43.62678117100006], [-79.57943844399995, 43.62678907100008], [-79.57968434399999, 43.62687307100003], [-79.57980654399995, 43.62694657100008], [-79.57991644399993, 43.62701997100004], [-79.58004954399996, 43.62715677100005], [-79.58017044399998, 43.62728427100006], [-79.58030424399999, 43.62739397100006], [-79.58068274499999, 43.62764177100007], [-79.58082984499998, 43.62770667100006], [-79.58101494499994, 43.62774497100003], [-79.58116234499994, 43.62780087100003], [-79.58129844499996, 43.62781157100005], [-79.58144704499995, 43.62782247100006], [-79.58152134499994, 43.62782327100007], [-79.58168204499998, 43.62784337100004], [-79.58195354499998, 43.62789167100004], [-79.58221314499997, 43.62792197100003], [-79.58234904499994, 43.62794167100003], [-79.58257124499994, 43.62798037100004], [-79.58267014499995, 43.62799067100008], [-79.58274624499995, 43.62799777100003], [-79.58278144499997, 43.62800087100004], [-79.58297974499999, 43.62800337100003], [-79.58305364499995, 43.62802237100004], [-79.58312694499995, 43.62806837100004], [-79.58326144599994, 43.62815097100003], [-79.58343384599993, 43.62819817100007], [-79.58359384599999, 43.62824517100006], [-79.58377844599994, 43.62830157100007], [-79.58396324599994, 43.62834877100005], [-79.58413524599996, 43.62841397100004], [-79.58429534599998, 43.62846097100004], [-79.58444274599998, 43.62851687100004], [-79.58460274599997, 43.62856387100004], [-79.58475084599996, 43.62859267100004], [-79.58495984599995, 43.62866737100006], [-79.58511954599999, 43.62873227100005], [-79.58530354599998, 43.62880657100004], [-79.58545074599994, 43.62888047100006], [-79.58559734599999, 43.62897237100003], [-79.58568174599998, 43.62906347100005], [-79.58575444599995, 43.62914537100005], [-79.58582614599999, 43.62925427100004], [-79.58587424599995, 43.62931797100003], [-79.58593434599999, 43.62939967100004], [-79.58598254599997, 43.62945437100007], [-79.58600594699999, 43.62951757100006], [-79.58600334699997, 43.62962567200003], [-79.58601474699998, 43.62967077200005], [-79.58603844699996, 43.62971617200003], [-79.58605024699995, 43.62974337200006], [-79.58602444699994, 43.62977897200005], [-79.58596134699997, 43.62983217200008], [-79.58588464599995, 43.62993027200008], [-79.58580674599995, 43.63008247200003], [-79.58570354599993, 43.63025227200006], [-79.58563804599999, 43.63040447200007], [-79.58550864599994, 43.63063687200003], [-79.58544464599998, 43.63072617200004], [-79.58535354599996, 43.63090517200004], [-79.58531924599998, 43.63098487200006], [-79.58528824599995, 43.63105737200004], [-79.58523474599997, 43.63120987200006], [-79.58516864599994, 43.63138917200007], [-79.58513824599999, 43.63163177200005], [-79.58512154599998, 43.63181177200005], [-79.58513054599996, 43.63195597200007], [-79.58515284599997, 43.63206417200007], [-79.58513834599995, 43.63215417200007], [-79.58514924599996, 43.63221727200005], [-79.58519774599995, 43.63226287200007], [-79.58520944599996, 43.63229907200008], [-79.58527774699996, 43.63255197200004], [-79.58533614699996, 43.63270577200007], [-79.58539464699999, 43.63285057200005], [-79.58547824699997, 43.63298667200007], [-79.58551354699995, 43.63306817200004], [-79.58557254699997, 43.63319497200007], [-79.58563284699994, 43.63326777200007], [-79.58570504699998, 43.63335867200004], [-79.58576534699995, 43.63343147200004], [-79.58582514699998, 43.63353117200006], [-79.58584704699996, 43.63364857200003], [-79.58584324699996, 43.63381057200007], [-79.58575144699995, 43.63402557200004], [-79.58564954699995, 43.63414147200007], [-79.58557134699998, 43.63430247200006], [-79.58558104699995, 43.63441957200007], [-79.58562804699994, 43.63452827200007], [-79.58571294699993, 43.63461037200005], [-79.58581014699996, 43.63469257200006], [-79.58588184699994, 43.63480147200005], [-79.58594174699994, 43.63490117200007], [-79.58601334699995, 43.63501927200008], [-79.58603464699996, 43.63516357200007], [-79.58604404699997, 43.63528967200006], [-79.58606424699997, 43.63548797300007], [-79.58601214699996, 43.63559547300008], [-79.58592004699995, 43.63581947300003], [-79.58581634699993, 43.63601617300003], [-79.58577704699997, 43.63610577300005], [-79.58568604699997, 43.63628477300006], [-79.58566474699995, 43.63632857300007], [-79.58557544699994, 43.63651767300007], [-79.58554254699999, 43.63658907300004], [-79.58546474699995, 43.63673227300006], [-79.58541144699996, 43.63689367300003], [-79.58537144699994, 43.63701017300008], [-79.58533044699999, 43.63717177300003], [-79.58536434699994, 43.63731627300007], [-79.58544744699998, 43.63747017300005], [-79.58556864699995, 43.63758887300003], [-79.58566504699996, 43.63770707300006], [-79.58566894699999, 43.63771157300005], [-79.58583284699995, 43.63789697300007], [-79.58585824699998, 43.63792577300006], [-79.58591884699996, 43.63798937300004], [-79.58594234699996, 43.63804367300003], [-79.58600184699998, 43.63815247300005], [-79.58609854699995, 43.63825277300003], [-79.58620804699996, 43.63834407300004], [-79.58630504699994, 43.63843537300005], [-79.58638974699994, 43.63852647300007], [-79.58650764699996, 43.63878007300008], [-79.58659224799999, 43.63888017300008], [-79.58665184799997, 43.63897977300007], [-79.58669884799997, 43.63908857300004], [-79.58679564799996, 43.63918877300006], [-79.58686794799996, 43.63927967300003], [-79.58693974799996, 43.63938867300004], [-79.58701114799999, 43.63951557300004], [-79.58705854799996, 43.63961527300006], [-79.58704424799998, 43.63969617300006], [-79.58704174799999, 43.63980407300005], [-79.58707604799997, 43.63992147300007], [-79.58712264799993, 43.64004817300003], [-79.58721804799995, 43.64021147300008], [-79.58727844799995, 43.64028417300005], [-79.58732664799999, 43.64033877300005], [-79.58739824799994, 43.64045677300004], [-79.58746964799997, 43.64058387300003], [-79.58754094799997, 43.64071967300004], [-79.58761344799996, 43.64080157300003], [-79.58773494799993, 43.64090217300003], [-79.58782004799997, 43.64097537300006], [-79.58786714799999, 43.64108387300007], [-79.58797564799994, 43.64121117300004], [-79.58806014799995, 43.64131127300004], [-79.58820484799998, 43.64148427300006], [-79.58827674799994, 43.64159317300005], [-79.58831204799998, 43.64167467400006], [-79.58833464799994, 43.64176497400007], [-79.58834454799995, 43.64187307400005], [-79.58832994799997, 43.64197197400006], [-79.58831574799996, 43.64204377400006], [-79.58830084799996, 43.64215167400005], [-79.58831084799994, 43.64225097400004], [-79.58840654799997, 43.64240517400003], [-79.58844114799996, 43.64251357400008], [-79.58850064799998, 43.64262237400004], [-79.58857324799999, 43.64269527400006], [-79.58865844899998, 43.64276827400005], [-79.58871944899994, 43.64280517400005], [-79.58879294899998, 43.64284207400004], [-79.58892824899993, 43.64288877400003], [-79.58910034899998, 43.64295397400008], [-79.58916144899996, 43.64299067400003], [-79.58921014899994, 43.64302717400005], [-79.58924624899998, 43.64308167400003], [-79.58928184899997, 43.64314527400006], [-79.58934234899993, 43.64320907400003], [-79.58942804899993, 43.64325497400006], [-79.58956224899998, 43.64334677400007], [-79.58968444899995, 43.64342937400005], [-79.58986734899997, 43.64355767400008], [-79.59002544899994, 43.64368567400004], [-79.59019654899998, 43.64379577400007], [-79.59039124899994, 43.64395127400007], [-79.59058744899994, 43.64404367400005], [-79.59085744899994, 43.64416417400003], [-79.59102944899996, 43.64422927400005], [-79.59118974899997, 43.64426727400007], [-79.59126374899995, 43.64428607400004], [-79.59135054999996, 43.64428727400008], [-79.59137524999994, 43.64428757400003], [-79.59143704999997, 43.64429737400008], [-79.59149794999996, 43.64434307400006], [-79.59159584999998, 43.64439837400005], [-79.59166894999998, 43.64445327400006], [-79.59175484999997, 43.64449037400004], [-79.59186534999998, 43.64454567400003], [-79.59202534999997, 43.64459267400008], [-79.59218614999997, 43.64461267400003], [-79.59239614999996, 43.64464227400003], [-79.59261984999995, 43.64461807400005], [-79.59277004999996, 43.64455687400005], [-79.59304544999998, 43.64445207400007], [-79.59323314999995, 43.64437337400005], [-79.59339654999997, 43.64427637400007], [-79.59363474999998, 43.64417127400003], [-79.59380974999993, 43.64410147400008], [-79.59398524999995, 43.64402257400008], [-79.59413534999999, 43.64396137400007], [-79.59428624999998, 43.64388207400003], [-79.59437464999996, 43.64380227400005], [-79.59450084999997, 43.64371387400007], [-79.59461404999996, 43.64364317400003], [-79.59473985099999, 43.64356367400006], [-79.59486595099997, 43.64347507400004], [-79.59500495099996, 43.64336887300004], [-79.59516795099995, 43.64328987300007], [-79.59527115099996, 43.64327077300004], [-79.59550415099994, 43.64322197300004], [-79.59554035099995, 43.64320757300004], [-79.59567945099997, 43.64315217300003], [-79.59594095099999, 43.64310127300007], [-79.59621475099993, 43.64305957300007], [-79.59642565099995, 43.64305317300006], [-79.59656215099994, 43.64304587300006], [-79.59664935099994, 43.64302887300005], [-79.59681075099996, 43.64302177300004], [-79.59694725099996, 43.64301457300007], [-79.59710825099995, 43.64302557300005], [-79.59728115099995, 43.64305467300005], [-79.59741725099997, 43.64306547300004], [-79.59756575099993, 43.64307617300005], [-79.59775145099997, 43.64308747300004], [-79.59803575199999, 43.64312697300005], [-79.59820855199996, 43.64316497300007], [-79.59839375199994, 43.64319437300003], [-79.59854165199994, 43.64323227300008], [-79.59866475199993, 43.64326977300004], [-79.59882445199997, 43.64333477300005], [-79.59888485199997, 43.64339847300005], [-79.59899415199999, 43.64349887300006], [-79.59907955199998, 43.64356297300003], [-79.59921435199999, 43.64362767300003], [-79.59943555199999, 43.64371137300003], [-79.59965765199996, 43.64375917300003], [-79.59989255199997, 43.64378917300007], [-79.60020125199998, 43.64384687300003], [-79.60047305199998, 43.64388607300003], [-79.60070745199994, 43.64394307300006], [-79.60099135299998, 43.64399157300005], [-79.60121385299999, 43.64402137300004], [-79.60141165299996, 43.64405077300006], [-79.60164615299999, 43.64408957300003], [-79.60178195299994, 43.64411817300004], [-79.60188005299995, 43.64416447300005], [-79.60199065299997, 43.64421077300005], [-79.60206395299997, 43.64425677300005], [-79.60214965299997, 43.64430277300005], [-79.60222295299997, 43.64434877300005], [-79.60229565299994, 43.64442167300007], [-79.60236875299995, 43.64447657300008], [-79.60246655299994, 43.64454087300004], [-79.60261405299997, 43.64459667300008], [-79.60273755299994, 43.64461617300003], [-79.60287345299997, 43.64463587300003], [-79.60299715299999, 43.64464637300006], [-79.60305915299995, 43.64464707300004], [-79.60318335299996, 43.64463967300003], [-79.60329485299997, 43.64464097300004], [-79.60339445299996, 43.64462417300007], [-79.60350665299995, 43.64459847300003], [-79.60361925299998, 43.64455487300006], [-79.60378125299997, 43.64452077300007], [-79.60399305399994, 43.64447847300005], [-79.60415465399996, 43.64446237300007], [-79.60432905399995, 43.64442867300005], [-79.60435625399998, 43.64442577300008], [-79.60456505399998, 43.64440437300004], [-79.60485015399996, 43.64440787300003], [-79.60497395399995, 43.64441837300006], [-79.60506005399998, 43.64444647300007], [-79.60510885399998, 43.64448307300006], [-79.60515735399997, 43.64452867300002], [-79.60522985399996, 43.64461057300008], [-79.60524185399998, 43.64462877300008], [-79.60530295399997, 43.64466547300003], [-79.60533955399995, 43.64469297300008], [-79.60538855399994, 43.64472057300003], [-79.60547465399998, 43.64474867300004], [-79.60554875399998, 43.64475847300008], [-79.60559825399997, 43.64476817300005], [-79.60575935399999, 43.64477007300007], [-79.60578425399996, 43.64476137300005], [-79.60587125399996, 43.64475347300004], [-79.60595855399998, 43.64473657300005], [-79.60605785399997, 43.64472877300005], [-79.60621955399995, 43.64470377300006], [-79.60634415399994, 43.64467807300008], [-79.60674245399997, 43.64461097300006], [-79.60690325399997, 43.64463097300006], [-79.60705155499994, 43.64465077300008], [-79.60722425499995, 43.64468887300006], [-79.60729825499999, 43.64470787300007], [-79.60740895499998, 43.64474517300005], [-79.60749495499994, 43.64478227300003], [-79.60758075499996, 43.64482837300005], [-79.60762915499998, 43.64487397300007], [-79.60771465499994, 43.64492897300005], [-79.60779975499997, 43.64500207300006], [-79.60787225499996, 43.64508397300006], [-79.60792015499999, 43.64515667300003], [-79.60794285499998, 43.64524697300004], [-79.60795365499996, 43.64531907300005], [-79.60801295499994, 43.64543687300005], [-79.60804755499998, 43.64554537300006], [-79.60808345499998, 43.64560887300007], [-79.60810645499998, 43.64568107300005], [-79.60812975499994, 43.64574437300007], [-79.60816535499998, 43.64581687300006], [-79.60818905499997, 43.64586217300007], [-79.60822525499998, 43.64590767300007], [-79.60826095499993, 43.64597107300006], [-79.60833275499994, 43.64608007300006], [-79.60835625499999, 43.64613437300005], [-79.60841645499994, 43.64621607300006], [-79.60846525499994, 43.64625267300005], [-79.60858835499994, 43.64629027300003], [-79.60870895499994, 43.64639087300003], [-79.60879025499997, 43.64645867300004], [-79.60871165499998, 43.64652937300008], [-79.60741035499996, 43.64769947400004], [-79.60644795499996, 43.64857007400008], [-79.60163535399994, 43.65290527500008], [-79.59943075299998, 43.65492217500008], [-79.59867055299998, 43.65561507500007], [-79.59414675199997, 43.65975537600008], [-79.58948275099993, 43.66402877700006], [-79.58896055099996, 43.66449837700003], [-79.58882405099996, 43.66462327800008], [-79.58958795099994, 43.66587667800007], [-79.58997535099996, 43.66653467800006], [-79.59041285099994, 43.66729537800006], [-79.59088725099997, 43.66812007800007], [-79.59119345199997, 43.66865277800008], [-79.59215645199998, 43.67031967800006], [-79.59315155299998, 43.67203687900007], [-79.59490985299999, 43.67507337900003], [-79.60175725699997, 43.68657348100004], [-79.60226705699995, 43.68743718100006], [-79.60236675699997, 43.68760608100007], [-79.60247125699993, 43.68778308100008], [-79.60288925699996, 43.68850068100005], [-79.60392535799997, 43.69027878100007], [-79.60440095799999, 43.69109448100005], [-79.60489635799996, 43.69195318200008], [-79.60538755799996, 43.69280528200005], [-79.60558815799999, 43.69315298200007], [-79.60608705899995, 43.69401798200005], [-79.60631795899997, 43.69441848200006], [-79.60646615899998, 43.69467518200003], [-79.60684285899998, 43.69532968200008], [-79.60829825999997, 43.69784998200004], [-79.60868905999996, 43.69852678300003], [-79.60904575999996, 43.69914258300003], [-79.61014966099998, 43.70104868300007], [-79.61072026099998, 43.70203398300004], [-79.61233466199997, 43.70482148300005], [-79.61259826199995, 43.70527628400004], [-79.61280276199994, 43.70562928400005], [-79.61394376199996, 43.70759918400006], [-79.61562996299995, 43.71049858400005], [-79.61625676299997, 43.71157488400007], [-79.61643056299994, 43.71187338400006], [-79.61740156399998, 43.71354048500007], [-79.61825786399999, 43.71501028500006], [-79.61893536499997, 43.71617358500004], [-79.62012536499998, 43.71823938500006], [-79.62046116499994, 43.71882158600005], [-79.62146596599996, 43.72053498600008], [-79.62236816599994, 43.72207138600004], [-79.62404786699994, 43.72492288600006], [-79.62430936699997, 43.72536698600004], [-79.62624496799998, 43.72867978700003], [-79.62820536899994, 43.73199888700003], [-79.62890096899997, 43.73318398800006], [-79.62945906999994, 43.73413458800007], [-79.62958176999996, 43.73434318800003], [-79.62974096999994, 43.73461488800007], [-79.62980026999998, 43.73471578800007], [-79.62985956999995, 43.73481688800007], [-79.62991876999996, 43.73491798800006], [-79.63001126999995, 43.73507528800008], [-79.63010116999999, 43.73522838800005], [-79.63017326999994, 43.73535158800007], [-79.63017746999998, 43.73535858800005], [-79.63066246999995, 43.73619368800007], [-79.63120896999999, 43.73713518800002], [-79.63211407099999, 43.73869338800006], [-79.63222817099995, 43.73888838800008], [-79.63386717199995, 43.74168778900003], [-79.63397687199995, 43.74187568900004], [-79.63436397199996, 43.74253808900005], [-79.63559547299997, 43.74465338900006], [-79.63559617299995, 43.74465438900006], [-79.63623577299995, 43.74571938900004], [-79.63658707299999, 43.74633119000003], [-79.63752337299996, 43.74796059000005], [-79.63767577399994, 43.74822519000003], [-79.63781347399998, 43.74846499000006], [-79.63784037399995, 43.74848629000007], [-79.63835107399996, 43.74896959000006], [-79.63863067399996, 43.74924289000006], [-79.63884687399997, 43.74943969000003], [-79.63905687399995, 43.74963149000007], [-79.63927617399997, 43.74981419000005], [-79.63930467399996, 43.74984489000008], [-79.63877327399996, 43.75013549000005], [-79.63861317399994, 43.75021549000007], [-79.63838237399995, 43.75032049000004], [-79.63828167399998, 43.75037329000003], [-79.63770477399999, 43.75061849000008], [-79.63736607399994, 43.75076759000007], [-79.63704067399993, 43.75087179000008], [-79.63674007299994, 43.75098519000005], [-79.63645287299994, 43.75105379000007], [-79.63611607299998, 43.75111279000004], [-79.63592937299995, 43.75113759000004], [-79.63554287299996, 43.75119599000004], [-79.63524377299996, 43.75123749100004], [-79.63489567299996, 43.75125119100005], [-79.63452297299995, 43.75125589100003], [-79.63416267299993, 43.75126059100006], [-79.63385167299998, 43.75127489100004], [-79.63357847199995, 43.75128059100007], [-79.63314297199997, 43.75131149100008], [-79.63295687199997, 43.75132769100003], [-79.63215427199998, 43.75139789100007], [-79.61715986799999, 43.75479429200004], [-79.61691956699997, 43.75484809200003], [-79.59277715999997, 43.76024559400003], [-79.59253685999994, 43.76029889400007], [-79.58075515699994, 43.76299149500005], [-79.58053465699999, 43.76304189500007], [-79.56848005299997, 43.76579539600004], [-79.56823865299998, 43.76584519600004], [-79.54348264499998, 43.77095759800005], [-79.54324054499995, 43.77100669800006], [-79.52008033799996, 43.77570580000003], [-79.51984613799993, 43.77575650000006], [-79.49457053099997, 43.78153170200005], [-79.49433093099998, 43.78158800200003], [-79.47020832399994, 43.78725670500006], [-79.46996712299995, 43.78730750500006], [-79.44583781599994, 43.79244850700007], [-79.44559671599995, 43.79250040700003], [-79.42011140899996, 43.79803520900003], [-79.41999120799994, 43.79806200900003], [-79.39743040199994, 43.80301661100003], [-79.39718970199993, 43.80306961100007], [-79.37315379399996, 43.80837541300008], [-79.37291299399999, 43.80842861300005], [-79.37133039399998, 43.80878891300006], [-79.34876038699997, 43.81392881500005], [-79.34852028699999, 43.81398361500004], [-79.32457747999996, 43.81963201700006], [-79.32433767999999, 43.81968631700005], [-79.30018177299996, 43.82530701900004], [-79.29994277299994, 43.82536321900005], [-79.27507166499998, 43.83106802100008], [-79.27171976399995, 43.83184732200004], [-79.26811636299999, 43.83268492200006], [-79.25119675799994, 43.83661672300008], [-79.25095615799995, 43.83667242300004], [-79.22786355099998, 43.84208942500004], [-79.22770615099995, 43.84212632500004], [-79.22605234999997, 43.84251402600006], [-79.22581174999993, 43.84257042600007], [-79.20647580699995, 43.84683028300003], [-79.20176764299998, 43.84786752800005], [-79.20152684299995, 43.84792062800005], [-79.20011234299994, 43.84826682800008], [-79.19983914299996, 43.84833392800005], [-79.17768743599999, 43.85375433000007], [-79.17744853599999, 43.85381233000004], [-79.17027603399998, 43.85545563000005], [-79.17027423399998, 43.85545613000005], [-79.17066163399994, 43.85631603100006], [-79.17097603399998, 43.85704373100003], [-79.17142513399995, 43.85806773100006], [-79.17369793599994, 43.86328693200005], [-79.17369793599994, 43.86329593200003], [-79.17427283599994, 43.86461653200007], [-79.17434473599997, 43.86478723200003], [-79.17505433599996, 43.86644013200004], [-79.17506333599994, 43.86644013200004], [-79.17789293799996, 43.87301573300005], [-79.17840503799994, 43.87419253300004], [-79.18142323999996, 43.88119043400008], [-79.18205223999996, 43.88265473500007], [-79.18228583999996, 43.88317563500004], [-79.18553764199999, 43.89013763600008], [-79.18561854199999, 43.89030833600003], [-79.18608564199997, 43.89131443600007], [-79.18736124299994, 43.89403633600006], [-79.18922974399999, 43.89805183700003], [-79.18996634399997, 43.89962383700004], [-79.18997534399995, 43.89964183700005], [-79.19035264399997, 43.90045933700003], [-79.19040664399995, 43.90057613700003], [-79.19046944399997, 43.90071083700008], [-79.19269724499998, 43.90547193800006], [-79.19276924499997, 43.90562463800006], [-79.19326324599996, 43.90667563800008], [-79.19423344599994, 43.90876863900007], [-79.19522154699996, 43.91087073900007], [-79.19523044699997, 43.91089773900006], [-79.19978798099999, 43.92091374700004], [-79.21814775499996, 43.91644195600003], [-79.21914478099995, 43.92002693600006], [-79.20878870899998, 43.92251345000005], [-79.20307321999996, 43.92402429000003], [-79.20147751599995, 43.92442117700006], [-79.20505805199997, 43.93270884200007], [-79.21389493099997, 43.95200787200008], [-79.22600545899996, 43.94912611900003], [-79.22680525399994, 43.95255075400007], [-79.22861922599998, 43.95984210300003], [-79.22862616199996, 43.95984054600007], [-79.22870606199996, 43.96019114600006], [-79.22882686199995, 43.96016364600007], [-79.22892566199994, 43.96014114600007], [-79.23478926399997, 43.95881374500004], [-79.23532306399994, 43.95867714500008], [-79.23549876399994, 43.95863484500006], [-79.23709246399994, 43.95827234500007], [-79.24108676499998, 43.95738354500003], [-79.24279526599997, 43.95699834500004], [-79.24331696599995, 43.95688664500005], [-79.24383306599998, 43.95676914500007], [-79.24568136699997, 43.95634794400007], [-79.24774386699994, 43.95587644400007], [-79.24826416799993, 43.95575634400006], [-79.24879706799999, 43.95564514400007], [-79.24933456799994, 43.95551864400005], [-79.25026496799995, 43.95530264400003], [-79.25050676799998, 43.95524924400007], [-79.25069016799995, 43.95520914400004], [-79.25313786899994, 43.95467614400008], [-79.25325786899998, 43.95464934400007], [-79.25335386899997, 43.95462784400007], [-79.25347566899995, 43.95460064400004], [-79.25365846899996, 43.95539414400008], [-79.25377966899998, 43.95536574400006], [-79.25385276899993, 43.95534874400005], [-79.25387576899999, 43.95534334400003], [-79.25781167099996, 43.95442364400003], [-79.25841027099995, 43.95428214400005], [-79.25852987099995, 43.95425384400005], [-79.25867587099998, 43.95421944400005], [-79.25876947099994, 43.95419734400008], [-79.25989007099997, 43.95393604300006], [-79.26295487199997, 43.95319854300004], [-79.26568367299996, 43.95256984300005], [-79.26717887299998, 43.95221904300007], [-79.27042577399999, 43.95145204200003], [-79.27279357499998, 43.95089044200006], [-79.27504177599997, 43.95036514200007], [-79.27627367599996, 43.95007954200003], [-79.27768577599994, 43.94975194200003], [-79.27780587699993, 43.94972394200005], [-79.27777247699998, 43.94958594200006], [-79.27789297699996, 43.94955824200008], [-79.27813117699998, 43.94950364200002], [-79.27835757699995, 43.94945174200006], [-79.27845227699999, 43.94943014200004], [-79.28334857799996, 43.94831404100006], [-79.28451517899998, 43.94804984100006], [-79.28569777899997, 43.94777414100002], [-79.28795307999997, 43.94725404100006], [-79.28914437999998, 43.94698154100007], [-79.29033687999998, 43.94670864100004], [-79.29352198099997, 43.94597894000003], [-79.29610858199999, 43.94538654000007], [-79.30150328399998, 43.94414184000004], [-79.30268928399994, 43.94386074000005], [-79.30272428399996, 43.94385244000006], [-79.30276078399999, 43.94384364000007], [-79.30288098399996, 43.94381524000005], [-79.30275948399998, 43.94331334000003], [-79.30288008399998, 43.94328604000003], [-79.30291658399995, 43.94327774000004], [-79.30292358399998, 43.94327614000008], [-79.30571338499999, 43.94264383900003], [-79.30598448499995, 43.94258483900006], [-79.30743888499995, 43.94226933900006], [-79.30862168599998, 43.94199623900005], [-79.30981018599994, 43.94174573900005], [-79.31110298599998, 43.94144583900004], [-79.31228388699998, 43.94116543900003], [-79.31281238699995, 43.94104283900003], [-79.31347098699996, 43.94089013900003], [-79.31456978699998, 43.94065543900007], [-79.31466118799995, 43.94063593900006], [-79.31584628799999, 43.94038783800005], [-79.31878821799995, 43.93972311700003], [-79.32866079199994, 43.93749243700006], [-79.32882099199998, 43.93745553700006], [-79.32894149199996, 43.93742823700006], [-79.32898119199996, 43.93758773700006], [-79.32910149199995, 43.93755993700006], [-79.32913819199996, 43.93755123700004], [-79.33251729299997, 43.93676793700007], [-79.33365379299994, 43.93650473700006], [-79.33479349399994, 43.93624083700007], [-79.33633579399998, 43.93588223700004], [-79.33875359499996, 43.93531363600005], [-79.33886199499995, 43.93528823600008], [-79.33955249499996, 43.93513293600006], [-79.33970229499994, 43.93509913600008], [-79.33985229499996, 43.93506533600004], [-79.33991619499994, 43.93505093600004], [-79.34107929499999, 43.93477953600006], [-79.34222429599998, 43.93451273600004], [-79.34338909599995, 43.93423853600007], [-79.34455929599994, 43.93396843600004], [-79.34573089699995, 43.93369193600006], [-79.34710769699996, 43.93336513600008], [-79.34830359799997, 43.93308943600005], [-79.35261899899996, 43.93209453500003], [-79.35308199899998, 43.93198773500006], [-79.35320239899994, 43.93195993500007], [-79.35303919899997, 43.93130403500004], [-79.35315949899996, 43.93127633500006], [-79.35332179899996, 43.93123873500008], [-79.36509720299995, 43.92853093400004], [-79.36908830399994, 43.92760863400008], [-79.37108280399997, 43.92714173400003], [-79.37434480499996, 43.92639233300008], [-79.37643950599994, 43.92590673300003], [-79.37695590599998, 43.92578773300005], [-79.37701800599996, 43.92577353300004], [-79.37713840599997, 43.92574573300004], [-79.37716990599995, 43.92587113300004], [-79.37729040599999, 43.92584393300007], [-79.37738820599998, 43.92582173300008], [-79.37967580699996, 43.92530363300006], [-79.37993450699997, 43.92524503300007], [-79.38179450799998, 43.92482383300006], [-79.38186720799996, 43.92480743300007], [-79.38223520799994, 43.92472403300007], [-79.38230970799998, 43.92470703300006], [-79.38409700799997, 43.92430793200003], [-79.38583020899995, 43.92391113200006], [-79.38738070899996, 43.92355743200005], [-79.38900970999998, 43.92318283200007], [-79.39032110999995, 43.92288643200004], [-79.39069110999998, 43.92435493200003]]], [[[-79.81205699099996, 44.04708760300008], [-79.81260727499995, 44.04699972600008], [-79.81260698899996, 44.04700259700007], [-79.81261156099998, 44.04700160700003], [-79.81885186799997, 44.04559112700008], [-79.81894146699995, 44.04557087500007], [-79.81914284599998, 44.04552535800008], [-79.81968577099997, 44.04540256300004], [-79.81985313699994, 44.04536471000006], [-79.81984671399994, 44.04533742000007], [-79.81984634799994, 44.04533588400005], [-79.81915323199996, 44.04239101700006], [-79.82060505699997, 44.04206350000004], [-79.82205692099996, 44.04173595300006], [-79.82355616199999, 44.04139832500005], [-79.82501954499998, 44.04106875100007], [-79.82641402899998, 44.04075467800004], [-79.82564793199998, 44.03747994500003], [-79.82595813199998, 44.03740731700003], [-79.83290669499996, 44.03586562100003], [-79.83350344199994, 44.03573652200004], [-79.83535846199999, 44.03532604500003], [-79.83854981199994, 44.03462394900004], [-79.84027414799993, 44.03424329400008], [-79.84091356999994, 44.03409669400003], [-79.84333166299996, 44.03357068400004], [-79.84463323099999, 44.03328529000004], [-79.84759853999998, 44.03263218100005], [-79.84713727299999, 44.03087515800007], [-79.84710529199998, 44.03088346000004], [-79.84571555399998, 44.03124407200005], [-79.84564426799994, 44.03097730700006], [-79.84557342099998, 44.03071217700005], [-79.84550257099994, 44.03044703600006], [-79.84543172099995, 44.03018190300003], [-79.84532744499995, 44.02979166900008], [-79.84525712799996, 44.02952853400006], [-79.84531147899997, 44.02951771700003], [-79.84524011599996, 44.02925064300007], [-79.84516927999994, 44.02898555700006], [-79.84509844599995, 44.02872046400006], [-79.84499649899999, 44.02833894100007], [-79.84561433699997, 44.02819738200003], [-79.84554254699998, 44.02792800400005], [-79.84538233599994, 44.02796628400006], [-79.84537569199995, 44.02794121700003], [-79.84523606699997, 44.02741469500006], [-79.84517770099995, 44.02719460100008], [-79.84518030799995, 44.02716402400006], [-79.84512691599997, 44.02696348300003], [-79.84524486799995, 44.02693534000008], [-79.84554656199998, 44.02687010400007], [-79.84552368199996, 44.02678419000006], [-79.84553817099999, 44.02678101800007], [-79.84551676599995, 44.02670556800007], [-79.84546183399993, 44.02651190900008], [-79.84595351099995, 44.02640376500005], [-79.84599688099996, 44.02656698700008], [-79.84650763499997, 44.02650882100005], [-79.84688149499993, 44.02646793400004], [-79.84690595999996, 44.02655984400008], [-79.84714936699999, 44.02653836300004], [-79.84718712199998, 44.02653503000005], [-79.84920949999997, 44.02635651400004], [-79.84928512999994, 44.02634983900003], [-79.84991616699995, 44.02629413400007], [-79.84990804599994, 44.02626108300007], [-79.84990286399994, 44.02623999000008], [-79.84986485199994, 44.02624303000005], [-79.84939236299994, 44.02628085500004], [-79.84938953499994, 44.02626933600004], [-79.84934523699997, 44.02608913800003], [-79.84929546299998, 44.02588662000005], [-79.84924279199998, 44.02567231600005], [-79.84919295799995, 44.02546952800003], [-79.84914312099994, 44.02526674300003], [-79.84909328499998, 44.02506395500006], [-79.84904344699999, 44.02486117500007], [-79.84899895699994, 44.02468053100006], [-79.84702538799996, 44.02514802400003], [-79.84692047999994, 44.02474358900002], [-79.84683654399998, 44.02442000400004], [-79.84656289699996, 44.02336501800005], [-79.84610453799996, 44.02342691600006], [-79.84598329499994, 44.02295490600005], [-79.84532938799998, 44.02304320900004], [-79.84476102299999, 44.02085757000003], [-79.84539345699994, 44.02070610600003], [-79.84518270399997, 44.01989801100007], [-79.84455109199996, 44.02005022000003], [-79.84335436699996, 44.01540203800005], [-79.84486225899997, 44.01512078800005], [-79.84467816199998, 44.01441846800003], [-79.84315787499997, 44.01463878200008], [-79.84300421199998, 44.01402759900003], [-79.84244779999995, 44.01176440500006], [-79.84623814499997, 44.01090036300008], [-79.84563557699994, 44.00836402700003], [-79.84182243099997, 44.00922057000002], [-79.84051339499996, 44.00386995600007], [-79.84046947799999, 44.00369022800004], [-79.83916249499998, 43.99838305300005], [-79.83892371099995, 43.99743525800005], [-79.83867560099998, 43.99748780800007], [-79.83801469499997, 43.99762778800005], [-79.83431243999996, 43.99843782900007], [-79.83403320599996, 43.99736054900006], [-79.83384255199996, 43.99662499200008], [-79.83382536999994, 43.99662875400003], [-79.83169472699996, 43.99711468300006], [-79.82959167599995, 43.99755800000003], [-79.82791288599998, 43.99794212000006], [-79.82592356999999, 43.99839260300007], [-79.82334327899997, 43.99898789300005], [-79.82236233799995, 43.99919302400008], [-79.82044691799996, 43.99957543000005], [-79.81755150299995, 44.00020520900006], [-79.81672439699997, 44.00038207200004], [-79.81667605899997, 44.00024914900007], [-79.81591306699994, 44.00040985400005], [-79.80940379399993, 44.00191880800003], [-79.81014264999999, 44.00500452900008], [-79.80963392999996, 44.00483192300004], [-79.80958670699994, 44.00485666900005], [-79.80921035299997, 44.00522090100003], [-79.80837328499996, 44.00602785400008], [-79.80755832999995, 44.00626349400005], [-79.80674376399998, 44.00649901000003], [-79.80602449299994, 44.00670624900005], [-79.80548508999993, 44.00686166000003], [-79.80515559199995, 44.00695658900003], [-79.80302249599998, 44.00757189700005], [-79.80299724899999, 44.00757917600004], [-79.80296120299994, 44.00758956300007], [-79.80268120399995, 44.00780129800006], [-79.80314619099994, 44.00969714600006], [-79.80314291699995, 44.00983988800004], [-79.80131590399998, 44.01023784900008], [-79.80075668099994, 44.00806215500006], [-79.80027088399999, 44.00617201300003], [-79.79916508799994, 44.00640332200004], [-79.79807000299996, 44.00663238200008], [-79.79697490899997, 44.00686143200005], [-79.79678472899997, 44.00614320100004], [-79.79652914999997, 44.00517798400006], [-79.79643979899998, 44.00484053100007], [-79.79596046199998, 44.00494787400004], [-79.79571076399998, 44.00499388300005], [-79.79497588099997, 44.00512929300004], [-79.79455503699995, 44.00520683500008], [-79.79413802499994, 44.00529077100003], [-79.79384892899998, 44.00535333200003], [-79.79345577499998, 44.00543841300004], [-79.79271727499997, 44.00559019400004], [-79.79197466099998, 44.00574281300004], [-79.79123653699997, 44.00590468800004], [-79.79049814199999, 44.00607102200007], [-79.78697058199998, 44.00686606500005], [-79.78847790699996, 44.01297877300004], [-79.78848472999994, 44.01300592300004], [-79.78845604199995, 44.01320079300007], [-79.78849172799994, 44.01319319200007], [-79.78916561699998, 44.01304887800006], [-79.78930688599996, 44.01361274900006], [-79.78859802199997, 44.01376455400003], [-79.78999678899999, 44.01930792500008], [-79.78999433799999, 44.01930843700006], [-79.78915508899996, 44.01948373000005], [-79.78915582199994, 44.01948663800005], [-79.78973423299999, 44.02177959300008], [-79.78999190299999, 44.02277162500008], [-79.79010084699996, 44.02319105100003], [-79.79051163799994, 44.02478101400004], [-79.79071270099996, 44.02556203200004], [-79.79071997699998, 44.02559029600008], [-79.79071952599998, 44.02559039800008], [-79.79077597999998, 44.02582503500003], [-79.79124716599995, 44.02572111000006], [-79.79124922599993, 44.02572065500004], [-79.79124291199997, 44.02569529600004], [-79.79124245699995, 44.02569347100007], [-79.79171328999996, 44.02558961900007], [-79.79219296899998, 44.02548381900004], [-79.79219356399994, 44.02548530900003], [-79.79220350699995, 44.02551019700007], [-79.79220397799997, 44.02551171800008], [-79.79221432499997, 44.02554511400007], [-79.79220279199996, 44.02557302500003], [-79.79220745899994, 44.02559705400006], [-79.79221979699997, 44.02561347800003], [-79.79226954399996, 44.02567132900003], [-79.79232377699998, 44.02571734200006], [-79.79237828999999, 44.02578493700003], [-79.79241657999995, 44.02585239600006], [-79.79244371499993, 44.02590891700004], [-79.79247015999994, 44.02593968700006], [-79.79253090099996, 44.02597437600008], [-79.79255253999997, 44.02599752000003], [-79.79255967099994, 44.02600968300004], [-79.79256258699996, 44.02602732900004], [-79.79256110099999, 44.02602895900003], [-79.79254871299997, 44.02604254600004], [-79.79254733199997, 44.02604440200003], [-79.79253720699995, 44.02605801400006], [-79.79253332999997, 44.02608094800007], [-79.79253968499995, 44.02609288200006], [-79.79255528299996, 44.02612346300003], [-79.79259228999996, 44.02617934100005], [-79.79263843999996, 44.02621950700006], [-79.79267046899997, 44.02625819300005], [-79.79270423099996, 44.02631173800006], [-79.79272343999997, 44.02635475500006], [-79.79273430599994, 44.02638405000005], [-79.79275216099995, 44.02645423900003], [-79.79276659299995, 44.02652876500008], [-79.79278237599993, 44.02659309600006], [-79.79278742599996, 44.02665063100005], [-79.79278607099997, 44.02666616200003], [-79.79278503099994, 44.02666747400008], [-79.79277930199999, 44.02667469800008], [-79.79276189999996, 44.02667830100006], [-79.79273259499996, 44.02668090800006], [-79.79272010699998, 44.02668739700005], [-79.79271976299998, 44.02668887300007], [-79.79271710399996, 44.02670029300003], [-79.79272139999995, 44.02680745600003], [-79.79273844299996, 44.02690826000003], [-79.79272181299996, 44.02711581800003], [-79.79272652999998, 44.02720062800006], [-79.79274503899995, 44.02727352400007], [-79.79276089499996, 44.02729918700004], [-79.79275951799997, 44.02732318100004], [-79.79274852499998, 44.02736015800008], [-79.79274826999995, 44.02736049900005], [-79.79272095099998, 44.02739703800006], [-79.79271410799998, 44.02741419300003], [-79.79271411199994, 44.02741435100006], [-79.79271491099996, 44.02744290800007], [-79.79275759299998, 44.02746613100004], [-79.79278833199999, 44.02747903500006], [-79.79283086499998, 44.02748125300008], [-79.79286338899999, 44.02749688500006], [-79.79286939599996, 44.02756333200006], [-79.79286872299997, 44.02756423900007], [-79.79282089899993, 44.02762877700007], [-79.79272957699999, 44.02766087100008], [-79.79264535599998, 44.02767797800004], [-79.79261604499999, 44.02767866800008], [-79.79259414299997, 44.02769346700006], [-79.79256753899995, 44.02771126600004], [-79.79130987099995, 44.02796803800004], [-79.79130957899997, 44.02796809700004], [-79.79159176199994, 44.02912038200003], [-79.79168911099998, 44.02951443700005], [-79.79186155799994, 44.03001830300008], [-79.79200283699998, 44.03071813700006], [-79.79210596599995, 44.03112678800005], [-79.79214587499996, 44.03127551600005], [-79.79229339399996, 44.03163842100003], [-79.79318291699997, 44.03145946800004], [-79.79318346299993, 44.03146145700003], [-79.79331914399995, 44.03195623800008], [-79.79361682599995, 44.03298567100006], [-79.79377710199998, 44.03362461100005], [-79.79378122099996, 44.03362380700003], [-79.79429870699994, 44.03352283900006], [-79.79593176599997, 44.03315847400006], [-79.79600774099998, 44.03314205400005], [-79.79632411699998, 44.03307367900004], [-79.79672240499997, 44.03298760000007], [-79.79698118399995, 44.03293167100003], [-79.79712461499997, 44.03290067100005], [-79.79726801599998, 44.03286967700006], [-79.79741141599999, 44.03283868500006], [-79.79752919499998, 44.03281322800007], [-79.79855014899994, 44.03259261800008], [-79.79856821099997, 44.03258871700007], [-79.79873382999995, 44.03255292600005], [-79.79875664999997, 44.03263837600008], [-79.79923269799997, 44.03460772400007], [-79.79947599399998, 44.03562347500008], [-79.79968439099997, 44.03640144900004], [-79.79984300599995, 44.03658481000008], [-79.79985736799995, 44.03661037600006], [-79.80048314299995, 44.03772411600005], [-79.80246285999993, 44.03725461700003], [-79.80290000999997, 44.03880986600007], [-79.80356351699999, 44.03896004400008], [-79.80791661499995, 44.03798370300007], [-79.81033240099998, 44.03744138000008], [-79.81036893999999, 44.03743317500005], [-79.81114809299999, 44.04035537700003], [-79.81115741499997, 44.04039039400004], [-79.81108488899997, 44.04076329900005], [-79.81076227799997, 44.04083634100004], [-79.81051895399997, 44.04088341600004], [-79.81051951299997, 44.04088565900003], [-79.81051962099997, 44.04088609100006], [-79.81052017799999, 44.04088833500003], [-79.81075792599995, 44.04184746100003], [-79.81075848199998, 44.04184970300003], [-79.81077329499999, 44.04190947100005], [-79.81077385099996, 44.04191171200006], [-79.81078669199997, 44.04196351000007], [-79.81078724799994, 44.04196575400005], [-79.81095335599997, 44.04263583000005], [-79.81095391199995, 44.04263807500007], [-79.81103702399997, 44.04297336000008], [-79.81103757999995, 44.04297560500004], [-79.81112069799997, 44.04331088700008], [-79.81112125499999, 44.04331313200004], [-79.81121732799994, 44.04370068600008], [-79.81121788399997, 44.04370293000005], [-79.81131395899996, 44.04409048300005], [-79.81131451599998, 44.04409272700008], [-79.81143914299997, 44.04459544600007], [-79.81143969899995, 44.04459769000005], [-79.81171468999997, 44.04570690400004], [-79.81171525599996, 44.04570918500008], [-79.81182624199994, 44.04615687400008], [-79.81182680499995, 44.04615914900006], [-79.81202051299994, 44.04694046000003], [-79.81202107499996, 44.04694272400008], [-79.81205699099996, 44.04708760300008]]], [[[-79.78845464699998, 44.10400787300006], [-79.78845506999994, 44.10400777900003], [-79.78851723199995, 44.10399384900006], [-79.78851725599998, 44.10399393800003], [-79.78882044199997, 44.10392645900004], [-79.78900256599997, 44.10388561300005], [-79.79106924299998, 44.10342484900008], [-79.79131176999994, 44.10337077200006], [-79.79130580099996, 44.10334338700005], [-79.79056187799995, 44.09993078100007], [-79.79518758099994, 44.09808330500005], [-79.79881624799998, 44.09663382400004], [-79.80214940199994, 44.09499781800008], [-79.80204709999998, 44.09467143100005], [-79.80581267599996, 44.09388796400003], [-79.80630573899998, 44.09377940100006], [-79.80827987499998, 44.09333219800004], [-79.80942696099999, 44.09308744900005], [-79.81006536599995, 44.09295122800006], [-79.81319065799994, 44.09226551000006], [-79.81320435999999, 44.09226255900006], [-79.81553028899998, 44.09176076100005], [-79.81685859199996, 44.09147393300003], [-79.81924192799994, 44.09094039900003], [-79.82087663099998, 44.09058438600005], [-79.82288242599998, 44.09013586400005], [-79.82287164399997, 44.09011729000008], [-79.82276013299997, 44.08969544900003], [-79.82236472499994, 44.08818847600003], [-79.82232426799999, 44.08803388700005], [-79.82214239799998, 44.08733900800007], [-79.82135190599996, 44.08431811800006], [-79.82134878899996, 44.08429870600003], [-79.82131977199998, 44.08411798300006], [-79.82129774899994, 44.08398082500003], [-79.82099871199995, 44.08264699500006], [-79.81981506499994, 44.07790052400003], [-79.82005724099997, 44.07784843100006], [-79.82037301899999, 44.07778050100006], [-79.82030409199996, 44.07751355800008], [-79.81872814699994, 44.07140402700003], [-79.81502126899994, 44.07215230700007], [-79.81480272899995, 44.07219979600006], [-79.81472445399999, 44.07221680600003], [-79.81282998999995, 44.07262845300005], [-79.81246389899997, 44.07270799600008], [-79.81031142199998, 44.06895909000008], [-79.80916619299995, 44.06695991800007], [-79.80816376899998, 44.06719292300005], [-79.80614048799998, 44.06762275000006], [-79.80606154599997, 44.06763952000006], [-79.80605973299998, 44.06763990500008], [-79.80518714599998, 44.06409099000007], [-79.80518704599996, 44.06409058600008], [-79.80399833299998, 44.06423265500007], [-79.80190567499994, 44.06448272400007], [-79.80189995299997, 44.06448340800006], [-79.80152217399996, 44.06452062600005], [-79.79983504999996, 44.06659844900003], [-79.79965216499994, 44.06681798000005], [-79.79947422799995, 44.06703961400007], [-79.79930128799998, 44.06726329600008], [-79.79913338699998, 44.06748896600004], [-79.79897057199997, 44.06771656400008], [-79.79881288399997, 44.06794603300006], [-79.79866036399994, 44.06817731100006], [-79.79851305399995, 44.06841033700005], [-79.79837202899995, 44.06864876100008], [-79.79823643899994, 44.06888881700007], [-79.79810632199997, 44.06913044300006], [-79.79798170999999, 44.06937357400005], [-79.79781215399998, 44.06940408000003], [-79.79728823999994, 44.06951324700003], [-79.79576253299996, 44.06983471500007], [-79.79507502999996, 44.06998285800006], [-79.79317619399995, 44.07039198500007], [-79.79137114099996, 44.07078920200007], [-79.78769574999995, 44.07158798200004], [-79.78761824499998, 44.07160463900004], [-79.78761523999998, 44.07160528500003], [-79.78390918599996, 44.07240151900004], [-79.78386581999996, 44.07223372700003], [-79.78386885499998, 44.07223321000004], [-79.78401767699995, 44.07220785900006], [-79.78401718199996, 44.07220612400005], [-79.78389833199998, 44.07178939700003], [-79.78373556399998, 44.07113018200005], [-79.78354483899994, 44.07047699100008], [-79.77986534099995, 44.07129220700006], [-79.77947881799997, 44.07138099600007], [-79.77963422699997, 44.07177206900008], [-79.78002236199995, 44.07329922700006], [-79.77999139199994, 44.07330591800007], [-79.77815643499997, 44.07370248400008], [-79.77638977899994, 44.07408573700008], [-79.77613245199996, 44.07414227400005], [-79.77609638799998, 44.07415019600006], [-79.77606026599994, 44.07415797500005], [-79.77520007399994, 44.07434329300003], [-79.77394436299994, 44.07462074800003], [-79.77276553499996, 44.07489354600006], [-79.77286889699997, 44.07565070300006], [-79.77311959499997, 44.07656861700008], [-79.77431013499995, 44.08107160400004], [-79.77437720599994, 44.08134407900008], [-79.77460110599998, 44.08215100500007], [-79.77520825199997, 44.08434239300004], [-79.77603861899996, 44.08733919000008], [-79.77605727299994, 44.08740643800007], [-79.77452224199999, 44.08773959800004], [-79.77047865099996, 44.08857443400007], [-79.76857826499997, 44.08896105300005], [-79.76794915299996, 44.08909549000003], [-79.76862190299994, 44.09163944900007], [-79.76869811799997, 44.09194861100008], [-79.76910521099995, 44.09350927900005], [-79.76952844299996, 44.09512527800007], [-79.76953538699996, 44.09531344600003], [-79.76961003599996, 44.09529724800007], [-79.77390817099996, 44.09435121000007], [-79.77452079899996, 44.09421634900008], [-79.77691776399996, 44.09368867900008], [-79.77843813499999, 44.09924488700005], [-79.77857626399998, 44.09974948500007], [-79.77943205399998, 44.09957687400004], [-79.78010180899997, 44.09943406900004], [-79.78113906999994, 44.09921899500006], [-79.78198441399996, 44.09903633200003], [-79.78260350199997, 44.09890176800008], [-79.78430638999998, 44.09852204600003], [-79.78576078599997, 44.09820238400005], [-79.78616457699997, 44.09854367600008], [-79.78621844199995, 44.09858920200003], [-79.78714690899994, 44.09937393100006], [-79.78715718599994, 44.09939023600003], [-79.78739745999997, 44.10013054300003], [-79.78790017499995, 44.10197347300004], [-79.78806170999997, 44.10256564600007], [-79.78841837899995, 44.10387309000004], [-79.78845464699998, 44.10400787300006]]], [[[-79.56939734999997, 44.13126886900005], [-79.56974880799999, 44.13262005000007], [-79.57114120999995, 44.13231101700006], [-79.57396588399996, 44.13168517200006], [-79.57694155199994, 44.13103275600002], [-79.57696362099995, 44.13112179900003], [-79.58434404199994, 44.12947651300004], [-79.58432523699997, 44.12938638500003], [-79.58443731699998, 44.12936009700007], [-79.58465868799993, 44.12932955400004], [-79.58499708599999, 44.12925388700006], [-79.58626137999994, 44.12895326700004], [-79.58811162899997, 44.12852215900006], [-79.58897756399995, 44.12831998000007], [-79.58988913799999, 44.12811880800007], [-79.59183505599998, 44.12772718600007], [-79.59356653999998, 44.12733107300005], [-79.59556996899994, 44.12685725400007], [-79.59736212799999, 44.12646803100006], [-79.59900540599995, 44.12611786500003], [-79.60268490199996, 44.12524174500004], [-79.60292995199995, 44.12518506100002], [-79.60470891199998, 44.12482295800004], [-79.60624798899994, 44.12445264400003], [-79.60637468899995, 44.12442215600004], [-79.60632923899999, 44.12420604900007], [-79.60630819999994, 44.12410598500003], [-79.60594838099996, 44.12239480700003], [-79.60590317799995, 44.12239973700008], [-79.60544936099996, 44.12051677500006], [-79.60535665899994, 44.11997086800005], [-79.60516940399998, 44.11924490800004], [-79.60486751299999, 44.11806159600008], [-79.60414851299998, 44.11525202100006], [-79.60374564699998, 44.11411681000004], [-79.60358868699996, 44.11359942500007], [-79.60366795399995, 44.11358221600005], [-79.60362669399996, 44.11344731100007], [-79.60313874199994, 44.11185209000007], [-79.60309072199993, 44.11167023300004], [-79.60297398699998, 44.11122819000008], [-79.60165463299995, 44.10623158700002], [-79.60160636899997, 44.10589100100003], [-79.60146012499996, 44.10529646900005], [-79.60138318699995, 44.10499753300007], [-79.60124911599996, 44.10445870800004], [-79.60093021599994, 44.10318202400003], [-79.60091785299994, 44.10318333000004], [-79.60071472399994, 44.10240374200004], [-79.60042505999996, 44.10129663100003], [-79.60041004799996, 44.10129844300008], [-79.60013587199995, 44.10021896900003], [-79.60015446999995, 44.10021614600004], [-79.60005118699996, 44.09981132300004], [-79.59952793899998, 44.09774727800004], [-79.59939113399997, 44.09720759600003], [-79.59925851799994, 44.09668443400005], [-79.59921275899995, 44.09650391000008], [-79.59916175899997, 44.09631775000003], [-79.59902896599993, 44.09577871800008], [-79.59892627399995, 44.09537290900005], [-79.59882394799996, 44.09496855600003], [-79.59868357099998, 44.09441380100003], [-79.59869651599996, 44.09441097500007], [-79.59861503599996, 44.09410127300004], [-79.59852296599996, 44.09375130200004], [-79.59786822999996, 44.09389678200006], [-79.59732229399998, 44.09401871900008], [-79.59554588499998, 44.09441627700005], [-79.59459063199995, 44.09463004500003], [-79.59406996999996, 44.09474655600008], [-79.59352005399995, 44.09486961000005], [-79.59279964499996, 44.09503081100007], [-79.59114492899994, 44.09540105200006], [-79.58699106399996, 44.09633222000008], [-79.58485975199994, 44.09680991900007], [-79.58476434699998, 44.09683130400003], [-79.58376961499994, 44.09705423200006], [-79.58253420399996, 44.09732968900005], [-79.57665770999995, 44.09863973400007], [-79.57641492399995, 44.09869382100004], [-79.57636941499999, 44.09851489200003], [-79.57634754699995, 44.09844575900007], [-79.57619353099994, 44.09784752200005], [-79.57617966099997, 44.09779464000007], [-79.57610544299996, 44.09751166400008], [-79.57607297299995, 44.09738786400004], [-79.57604328699995, 44.09727467300007], [-79.57598669499998, 44.09705890500004], [-79.57595979299998, 44.09695632400008], [-79.57590598399997, 44.09675116800003], [-79.57586794799994, 44.09660614300003], [-79.57581413999998, 44.09640098700004], [-79.57576033899994, 44.09619582800008], [-79.57570653199997, 44.09599067300007], [-79.57565272499994, 44.09578551300007], [-79.57562049099994, 44.09566259600007], [-79.57557410999993, 44.09548573700005], [-79.57551496999997, 44.09526024100006], [-79.57548806899996, 44.09515766400006], [-79.57546116399999, 44.09505508600006], [-79.57543426599995, 44.09495250500004], [-79.57540736599998, 44.09484992800003], [-79.57538046099995, 44.09474735000003], [-79.57532666199995, 44.09454219100007], [-79.57527285899994, 44.09433703600007], [-79.57521905499993, 44.09413188100007], [-79.57516525199998, 44.09392672200005], [-79.57510588899999, 44.09370034200003], [-79.57507620699994, 44.09358715200005], [-79.57501683899994, 44.09336077100005], [-79.57496559299994, 44.09316534300007], [-79.57488396299993, 44.09285407200008], [-79.57483083799997, 44.09265148000003], [-79.57475884399997, 44.09266782500004], [-79.57428525499995, 44.09277535000007], [-79.57391402499997, 44.09285963300005], [-79.57356234299994, 44.09293947800006], [-79.57331695299996, 44.09299289400008], [-79.57300013899999, 44.09306074400007], [-79.57256208899997, 44.09315456000007], [-79.57227795499995, 44.09321540900004], [-79.57204217799995, 44.09326590300003], [-79.57185560099998, 44.09330467300003], [-79.57160360799998, 44.09335475600005], [-79.57144076799995, 44.09338711800007], [-79.57130209799999, 44.09341468900004], [-79.57106660299996, 44.09346196000007], [-79.57091203299996, 44.09349298700005], [-79.57060288499997, 44.09355504100006], [-79.57044831099995, 44.09358606800004], [-79.57027707599997, 44.09362324100005], [-79.56999096199996, 44.09367786700005], [-79.56985359799995, 44.09370543800003], [-79.56968333399999, 44.09373961400007], [-79.56947792699998, 44.09378084200006], [-79.56932311299994, 44.09381192900003], [-79.56916969899999, 44.09384542400005], [-79.56901628399999, 44.09387891900008], [-79.56886286699995, 44.09391241600008], [-79.56870944999997, 44.09394591100005], [-79.56859534799997, 44.09397082300006], [-79.56862260499997, 44.09407926400007], [-79.56865326199994, 44.09420122700004], [-79.56870597799997, 44.09441095200003], [-79.56876877699995, 44.09465906100007], [-79.56884379299998, 44.09495535900004], [-79.56890906199999, 44.09521316800004], [-79.56895855999994, 44.09540867100003], [-79.56901594199996, 44.09563532500005], [-79.56904649999996, 44.09575601300003], [-79.56910202199998, 44.09597530900004], [-79.56912165799997, 44.09605286200008], [-79.56915939699996, 44.09620196600008], [-79.56919800699995, 44.09635449700005], [-79.56920830099995, 44.09639515800006], [-79.56859487399998, 44.09652760500006], [-79.56863595599998, 44.09668989300008], [-79.56867091699996, 44.09682801100007], [-79.56870507099995, 44.09696294200006], [-79.56873922499994, 44.09709786900004], [-79.56877338299995, 44.09723280000003], [-79.56880531799999, 44.09735896600006], [-79.56941877699995, 44.09722651500005], [-79.56965445199995, 44.09815776300007], [-79.56971818999995, 44.09840997400005], [-79.56977546999997, 44.09863662700008], [-79.56870604999995, 44.09887309300007], [-79.56858845399995, 44.09840843800004], [-79.56851809799997, 44.09813029900005], [-79.56844979499994, 44.09786044700007], [-79.56834785099994, 44.09745773400005], [-79.56832792199998, 44.09737899500004], [-79.56740106399997, 44.09759178400003], [-79.56732530799997, 44.09775287600007], [-79.56723404899998, 44.09791594100005], [-79.56704967999997, 44.09824534200004], [-79.56818632399995, 44.09798230300004], [-79.56822285599998, 44.09797384600006], [-79.56825855699998, 44.09811436000007], [-79.56833262499998, 44.09840585500007], [-79.56786099599998, 44.09851463400003], [-79.56713714399996, 44.09868544200003], [-79.56658260299997, 44.09877590800005], [-79.56636913299997, 44.09863519100003], [-79.56682717899997, 44.09827964300007], [-79.56715208799994, 44.09769964500003], [-79.56738282099997, 44.09721540400005], [-79.56728903599998, 44.09705480800005], [-79.56707560999996, 44.09668390000007], [-79.56700599099997, 44.09646887100007], [-79.56693465999996, 44.09619912900007], [-79.56692224499994, 44.09615218300007], [-79.56708411699998, 44.09612996600003], [-79.56723032299999, 44.09610989800007], [-79.56719748199998, 44.09598009500007], [-79.56716042699998, 44.09583364000008], [-79.56712787899994, 44.09570499400007], [-79.56708789199996, 44.09554694600007], [-79.56706190599994, 44.09544423700004], [-79.56703591999997, 44.09534152800006], [-79.56700993399994, 44.09523881900003], [-79.56700032399993, 44.09520083600006], [-79.56698404999997, 44.09513640300003], [-79.56695810999997, 44.09503368700007], [-79.56691467599995, 44.09486170700006], [-79.56690295799996, 44.09482889100008], [-79.56688039399995, 44.09476699400005], [-79.56685091299994, 44.09468612900008], [-79.56680201399996, 44.09449239800006], [-79.56679308199995, 44.09445701100003], [-79.56676966999999, 44.09436426000008], [-79.56685827799998, 44.09405309400006], [-79.56679491599994, 44.09374822700005], [-79.56740175599998, 44.09366116200005], [-79.56729017599997, 44.09314149500005], [-79.56668641299996, 44.09320633100003], [-79.56654180599998, 44.09268227400003], [-79.56493431399997, 44.09287566200004], [-79.56481836999995, 44.09289097100003], [-79.56462653799997, 44.09216404400007], [-79.56457618499996, 44.09197678600003], [-79.56427051099996, 44.09201881100006], [-79.56393326999995, 44.09206517400003], [-79.56389666899997, 44.09207020500003], [-79.56387313799996, 44.09198126700005], [-79.56384972399997, 44.09189229900005], [-79.56378053099996, 44.09190181200006], [-79.56265717099996, 44.09205625200008], [-79.56261571499994, 44.09206195100006], [-79.56233757499996, 44.09101649100006], [-79.56233052099998, 44.09098997400008], [-79.56218082899994, 44.09107497000008], [-79.56207794099998, 44.09113315100007], [-79.56196696999996, 44.09120461200007], [-79.56181927699998, 44.09129643200004], [-79.56171984999997, 44.09134449000004], [-79.56167704299997, 44.09138278600005], [-79.56152381299995, 44.09148036100004], [-79.56140695999994, 44.09157672200007], [-79.56133678799995, 44.09166315200008], [-79.56131157099998, 44.09168573100004], [-79.56120071299995, 44.09178499100005], [-79.56098675699997, 44.09195153800005], [-79.56090616699998, 44.09207189400007], [-79.56071796299995, 44.09224118900005], [-79.56061311499997, 44.09232824700007], [-79.56050390599995, 44.09243525500005], [-79.56044311099998, 44.09250816900004], [-79.56029453799994, 44.09265959100003], [-79.56018585699996, 44.09273877200008], [-79.55996122099998, 44.09293509900004], [-79.55977840199995, 44.09311574300006], [-79.55969947999995, 44.09327159400004], [-79.55958303099999, 44.09339477800006], [-79.55938957399997, 44.09364957300005], [-79.55931606999997, 44.09376988900004], [-79.55921388999997, 44.09394466000003], [-79.55916220199998, 44.09407153600006], [-79.55906615299995, 44.09429865000004], [-79.55897037999995, 44.09459212700006], [-79.55889103699997, 44.09484229800006], [-79.55886000299995, 44.09499790700005], [-79.55880527099998, 44.09523122000007], [-79.55877452299995, 44.09536667300006], [-79.55870098599996, 44.09565862900007], [-79.55863280699998, 44.09596174200004], [-79.55854123899996, 44.09632820500008], [-79.55847091299995, 44.09673477700005], [-79.55838892699995, 44.09703307300003], [-79.55836206599997, 44.09722393800007], [-79.55835547399994, 44.09734024300008], [-79.55823541399997, 44.09771709100005], [-79.55811593099997, 44.09827200400008], [-79.55798899699994, 44.09879162400006], [-79.55788079699994, 44.09935456400007], [-79.55786301499995, 44.09964046200002], [-79.55774890699996, 44.10000732000003], [-79.55761470799996, 44.10074508600007], [-79.55752272599995, 44.10118292800007], [-79.55743106199998, 44.10165766400007], [-79.55739794699997, 44.10183408500006], [-79.55737727499996, 44.10197602600005], [-79.55737367899997, 44.10205285200004], [-79.55717819199998, 44.10280792800006], [-79.55689597199995, 44.10286985700003], [-79.54756218799997, 44.10491747300006], [-79.54693446199997, 44.10505514900007], [-79.54689891699996, 44.10507436900008], [-79.54688916299995, 44.10510291600008], [-79.54680139699997, 44.10512709900007], [-79.54629761199999, 44.10523882800004], [-79.54605586199995, 44.10529244400004], [-79.54493031799996, 44.10554125500005], [-79.54349152599997, 44.10585929500007], [-79.54341593799995, 44.10590793100005], [-79.54349344599996, 44.10606333400005], [-79.54352390099996, 44.10605544900005], [-79.54362262899997, 44.10625514100008], [-79.54361599499998, 44.10625685400004], [-79.54368406099996, 44.10639371400003], [-79.54369033099994, 44.10639209700003], [-79.54377789799997, 44.10656921500004], [-79.54388407999994, 44.10678399100004], [-79.54392241499994, 44.10686153800003], [-79.54395075099995, 44.10691884200003], [-79.54401417599996, 44.10704715000003], [-79.54408185999995, 44.10718405100005], [-79.54425583099999, 44.10753594200003], [-79.54438358599998, 44.10779434800003], [-79.54446533699996, 44.10795971000005], [-79.54451134299995, 44.10805274900008], [-79.54462134999994, 44.10827526400004], [-79.54468521499996, 44.10840445500003], [-79.54514460599995, 44.10934795800006], [-79.54525333199996, 44.10957126100004], [-79.54554668299994, 44.11017373800007], [-79.54561292499994, 44.11017720900003], [-79.54598955999995, 44.11019692500003], [-79.54604076199996, 44.11019960400006], [-79.54602090499998, 44.11039272900007], [-79.54602569699995, 44.11040421800004], [-79.54603451299994, 44.11041356100003], [-79.54604519799994, 44.11041903400007], [-79.54626613699998, 44.11061292500005], [-79.54632771299998, 44.11064972100007], [-79.54643049399994, 44.11067636400003], [-79.54642237699994, 44.11068565700003], [-79.54641277699994, 44.11069665700006], [-79.54637467699996, 44.11071855700004], [-79.54634467699998, 44.11073625700004], [-79.54631357699998, 44.11075375700005], [-79.54627597699994, 44.11076235700006], [-79.54622957699996, 44.11077525700006], [-79.54619947699996, 44.11079295700006], [-79.54616867699997, 44.11080605700005], [-79.54612357699995, 44.11083245700007], [-79.54610017699997, 44.11085915700005], [-79.54607697699998, 44.11088135700004], [-79.54606237699994, 44.11090815700004], [-79.54604827699995, 44.11093245700005], [-79.54604707699997, 44.11093495700004], [-79.54603917699995, 44.11096195700003], [-79.54603117699997, 44.11098875700003], [-79.54602387699998, 44.11101575700008], [-79.54603167699997, 44.11104285700003], [-79.54599307699993, 44.11117735700003], [-79.54600877699994, 44.11133975700005], [-79.54602097699996, 44.11148075700004], [-79.54605197699993, 44.11183705700006], [-79.54606237699994, 44.11195705700004], [-79.54595557699997, 44.11242845800007], [-79.54586407699998, 44.11329605800006], [-79.54581827699997, 44.11357005800005], [-79.54576457699994, 44.11378095800006], [-79.54558897699997, 44.11394065800005], [-79.54558877699998, 44.11435935800006], [-79.54564257699997, 44.11474735800005], [-79.54574157699994, 44.11535625800008], [-79.54573437699997, 44.11622495800003], [-79.54574207699994, 44.11692715800007], [-79.54569607699995, 44.11727785800008], [-79.54538287699995, 44.11787705900008], [-79.54519997699998, 44.11813575900004], [-79.54497887699995, 44.11833115900004], [-79.54462197699996, 44.11861345900007], [-79.54420067699994, 44.11894685900006], [-79.54389517699997, 44.11920415900005], [-79.54357487699997, 44.11958255900004], [-79.54336817699993, 44.11992495900006], [-79.54336167699995, 44.11993565900008], [-79.54326257699995, 44.12019085900005], [-79.54323127699996, 44.12094675900005], [-79.54319387699996, 44.12129735900004], [-79.54306397699997, 44.12166035900003], [-79.54299507699994, 44.12217265900006], [-79.54301077699995, 44.12281205900007], [-79.54309407699998, 44.12325886000008], [-79.54328487699996, 44.12368896000004], [-79.54377357699997, 44.12424426000007], [-79.54505507799996, 44.12512496000005], [-79.54605477799998, 44.12570936000003], [-79.54629857799995, 44.12596016000003], [-79.54646647799996, 44.12624576000007], [-79.54655027799998, 44.12645836000007], [-79.54651967799998, 44.12671916000005], [-79.54648927799997, 44.12687636000004], [-79.54636017799999, 44.12698726000008], [-79.54602397799994, 44.12705946000005], [-79.54552067799995, 44.12712506000003], [-79.54508537799995, 44.12720056000006], [-79.54469617799998, 44.12729916000006], [-79.54434537799995, 44.12743436000005], [-79.54405537799994, 44.12759706000003], [-79.54384957799994, 44.12782416000005], [-79.54382657799994, 44.12803076000006], [-79.54382657799994, 44.12828746000008], [-79.54392567799994, 44.12860836000004], [-79.54417777799995, 44.12894046000008], [-79.54469647799993, 44.12977506100003], [-79.54497877799997, 44.13036846100005], [-79.54519237799997, 44.13073556100005], [-79.54541367899998, 44.13110316100006], [-79.54551257899999, 44.13128006100004], [-79.54555057899995, 44.13138396100004], [-79.54558035599996, 44.13143674900004], [-79.54863188799999, 44.13083557600004], [-79.54885203099997, 44.13139330700005], [-79.55039062099996, 44.13107825000003], [-79.55017190499996, 44.13052424200004], [-79.55095248199996, 44.13036439400003], [-79.55298485599997, 44.12994816900004], [-79.55325061699995, 44.12989013200007], [-79.55319145099998, 44.13025157000004], [-79.55561156099998, 44.12978256800005], [-79.55700904099996, 44.12953263400004], [-79.55734227899995, 44.12956119600005], [-79.55770971999993, 44.12948037700005], [-79.55818208499994, 44.12937583400003], [-79.55843678199994, 44.12931994100006], [-79.55880213299997, 44.12923928200007], [-79.55916628699998, 44.12915889000004], [-79.55944191399999, 44.12909804300006], [-79.55982792699996, 44.12901281900002], [-79.56024082599998, 44.12892166000006], [-79.56020743999994, 44.12878629700003], [-79.56046257799994, 44.12873031700008], [-79.56057112299999, 44.12870650000008], [-79.56048677999996, 44.12836241900004], [-79.56072531499996, 44.12831014700004], [-79.56114909799999, 44.13000215400007], [-79.56360886199997, 44.12946437700003], [-79.56327190199994, 44.12810360700007], [-79.56327325299998, 44.12810429100006], [-79.56407163799997, 44.12850795600008], [-79.56593214399999, 44.12834930900004], [-79.56634479499996, 44.12814512500006], [-79.56637266399997, 44.12812910400004], [-79.56639710499996, 44.12811040500003], [-79.56641758799998, 44.12808938200004], [-79.56630803999997, 44.12766109600005], [-79.56630576599997, 44.12765221300003], [-79.56675267999998, 44.12755447100005], [-79.56685126599996, 44.12753291000007], [-79.56712414199995, 44.12747323000008], [-79.56732415199997, 44.12742854600003], [-79.56752461699995, 44.12738493100005], [-79.56750401199997, 44.12730411500007], [-79.56783963699996, 44.12723204300005], [-79.56837150099994, 44.12711820100003], [-79.56855926799994, 44.12787794800005], [-79.56866095799995, 44.12828942500005], [-79.56880992899994, 44.12887676100007], [-79.56889381099995, 44.12923156600004], [-79.56939734999997, 44.13126886900005]]], [[[-79.78710956199996, 44.17153367200007], [-79.78760383699995, 44.17357905200004], [-79.78787474599994, 44.17459400200005], [-79.78805424299998, 44.17526646000005], [-79.78826300799994, 44.17608713900006], [-79.78849808999996, 44.17701124600006], [-79.79731910999999, 44.17508588900006], [-79.79756317199997, 44.17504059100003], [-79.79841322099998, 44.17485567600005], [-79.79869116999998, 44.17479460600003], [-79.79874728199997, 44.17478227900006], [-79.80017519899997, 44.17446855700007], [-79.80023085099998, 44.17445633000006], [-79.80050785999998, 44.17439546300005], [-79.80193922199999, 44.17408095700006], [-79.80429827599994, 44.17357361900008], [-79.80636370599996, 44.17313286900003], [-79.80633013799996, 44.17302190500004], [-79.80954723499997, 44.17231339400007], [-79.81001749699999, 44.17220831000003], [-79.81089661399994, 44.17201186300008], [-79.81172612799998, 44.17182648800008], [-79.81172992999996, 44.17182563500006], [-79.81176813499997, 44.17181750600002], [-79.81202358399997, 44.17176061200007], [-79.81447663599994, 44.17121715600007], [-79.81471960199997, 44.17116749100006], [-79.81551680499996, 44.17100453000006], [-79.81558897199994, 44.17098977900008], [-79.81582867499998, 44.17094077400003], [-79.81606766599998, 44.17089191900004], [-79.81653855899998, 44.17088354600003], [-79.81683808699995, 44.17085455800003], [-79.82067380299998, 44.16999831000004], [-79.82928040999997, 44.16811757200003], [-79.83035403199995, 44.16788290600005], [-79.83037064899997, 44.16786486500007], [-79.83055704099996, 44.16782978200007], [-79.83074053799999, 44.16779524400005], [-79.83073209999998, 44.16776440000007], [-79.83054645999994, 44.16695281000005], [-79.83044876799994, 44.16642041800003], [-79.83039651399997, 44.16613563300007], [-79.83024021399996, 44.16504002700003], [-79.83016827899996, 44.16472878700006], [-79.83000929499997, 44.16404088600007], [-79.82996640099998, 44.16332475900003], [-79.82985206099994, 44.16281515700007], [-79.83221858099995, 44.16235341000004], [-79.83230657399997, 44.16266394600007], [-79.83232531399995, 44.16273008000007], [-79.83249474499996, 44.16270175500006], [-79.83265229999995, 44.16265952400005], [-79.83275436699995, 44.16261681000003], [-79.83282625599998, 44.16256455200005], [-79.83284507099995, 44.16252213900003], [-79.83287429499995, 44.16240077100008], [-79.83292886699996, 44.16229867400006], [-79.83296905099996, 44.16224314300007], [-79.83297113699996, 44.16216411100004], [-79.83297646199998, 44.16211991000006], [-79.83298701199999, 44.16209974400005], [-79.83302588099997, 44.16208949000003], [-79.83307298199998, 44.16208870200006], [-79.83314351299998, 44.16208945300008], [-79.83318596999999, 44.16207694200006], [-79.83321248199996, 44.16205878200003], [-79.83325950599993, 44.16198325100004], [-79.83330345199994, 44.16195706200006], [-79.83334186499997, 44.16194734100003], [-79.83340497599994, 44.16197370100008], [-79.83348606999994, 44.16203444900003], [-79.83353862899997, 44.16208955400003], [-79.83363237099996, 44.16215780400006], [-79.83370695899998, 44.16218679100007], [-79.83375186399996, 44.16219352300004], [-79.83387245799997, 44.16218623700007], [-79.83412112499997, 44.16216536200005], [-79.83422441099998, 44.16215301500006], [-79.83439472799995, 44.16214330100007], [-79.83459771799994, 44.16214236900004], [-79.83476776899994, 44.16213223000005], [-79.83485547999999, 44.16212372900003], [-79.83501244499996, 44.16213959700008], [-79.83520432199998, 44.16217769200006], [-79.83538291999997, 44.16218271800005], [-79.83564848199995, 44.16210669900005], [-79.83571952099999, 44.16203422500007], [-79.83588396999994, 44.16195106300006], [-79.83598318699995, 44.16191942800003], [-79.83612783699994, 44.16187356000006], [-79.83633606999996, 44.16183480600006], [-79.83640843399996, 44.16182133400008], [-79.83682242599997, 44.16171776500005], [-79.83691254499996, 44.16168628400004], [-79.83703868799995, 44.16162759300005], [-79.83726807099998, 44.16157590300003], [-79.83736071399994, 44.16155950200005], [-79.83750579199994, 44.16155313900003], [-79.83765215799997, 44.16152539500007], [-79.83778544599994, 44.16150402800008], [-79.83793587699995, 44.16150478400004], [-79.83810358499994, 44.16151118400006], [-79.83825627299996, 44.16153292000007], [-79.83839461699995, 44.16151900300008], [-79.83851615599997, 44.16149833800006], [-79.83864908399994, 44.16147010800006], [-79.83876952499998, 44.16142863200002], [-79.83890969299995, 44.16138115900003], [-79.83909232199994, 44.16133406000006], [-79.83919626199997, 44.16130775200003], [-79.83934347599995, 44.16126052000004], [-79.83944016099997, 44.16121769600005], [-79.83951078899997, 44.16120336200004], [-79.83982403699997, 44.16113978700002], [-79.84013027699996, 44.16112192300005], [-79.84068286099995, 44.16113472400008], [-79.84081838099996, 44.16110086600003], [-79.84120837199998, 44.16105500600003], [-79.84159265299996, 44.16109280400008], [-79.84197446499996, 44.16109636200008], [-79.84235281599996, 44.16105197700006], [-79.84273324399999, 44.16103635000007], [-79.84311534899996, 44.16104401400003], [-79.84349647099998, 44.16103797500006], [-79.84389605899997, 44.16100036600005], [-79.84422304499998, 44.16099112300003], [-79.84431947899998, 44.16097095600003], [-79.84437783399994, 44.16118649200007], [-79.84455995499997, 44.16185915900007], [-79.84460821699997, 44.16203741700008], [-79.84508167399997, 44.16378604900007], [-79.84532734599998, 44.16469336400007], [-79.84556828499996, 44.16463682900007], [-79.84563214699995, 44.16462337000007], [-79.84584628399995, 44.16457824000003], [-79.84597164299998, 44.16455182000004], [-79.84610800299998, 44.16452308000004], [-79.84624798699997, 44.16449357800008], [-79.84637277399997, 44.16446727800007], [-79.84649755899994, 44.16444097800007], [-79.84662234399997, 44.16441467700002], [-79.84674713099997, 44.16438837700008], [-79.84687191599994, 44.16436207700008], [-79.84699670199996, 44.16433577600003], [-79.84712148899996, 44.16430947600003], [-79.84724627199995, 44.16428317500004], [-79.84737105899995, 44.16425687400005], [-79.84749583299998, 44.16423057500003], [-79.84762062799996, 44.16420427100007], [-79.84774541399997, 44.16417796900004], [-79.84787019899994, 44.16415166900003], [-79.84799498399997, 44.16412536700005], [-79.84811976899994, 44.16409906500007], [-79.84824455399996, 44.16407276300004], [-79.84836933699995, 44.16404646100005], [-79.84849411799996, 44.16402016000006], [-79.84867516399999, 44.16397918500007], [-79.84891978099995, 44.16393043600004], [-79.84909854899996, 44.16389275400007], [-79.84925575499994, 44.16385961700007], [-79.84938053799993, 44.16383331400004], [-79.84950531899995, 44.16380701000003], [-79.84963010099995, 44.16378070700006], [-79.84975488199996, 44.16375440300004], [-79.84987966399996, 44.16372810000007], [-79.85000444599996, 44.16370179700004], [-79.85012922699997, 44.16367549300003], [-79.85025400799998, 44.16364919000006], [-79.85037878999998, 44.16362288600004], [-79.85050356999994, 44.16359658300007], [-79.85062835099995, 44.16357027900006], [-79.85075313299996, 44.16354397500004], [-79.85087791299998, 44.16351767100008], [-79.85100269299994, 44.16349136700006], [-79.85112747399995, 44.16346506300005], [-79.85125225399997, 44.16343875800004], [-79.85137703399994, 44.16341245400008], [-79.85150181499995, 44.16338614900008], [-79.85162659399998, 44.16335984400007], [-79.85175137399995, 44.16333353900006], [-79.85187615399997, 44.16330723400006], [-79.85200093299994, 44.16328092800006], [-79.85215120899994, 44.16324924700007], [-79.85239117299994, 44.16319865800006], [-79.85254141899998, 44.16316698300005], [-79.85266616499996, 44.16314068400004], [-79.85279090999995, 44.16311438500003], [-79.85291565499995, 44.16308808600007], [-79.85305052399997, 44.16305965200007], [-79.85323033599997, 44.16302174200007], [-79.85341324299998, 44.16298318000003], [-79.85360149999997, 44.16294349000003], [-79.85379763599997, 44.16290213700006], [-79.85388403299999, 44.16288392100006], [-79.85400463799994, 44.16285849300004], [-79.85417640099996, 44.16282227900007], [-79.85434816399999, 44.16278606400004], [-79.85438551299995, 44.16277818900005], [-79.85439922799998, 44.16277529800004], [-79.85443475499994, 44.16289425600007], [-79.85446557899996, 44.16299746300007], [-79.85480047699997, 44.16292135400005], [-79.85503896499995, 44.16286715500007], [-79.85535137699998, 44.16279615300004], [-79.85565714699999, 44.16272666100008], [-79.85591580299996, 44.16266787600006], [-79.85604055299996, 44.16264150300003], [-79.85616532299997, 44.16261517600003], [-79.85629009199994, 44.16258884800004], [-79.85641486099996, 44.16256252100004], [-79.85653962999999, 44.16253619300005], [-79.85666439899995, 44.16250986500006], [-79.85678916799998, 44.16248353700007], [-79.85691393599996, 44.16245720900008], [-79.85703870499998, 44.16243088100003], [-79.85719586499994, 44.16239771700003], [-79.85735302599994, 44.16236455300003], [-79.85764672299996, 44.16230257600006], [-79.85795366499997, 44.16223780300004], [-79.85833355699998, 44.16215871400004], [-79.85859990099993, 44.16210506700003], [-79.85875763099995, 44.16207329700006], [-79.85880034899998, 44.16206469200006], [-79.85891535999997, 44.16204152700004], [-79.85907308899993, 44.16200975500004], [-79.85923081799996, 44.16197798500008], [-79.85930581899999, 44.16196287800005], [-79.85937803699994, 44.16194833200007], [-79.85950371899997, 44.16192301600006], [-79.85954750699995, 44.16191419600005], [-79.85966202999998, 44.16189112700005], [-79.85982033999994, 44.16185923900008], [-79.85997865199994, 44.16182734900008], [-79.86025102199994, 44.16177248300005], [-79.86056646399999, 44.16170621000003], [-79.86076501599996, 44.16166448400003], [-79.86088910999996, 44.16163840500008], [-79.86102138299998, 44.16161060700006], [-79.86118766799996, 44.16157566100003], [-79.86134484999997, 44.16154254900005], [-79.86150199499997, 44.16150934800004], [-79.86165913999997, 44.16147614600004], [-79.86181628399999, 44.16144294400004], [-79.86196192099999, 44.16141217400008], [-79.86205976899998, 44.16139150000004], [-79.86258855499995, 44.16127172500006], [-79.86326686299998, 44.16113645200005], [-79.86335921399996, 44.16149243400008], [-79.86338981399996, 44.16161038400003], [-79.86348004399997, 44.16195819200004], [-79.86360637399997, 44.16244513800007], [-79.86368688699997, 44.16275548300007], [-79.86384791999996, 44.16337617200003], [-79.86384723899994, 44.16337715400005], [-79.86384801099996, 44.16337652400006], [-79.86393663999996, 44.16371681700008], [-79.86453130899997, 44.16600666400007], [-79.86453372699998, 44.16601596600003], [-79.86458391399998, 44.16620887000005], [-79.86458634299998, 44.16621816900005], [-79.86463653299995, 44.16641108300007], [-79.86463895199995, 44.16642038200007], [-79.86468915399996, 44.16661329300007], [-79.86469157199997, 44.16662259200007], [-79.86476400499998, 44.16689298900008], [-79.86504175499994, 44.16792997800007], [-79.86505299699996, 44.16797195000004], [-79.86515907399996, 44.16836795500006], [-79.86540461599998, 44.16832994600003], [-79.86544432599999, 44.16832156900006], [-79.87128500899996, 44.16708917000005], [-79.87303540299996, 44.16671975800006], [-79.87327666699997, 44.16666883800008], [-79.87368083099994, 44.16658353500003], [-79.87366476099999, 44.16652108800008], [-79.87365141199996, 44.16646860200007], [-79.87362037299994, 44.16634655500008], [-79.87358933399997, 44.16622450800003], [-79.87380237299999, 44.16618797800004], [-79.87393431999999, 44.16616005800006], [-79.87406626199999, 44.16613214100005], [-79.87419820399998, 44.16610422600007], [-79.87433015199997, 44.16607630500005], [-79.87446209399997, 44.16604838400008], [-79.87459403999998, 44.16602046700007], [-79.87472598199997, 44.16599254700003], [-79.87485792899997, 44.16596463000008], [-79.87498986999998, 44.16593670800006], [-79.87512181599999, 44.16590878800008], [-79.87525375699994, 44.16588087000008], [-79.87538569799995, 44.16585295100003], [-79.87551764499995, 44.16582503000006], [-79.87564958499996, 44.16579710700006], [-79.87578152999998, 44.16576919000005], [-79.87591346599999, 44.16574126700004], [-79.87604541699994, 44.16571334500003], [-79.87617735199996, 44.16568542500005], [-79.87630929199997, 44.16565750600006], [-79.87641406599994, 44.16563533500005], [-79.87648603199995, 44.16562010600006], [-79.87655800399995, 44.16560487400005], [-79.87662996999995, 44.16558964400008], [-79.87670194199995, 44.16557441100008], [-79.87681547199998, 44.16555038800004], [-79.87691839899998, 44.16552860500008], [-79.87699036499998, 44.16551337500005], [-79.87706233499995, 44.16549814500007], [-79.87713430099996, 44.16548291600003], [-79.87720626799995, 44.16546768700005], [-79.87734786899995, 44.16543771900007], [-79.87759140099996, 44.16538627700004], [-79.87770825199993, 44.16536156900003], [-79.87778016599998, 44.16534636600005], [-79.87785208499997, 44.16533116200003], [-79.87792399799997, 44.16531595900005], [-79.87802646399996, 44.16529429400003], [-79.87812894099994, 44.16527262900007], [-79.87820085399994, 44.16525742200002], [-79.87827277199995, 44.16524221800006], [-79.87834468599993, 44.16522701400004], [-79.87844715199998, 44.16520534900008], [-79.87860309699994, 44.16517237800008], [-79.87875904199996, 44.16513940700003], [-79.87891498799996, 44.16510643600003], [-79.87907093299998, 44.16507346500003], [-79.87925086699994, 44.16503541900005], [-79.87943079499996, 44.16499737200007], [-79.87961072999997, 44.16495932500004], [-79.87979066299994, 44.16492127800007], [-79.87997059599996, 44.16488323100003], [-79.88015053099997, 44.16484517900005], [-79.88033045799995, 44.16480712800006], [-79.88051039099997, 44.16476907600003], [-79.88066348499996, 44.16473669600003], [-79.88090482299998, 44.16468566200007], [-79.88129180399994, 44.16460382600008], [-79.88183202699997, 44.16448856500006], [-79.88189593899995, 44.16447493800007], [-79.88179588499997, 44.16407468600005], [-79.88174023899995, 44.16385205900008], [-79.88205036799997, 44.16380277500008], [-79.88192974699996, 44.16332830600004], [-79.88133154499997, 44.16098593400005], [-79.88032451699996, 44.15710729400007], [-79.88031602399997, 44.15710881300004], [-79.88024601999996, 44.15683917500007], [-79.88017601699994, 44.15656953400003], [-79.88008362099998, 44.15621363800005], [-79.88007052499995, 44.15616318200006], [-79.87996463399998, 44.15575523000007], [-79.87998264399994, 44.15575136500007], [-79.88003701599996, 44.15573970700007], [-79.88183558299994, 44.15535405200006], [-79.88289126499996, 44.15512768900004], [-79.88446200099997, 44.15479091300006], [-79.88661213999995, 44.15432971900003], [-79.88456000199994, 44.15331047500007], [-79.88424619699998, 44.15315460600004], [-79.88409892299995, 44.15305939900003], [-79.88414337999995, 44.15305898600008], [-79.88416003699996, 44.15305915200003], [-79.88417991199998, 44.15304953700007], [-79.88420628399996, 44.15301708600003], [-79.88424916699995, 44.15299243400005], [-79.88426159599999, 44.15297620100006], [-79.88427404499998, 44.15295887800005], [-79.88428812599994, 44.15293292100006], [-79.88433133999996, 44.15290913200005], [-79.88438149199999, 44.15288471000008], [-79.88442580399999, 44.15286443200006], [-79.88448214399995, 44.15283844400005], [-79.88457701799996, 44.15279833400007], [-79.88463033299996, 44.15278250800003], [-79.88466819499996, 44.15277759300005], [-79.88471698099994, 44.15276592600003], [-79.88473879399999, 44.15275256800004], [-79.88477363899995, 44.15273377700004], [-79.88480421699995, 44.15271881600006], [-79.88483784699997, 44.15270279500004], [-79.88492167599998, 44.15267527900005], [-79.88495815199997, 44.15266559000003], [-79.88501759899998, 44.15264897400004], [-79.88509667699998, 44.15263231500006], [-79.88516357699996, 44.15261880600008], [-79.88523517399994, 44.15261221800006], [-79.88525611199998, 44.15261028900005], [-79.88530770499995, 44.15260606700008], [-79.88537097399995, 44.15260677800006], [-79.88549841899999, 44.15261233000007], [-79.88556655999997, 44.15261300800006], [-79.88563329299996, 44.15260822100004], [-79.88566603399994, 44.15260464100004], [-79.88571676699996, 44.15259923900004], [-79.88574609899996, 44.15259486600007], [-79.88577564999997, 44.15259048900003], [-79.88581562399997, 44.15258004300006], [-79.88583689599994, 44.15257426600004], [-79.88589319699997, 44.15256065000005], [-79.88595410299996, 44.15254381000005], [-79.88597795699997, 44.15253704700007], [-79.88603786899995, 44.15251956500003], [-79.88608201299996, 44.15250800900003], [-79.88610180299997, 44.15250275400007], [-79.88612634499998, 44.15248664200004], [-79.88616899599998, 44.15247398100007], [-79.88621166799999, 44.15246023000003], [-79.88627246799996, 44.15244884100008], [-79.88631673799995, 44.15243074400007], [-79.88636409899993, 44.15240940700005], [-79.88642372099997, 44.15238055900005], [-79.88647425699997, 44.15235162000005], [-79.88647629999997, 44.15235005600005], [-79.88653843699996, 44.15230247500006], [-79.88655449499998, 44.15229287500006], [-79.88659707399995, 44.15226560700006], [-79.88664758699997, 44.15223775900006], [-79.88671478099997, 44.15220898600006], [-79.88678288499995, 44.15217571800008], [-79.88685391799999, 44.15214058200007], [-79.88687946299996, 44.15213005700008], [-79.88692420199999, 44.15211162200006], [-79.88694938499998, 44.15210124500004], [-79.88700964899994, 44.15207561500006], [-79.88708123699996, 44.15205451800006], [-79.88713912099996, 44.15204712500008], [-79.88719623699996, 44.15206002400004], [-79.88723693399999, 44.15207024400007], [-79.88728658899998, 44.15208709400008], [-79.88735273599997, 44.15211283300005], [-79.88738571399995, 44.15213060800005], [-79.88740059099996, 44.15214730000008], [-79.88740024999998, 44.15216237600004], [-79.88738792599997, 44.15217315700005], [-79.88738008399997, 44.15218725500006], [-79.88739028499998, 44.15220807500003], [-79.88740969899999, 44.15222244400007], [-79.88745319399999, 44.15224468600007], [-79.88750589999995, 44.15226047600004], [-79.88756630299997, 44.15226980100005], [-79.88763280399996, 44.15227700500003], [-79.88769640499999, 44.15227763700005], [-79.88776326199996, 44.15226716600006], [-79.88769933299994, 44.15201007500008], [-79.88769694899997, 44.15200049000003], [-79.88766610699997, 44.15187645500004], [-79.88761545199998, 44.15183956300007], [-79.88756777099996, 44.15179874300003], [-79.88753781999998, 44.15178099800005], [-79.88751699799997, 44.15176116200007], [-79.88751760499997, 44.15175842600007], [-79.88750681599998, 44.15173925200003], [-79.88749848299994, 44.15169991300007], [-79.88748562999996, 44.15165943900007], [-79.88747412299995, 44.15162770200004], [-79.88747146999998, 44.15160804700002], [-79.88747506399994, 44.15157864100007], [-79.88750637299995, 44.15152552100005], [-79.88756592799996, 44.15147357100005], [-79.88755733499994, 44.15143901800008], [-79.88730588499999, 44.15042776000007], [-79.88720280199999, 44.14996170800003], [-79.88719498899997, 44.14992642600004], [-79.88718843199996, 44.14990106500005], [-79.88692773699995, 44.14889259400007], [-79.88663988099995, 44.14776870400004], [-79.88654880199994, 44.14743059400007], [-79.88654542999996, 44.14741807700005], [-79.88654471299998, 44.14741540000006], [-79.88679291299997, 44.14737054200003], [-79.88705210199998, 44.14730678200004], [-79.88731134199998, 44.14724300800003], [-79.88758231099996, 44.14717634600004], [-79.88784527199994, 44.14711165400007], [-79.88808295599995, 44.14705317700003], [-79.88831950499997, 44.14699498300007], [-79.88855381499997, 44.14693734100007], [-79.88840366399995, 44.14663991600003], [-79.88825985199998, 44.14600591200008], [-79.88809963699998, 44.14529959200007], [-79.88805392499995, 44.14510668300005], [-79.88800842099994, 44.14493049200007], [-79.88800416399994, 44.14492872200003], [-79.88800779399998, 44.14492783000003], [-79.88764828899997, 44.14339460200006], [-79.88754228099998, 44.14294714700003], [-79.88750970299998, 44.14280964100004], [-79.88743409799997, 44.14250182200004], [-79.88761375799999, 44.14246324900006], [-79.88779342499998, 44.14242468900005], [-79.88797309399996, 44.14238612900004], [-79.88815275899998, 44.14234756800005], [-79.88833242799996, 44.14230900600006], [-79.88851209899997, 44.14227044300003], [-79.88869176399999, 44.14223188100004], [-79.88883482299997, 44.14219986100005], [-79.88908082899997, 44.14214462200005], [-79.88940392099994, 44.14207207400005], [-79.88952142799997, 44.14204568400004], [-79.88946404499995, 44.14183980400003], [-79.88940547299995, 44.14162967800007], [-79.88936402599995, 44.14148097500004], [-79.88933451199995, 44.14137509400007], [-79.88929762199996, 44.14124274200003], [-79.88926073199997, 44.14111039000005], [-79.88922384199998, 44.14097803700002], [-79.88918695199999, 44.14084568500004], [-79.88915006199994, 44.14071333300006], [-79.88910189799998, 44.14055424600008], [-79.88905565499994, 44.14037461800007], [-79.88900753999997, 44.14020198400004], [-79.88897065199995, 44.14006962800005], [-79.88893376199997, 44.13993727200005], [-79.88889687299996, 44.13980491700005], [-79.88885998299997, 44.13967256000007], [-79.88882309199994, 44.13954020700004], [-79.88878817699998, 44.13940756600005], [-79.88875331299994, 44.13927491900006], [-79.88871844499994, 44.13914226800006], [-79.88868357899997, 44.13900962000008], [-79.88864871399994, 44.13887697800004], [-79.88859090999995, 44.13867156400005], [-79.88854152699997, 44.13846917800004], [-79.88850482899994, 44.13832905200007], [-79.88849459399995, 44.13828996600006], [-79.88846978299995, 44.13819520200008], [-79.88843565599996, 44.13806488700004], [-79.88842722599998, 44.13803269700003], [-79.88841885599999, 44.13800073100003], [-79.88838629999998, 44.13787639400005], [-79.88833347699995, 44.13767467300005], [-79.88822096799998, 44.13724498800008], [-79.88818415799994, 44.13709845900007], [-79.88812215999997, 44.13685166900007], [-79.88811946399994, 44.13685263000008], [-79.88798701399998, 44.13634933900005], [-79.87984339299999, 44.13827514500008], [-79.87960263799994, 44.13833300100003], [-79.87616672499996, 44.13905355500003], [-79.87606616599999, 44.13867857200006], [-79.87591690399995, 44.13869814400005], [-79.87549833699995, 44.13875302800005], [-79.87549791299995, 44.13875139400005], [-79.87525047799994, 44.13878284100008], [-79.87524116199995, 44.13874696500005], [-79.87518519799994, 44.13853143900008], [-79.87515983999998, 44.13843575100003], [-79.87488505699997, 44.13739885600006], [-79.87477871899995, 44.13700375000008], [-79.87459815399995, 44.13633015300007], [-79.87452566599995, 44.13606006400005], [-79.87416612299995, 44.13472034800003], [-79.87307387599998, 44.13064056200005], [-79.87282513599996, 44.12971137700004], [-79.87247701299998, 44.12841213100006], [-79.87209175999999, 44.12694835100007], [-79.87204210999994, 44.12675969600008], [-79.87202082899995, 44.12667884800004], [-79.87163297999996, 44.12520511500003], [-79.87158608299995, 44.12502691100008], [-79.87103962899994, 44.12295036700004], [-79.87000552099994, 44.11900832200007], [-79.86988211099998, 44.11853659300004], [-79.86915298299994, 44.11869640500004], [-79.86705849799995, 44.11914435500006], [-79.86463667799995, 44.11963667600003], [-79.86423390299996, 44.11972234100006], [-79.85676927399999, 44.12117206600004], [-79.85626397199997, 44.12129808100008], [-79.85494103799994, 44.12158173100005], [-79.85261102799996, 44.12217304800004], [-79.85237246099996, 44.12220283700003], [-79.85180454299996, 44.12227407700004], [-79.85132528999998, 44.12237863800004], [-79.84952904199997, 44.12277051500007], [-79.84928996399998, 44.12282646000006], [-79.84333143399994, 44.12414556700003], [-79.84241940699997, 44.12434940800006], [-79.84176316699995, 44.12449466200007], [-79.83963485199996, 44.12499074700003], [-79.83631632199996, 44.12567639900004], [-79.83561132099999, 44.12581697500008], [-79.83519882899998, 44.12589922700005], [-79.83519071499995, 44.12590084500005], [-79.83495546899996, 44.12594775800005], [-79.83494734199996, 44.12594937700004], [-79.83490692099997, 44.12595743400004], [-79.83415261199997, 44.12556389900004], [-79.83409956999998, 44.12535636400003], [-79.83372574499998, 44.12539860400005], [-79.83361650799998, 44.12542262300008], [-79.83365502799995, 44.12565753900003], [-79.83196328499997, 44.12602950600007], [-79.83202190899993, 44.12626245300004], [-79.83294538499996, 44.12682387000007], [-79.83321312499999, 44.12698663800006], [-79.83321265899997, 44.12698768600006], [-79.83310966999994, 44.12721940600005], [-79.83306886199995, 44.12738135800004], [-79.83302510899995, 44.12747522200004], [-79.83298171299998, 44.12754338700006], [-79.83291673899998, 44.12759730800008], [-79.83291326899996, 44.12773425500006], [-79.83294285999995, 44.12782141900004], [-79.83300412499995, 44.12791357800006], [-79.83304497199998, 44.12797801200003], [-79.83309414799999, 44.12803704600003], [-79.83314867399997, 44.12808922600004], [-79.83319563799995, 44.12812294400004], [-79.83332767599995, 44.12815050600005], [-79.83351936199995, 44.12816258400005], [-79.83361334599994, 44.12821865700005], [-79.83366790799994, 44.12832442400003], [-79.83365969799996, 44.12839737800005], [-79.83356848499994, 44.12848290500006], [-79.83343276299996, 44.12856783300003], [-79.83328524999996, 44.12861606600006], [-79.83311913199998, 44.12864578400007], [-79.83295994599996, 44.12865276000008], [-79.83281370699996, 44.12865077600003], [-79.83268816399999, 44.12858514400006], [-79.83260947499997, 44.12855551000007], [-79.83253788299999, 44.12849177600003], [-79.83243095199998, 44.12844466200005], [-79.83227869999996, 44.12842889900003], [-79.83213812599996, 44.12845439300003], [-79.83211246099995, 44.12846318000004], [-79.83202818699993, 44.12852596800008], [-79.83199985799996, 44.12863974800007], [-79.83196586499997, 44.12872604800003], [-79.83191857499997, 44.12883500600003], [-79.83190365799999, 44.12892156500004], [-79.83194666499998, 44.12898151300004], [-79.83205937099996, 44.12905154100008], [-79.83217878899995, 44.12910795700003], [-79.83231230999996, 44.12910976500007], [-79.83241393199995, 44.12911571100005], [-79.83253485099993, 44.12911278200005], [-79.83261751099997, 44.12911390400006], [-79.83273149199994, 44.12913371100007], [-79.83282443699994, 44.12923086900003], [-79.83284235599996, 44.12927677800008], [-79.83288975099998, 44.12941441600003], [-79.83287460199995, 44.12951010700004], [-79.83284731999998, 44.12958280400005], [-79.83274291999999, 44.12968641800006], [-79.83267251799998, 44.12970372800004], [-79.83243679499998, 44.12971880300006], [-79.83232304099994, 44.12968985800006], [-79.83207021599998, 44.12962706600007], [-79.83184293899996, 44.12956005800004], [-79.83152063699998, 44.12947805700003], [-79.83135046499996, 44.12941638100006], [-79.83103475899998, 44.12932533600008], [-79.83081314499998, 44.12928579600003], [-79.83065349099996, 44.12931103400007], [-79.83051880999994, 44.12935486800006], [-79.83045232399996, 44.12946813100007], [-79.83043104699993, 44.12955460500007], [-79.83043866399998, 44.12975563500004], [-79.83043541999996, 44.12988345300005], [-79.83048916699994, 44.13002117700006], [-79.83051794599999, 44.13014029800007], [-79.83051388399997, 44.13026334200003], [-79.83050636599995, 44.13034563800005], [-79.83036311899997, 44.13047611800005], [-79.83016357699995, 44.13056930700003], [-79.82997177999994, 44.13060780200004], [-79.82987663499995, 44.13059737700007], [-79.82978369299997, 44.13050022100003], [-79.82974104199997, 44.13042657500006], [-79.82971168699999, 44.13033028100006], [-79.82966476399997, 44.13017438300005], [-79.82965448599998, 44.13007834700005], [-79.82961206299996, 44.12999557200004], [-79.82956212299996, 44.12995836400006], [-79.82945438199994, 44.12994319800003], [-79.82927045199995, 44.12992243500003], [-79.82902906599998, 44.12991002500007], [-79.82879415899998, 44.12989313400004], [-79.82853843199996, 44.12994445800007], [-79.82843472699994, 44.13002068200007], [-79.82833656299994, 44.13012894200006], [-79.82830152299994, 44.13025632900008], [-79.82832370799997, 44.13038449100003], [-79.82838946899994, 44.13054978300005], [-79.82849453999995, 44.13066993900003], [-79.82856239599994, 44.13075305700005], [-79.82868643299997, 44.13087804000003], [-79.82875486099994, 44.13093833500005], [-79.82880306399994, 44.13104401700008], [-79.82881535599995, 44.13111894700006], [-79.82842097699995, 44.13117408700003], [-79.82842133299994, 44.13117549000003], [-79.82846266799999, 44.13133881000005], [-79.82847837799994, 44.13140081800003], [-79.82782772099995, 44.13138265600003], [-79.82720028599994, 44.13126730700003], [-79.82670317999998, 44.13123286100006], [-79.82591737199994, 44.13118096100004], [-79.82544917899997, 44.13116513800003], [-79.82506648399999, 44.13127038100004], [-79.82488956699996, 44.13131077800006], [-79.82438589799995, 44.13148806100003], [-79.82400970399993, 44.13155210300005], [-79.82379057599996, 44.13155627000003], [-79.82355119799996, 44.13156710400006], [-79.82340881299996, 44.13159313400007], [-79.82305848099998, 44.13161847000003], [-79.82276132399994, 44.13164890900003], [-79.82251387799994, 44.13171501400006], [-79.82215232499993, 44.13167086800007], [-79.82185748699999, 44.13164091100003], [-79.82171823999994, 44.13154257700006], [-79.82164665599998, 44.13143527100004], [-79.82171181199999, 44.13129393100007], [-79.82178924499993, 44.13114300100005], [-79.82178760299996, 44.13109437900005], [-79.82143075699997, 44.13084574600003], [-79.82114323399998, 44.13065972100003], [-79.82061560099999, 44.13035704500004], [-79.82063971399998, 44.13045869800004], [-79.82042565599994, 44.13039199800005], [-79.82044372999997, 44.13064707000007], [-79.82073762199997, 44.13100265800006], [-79.82066759099996, 44.13136401500003], [-79.81990457499995, 44.13153555900004], [-79.81988504799995, 44.13145646300006], [-79.81961765999995, 44.13165234600007], [-79.81936769099997, 44.13176844100008], [-79.81912708599998, 44.13183780700007], [-79.81901212499997, 44.13184802300003], [-79.81863728699994, 44.13193940600007], [-79.81843479499997, 44.13198258400007], [-79.81809531599998, 44.13202637000006], [-79.81771451499998, 44.13204055000006], [-79.81735766899999, 44.13215394000008], [-79.81722627199997, 44.13219614500008], [-79.81700135999995, 44.13225574500007], [-79.81677602199994, 44.13229567400003], [-79.81653769699994, 44.13230511600005], [-79.81615473099998, 44.13227018000003], [-79.81591994999997, 44.13226774700007], [-79.81567179999996, 44.13227232100007], [-79.81556300999995, 44.13225451800002], [-79.81546925699996, 44.13214635000003], [-79.81522876899999, 44.13209859600005], [-79.81506314399996, 44.13211117100008], [-79.81486052799994, 44.13215432900006], [-79.81459938899997, 44.13214685600008], [-79.81443713999994, 44.13208608100007], [-79.81412370699996, 44.13210358400005], [-79.81400690699996, 44.13215970100003], [-79.81363403899996, 44.13246050900005], [-79.81352981699996, 44.13257762300003], [-79.81350476199998, 44.13264231800008], [-79.81336421499998, 44.13300518000005], [-79.81301620699998, 44.13332276700004], [-79.81275732899996, 44.13349633400003], [-79.81273562999996, 44.13363535800005], [-79.81295625899998, 44.13374208700003], [-79.81307616499998, 44.13394615300007], [-79.81309705299998, 44.13426724800007], [-79.81324022499996, 44.13446398700006], [-79.81332098399997, 44.13461590300005], [-79.81334810699997, 44.13473715800006], [-79.81332221499997, 44.13483080500004], [-79.81322523399996, 44.13494726800008], [-79.81309355099995, 44.13502112500004], [-79.81299389599997, 44.13506749000004], [-79.81292277499995, 44.13510576900006], [-79.81288400599999, 44.13511388200004], [-79.81277198599997, 44.13518603300002], [-79.81270089799995, 44.13523744900004], [-79.81261058199993, 44.13527112800006], [-79.81243594599994, 44.13532940500005], [-79.81225746099994, 44.13538413600003], [-79.81204448199998, 44.13548418400006], [-79.81187074799999, 44.13554158800008], [-79.81171608699998, 44.13561794000003], [-79.81155731299998, 44.13570080500006], [-79.81141988299999, 44.13576878600003], [-79.81126457299996, 44.13585936200008], [-79.81105140699998, 44.13604940400006], [-79.81091504399996, 44.13615822600008], [-79.81076745799999, 44.13629443100007], [-79.81053747199996, 44.13642105500003], [-79.81032339699993, 44.13645215900004], [-79.80985784999996, 44.13647930500008], [-79.80967955599994, 44.13641756200008], [-79.80947639699997, 44.13637053100007], [-79.80930637299997, 44.13627348800003], [-79.80911562199998, 44.13626741600007], [-79.80914322099994, 44.13611663200004], [-79.80906876199998, 44.13596614300008], [-79.80887061299995, 44.13567009900004], [-79.80859341199994, 44.13535825700006], [-79.80830704099998, 44.13512662000005], [-79.80797784499998, 44.13476932100008], [-79.80796209999994, 44.13461264000006], [-79.80809958499998, 44.13435412100006], [-79.80813137399997, 44.13418296500004], [-79.80783474299994, 44.13399205000007], [-79.80770292499994, 44.13387498700007], [-79.80761062199997, 44.13357868300005], [-79.80729288199996, 44.13340387800008], [-79.80678588299998, 44.13333733800005], [-79.80645775799996, 44.13327846500005], [-79.80615728299995, 44.13320964000008], [-79.80586284699996, 44.13319159100007], [-79.80572295399998, 44.13319421100005], [-79.80539558099997, 44.13312273700006], [-79.80511437599995, 44.13301091600005], [-79.80480590699995, 44.13275181800003], [-79.80454017699998, 44.13265882400003], [-79.80442713199994, 44.13265068400005], [-79.80445774699996, 44.13277453600006], [-79.80463312099994, 44.13341474300006], [-79.80492869099999, 44.13441079200004], [-79.79880216099997, 44.13579955500006], [-79.79874940299999, 44.13559535300004], [-79.79834003499997, 44.13402020700005], [-79.79802515199998, 44.13409139700008], [-79.79659555299997, 44.13441119600003], [-79.79647504999997, 44.13443968600006], [-79.79635454599998, 44.13446817500005], [-79.79596701799994, 44.13293944300005], [-79.79560379899993, 44.13150650000006], [-79.79555404399997, 44.13131022600004], [-79.79553473899995, 44.13123405200002], [-79.79515091599995, 44.13126239300004], [-79.79470998499994, 44.13126045800004], [-79.79431526399998, 44.13113312300004], [-79.79402906399997, 44.13099030200004], [-79.79400701299994, 44.13089662000004], [-79.79402156699996, 44.13079082200005], [-79.79403162499995, 44.13067976800005], [-79.79399805099996, 44.13060104200008], [-79.79382567099998, 44.13046956600004], [-79.79362929699994, 44.13039260900007], [-79.79341799199995, 44.13036594200003], [-79.79324290999995, 44.13035806800008], [-79.79314455699995, 44.13036389400003], [-79.79304400599995, 44.13042188200006], [-79.79294596999995, 44.13051601600006], [-79.79290488899994, 44.13056166300004], [-79.79285689499994, 44.13061722500004], [-79.79278506599996, 44.13068809900005], [-79.79270846599997, 44.13073164400004], [-79.79262485999999, 44.13076240300006], [-79.79248994699998, 44.13083376400004], [-79.79241203999999, 44.13086001400006], [-79.79228690399998, 44.13087407000006], [-79.79197964299993, 44.13089503300006], [-79.79175284999997, 44.13089186200006], [-79.79150788999993, 44.13082833300007], [-79.79130332599993, 44.13072117600007], [-79.79118673099998, 44.13067652600006], [-79.79115234399995, 44.13055560200007], [-79.79073533499997, 44.12910348800006], [-79.79055632399997, 44.12914377300007], [-79.79033807499997, 44.12919288600006], [-79.79032266699994, 44.12917852500004], [-79.79028819199993, 44.12915699700005], [-79.79012277599998, 44.12919422100003], [-79.79014056399996, 44.12921282300005], [-79.79017324999995, 44.12923000600006], [-79.78986436199995, 44.12929951500007], [-79.78799826499994, 44.12971942900003], [-79.78797963499994, 44.12967647900007], [-79.78739941999999, 44.12980703300008], [-79.78737353799994, 44.12981285700005], [-79.78788697699997, 44.13169593800006], [-79.78838805399994, 44.13364720200008], [-79.78904313999999, 44.13612666100005], [-79.78653498599994, 44.13670211200008], [-79.78397882799999, 44.13728291800004], [-79.78336115799993, 44.13742615100006], [-79.78503472199998, 44.14368883900005], [-79.78515711899996, 44.14387972400004], [-79.78567728799999, 44.14600591200008], [-79.78657704899996, 44.14968367700004], [-79.78401315699995, 44.15028303200006], [-79.78446806899996, 44.15200318700005], [-79.78531305399997, 44.15515153900003], [-79.78554097699998, 44.15602710900004], [-79.78498235799998, 44.15615477900008], [-79.78445633999996, 44.15627499900006], [-79.78445838699997, 44.15628396100004], [-79.78187002499999, 44.15687551900004], [-79.78187061299997, 44.15687772900003], [-79.78192820199996, 44.15708092500006], [-79.78192763699997, 44.15708105500005], [-79.78192815299997, 44.15708287700005], [-79.78227039599994, 44.15829040300008], [-79.78235626599997, 44.15861069700003], [-79.78244203999998, 44.15893062700007], [-79.78249693899994, 44.15913538700005], [-79.78264321599994, 44.15992541800006], [-79.78314911599995, 44.16157581400006], [-79.78349613399996, 44.16289897400003], [-79.78350287099994, 44.16297756500006], [-79.78347496999999, 44.16314592800006], [-79.78345839099995, 44.16324597600004], [-79.78338911699996, 44.16356159500003], [-79.78346851499998, 44.16391298400004], [-79.78371490099994, 44.16500338100008], [-79.78377314299996, 44.16514544000006], [-79.78396098599995, 44.16588135300003], [-79.78413368699995, 44.16643345100005], [-79.78440422999995, 44.16708734100007], [-79.78466071099996, 44.16782858100004], [-79.78521228599999, 44.16933957600003], [-79.78521863699996, 44.16935698000003], [-79.78521842099997, 44.16935702900003], [-79.78147632999998, 44.17020787000007], [-79.78152385099997, 44.17038680100006], [-79.78165025799996, 44.17092779600006], [-79.78143218799994, 44.17097736700003], [-79.78176714099999, 44.17241090100003], [-79.78190782799999, 44.17247456300004], [-79.78204451199997, 44.17244569200005], [-79.78706926499996, 44.17136691600007], [-79.78710956199996, 44.17153367200007]]], [[[-79.72442912599996, 44.28024488400007], [-79.72459804499994, 44.28021318700007], [-79.72593883599995, 44.27992898600007], [-79.73273029599994, 44.27848915700008], [-79.73153569499993, 44.27424295600008], [-79.73269418399997, 44.27401127700006], [-79.73415641099996, 44.27368093300004], [-79.73496807499998, 44.27352294100007], [-79.73495619599998, 44.27347738800006], [-79.73457045599997, 44.27199793500006], [-79.73439812499998, 44.27133697200003], [-79.73430588299993, 44.27098315600006], [-79.73368422599998, 44.26859862900005], [-79.73301507599996, 44.26875310000003], [-79.73291171799997, 44.26835661300004], [-79.73288309299994, 44.26823790200007], [-79.73042826299996, 44.26886396400005], [-79.73015235099996, 44.26836612300008], [-79.72989969399998, 44.26735616800005], [-79.72980448899995, 44.26703070500002], [-79.72970463899998, 44.26671452700003], [-79.72951547599996, 44.26626274800003], [-79.72945065399995, 44.26601714200007], [-79.72981044199997, 44.26593936800003], [-79.73004672099995, 44.26588829400004], [-79.73017023599994, 44.26586159700003], [-79.73037623899995, 44.26581706400003], [-79.73064638399995, 44.26575866800005], [-79.73088980899996, 44.26570604700004], [-79.73124604799995, 44.26562903800004], [-79.73190440899998, 44.26548671300003], [-79.73239606699997, 44.26538042000004], [-79.73283825099998, 44.26528482600003], [-79.73274676699998, 44.26492239800007], [-79.73247921199999, 44.26386238700007], [-79.73215590499996, 44.26256640400004], [-79.72872690799994, 44.26330185800003], [-79.72881152999997, 44.26359445400004], [-79.72669424699995, 44.26404376700003], [-79.72643764599997, 44.26409878200008], [-79.72551355899998, 44.26429719500004], [-79.72526121999994, 44.26435424200008], [-79.72476110399998, 44.26445874700005], [-79.72463362499997, 44.26397719500005], [-79.72458482099995, 44.26379283900008], [-79.72437130399999, 44.26300970500006], [-79.72432412499995, 44.26283254400005], [-79.72419694899997, 44.26232759100003], [-79.72379508599994, 44.26241562600006], [-79.72339965499998, 44.26250224900008], [-79.72300422299998, 44.26258887200004], [-79.72260878999998, 44.26267549300007], [-79.72221335499995, 44.26276211200008], [-79.72160078299999, 44.26289629100006], [-79.72108169499995, 44.26300999100005], [-79.72044998499996, 44.26314835400007], [-79.72030894899996, 44.26317924500006], [-79.72022412599995, 44.26319782300004], [-79.72007318099998, 44.26325676500005], [-79.72010374699994, 44.26337587500007], [-79.71998664699998, 44.26340217500007], [-79.71275954399994, 44.26502317600006], [-79.71278474399998, 44.26511237600005], [-79.71442092699994, 44.27092301000005], [-79.71448024599994, 44.27094579200008], [-79.71496022699995, 44.27083702600004], [-79.71541393599995, 44.27073421200004], [-79.71583211199999, 44.27063944800005], [-79.71615463299997, 44.27056635800005], [-79.71647662399994, 44.27049338900008], [-79.71679914299995, 44.27042029800003], [-79.71702607499998, 44.27036886900004], [-79.71712165499997, 44.27034720800003], [-79.71744422499995, 44.27027410300008], [-79.71768462299997, 44.27021962300006], [-79.71773575899994, 44.27035017600008], [-79.71820252099997, 44.27024420700008], [-79.71845249799998, 44.27018745800007], [-79.71854673799999, 44.27043016100004], [-79.71864098199995, 44.27067286800008], [-79.71873521799995, 44.27091557100005], [-79.71879991099996, 44.27108217400007], [-79.71886428499994, 44.27120406900008], [-79.71896648999996, 44.27139758900006], [-79.71903759099996, 44.27153221200007], [-79.71910868899994, 44.27166683500008], [-79.71935857999995, 44.27169169400003], [-79.71851878599995, 44.27225534500008], [-79.71834370499994, 44.27238578100003], [-79.71838031899995, 44.27240899900005], [-79.71845610299994, 44.27245420500003], [-79.71853555199993, 44.27249603500007], [-79.71865441599994, 44.27255473100007], [-79.71870178499995, 44.27257812300007], [-79.71891115399995, 44.27268150000003], [-79.71888289699996, 44.27271012300008], [-79.71887692799999, 44.27271466500008], [-79.71883111599999, 44.27276257600005], [-79.71847699399996, 44.27313292400004], [-79.71879308999996, 44.27331071000003], [-79.71857284899994, 44.27351305000008], [-79.71895307099999, 44.27370073600008], [-79.71892715999996, 44.27372783300007], [-79.71882169099996, 44.27383813300003], [-79.71881609999997, 44.27387308300007], [-79.71878960199996, 44.27408211400007], [-79.71872825999998, 44.27456602100006], [-79.71869488099998, 44.27482934100004], [-79.71868744699998, 44.27488798500008], [-79.71865409399999, 44.27509028300005], [-79.71865525199996, 44.27518967500004], [-79.71869002199998, 44.27555807000005], [-79.71900421399994, 44.27548713900006], [-79.71923965499997, 44.27543422100007], [-79.71934050799996, 44.27567286900006], [-79.71943947199998, 44.27589919500008], [-79.71953708699994, 44.27612367100005], [-79.72151357299998, 44.27567770600007], [-79.72155558199995, 44.27577693600006], [-79.72170348499998, 44.27611460200006], [-79.72178479199994, 44.27630022900007], [-79.72222600499998, 44.27620047500005], [-79.72222891699994, 44.27619981700008], [-79.72111183199996, 44.27812802400007], [-79.72147423199993, 44.27807095300005], [-79.72277674099996, 44.27784938600007], [-79.72353837899999, 44.27771982500008], [-79.72361468799994, 44.27770684300003], [-79.72377285799996, 44.27767980100003], [-79.72442912599996, 44.28024488400007]]], [[[-79.70009635499997, 44.42461550400003], [-79.70729435699997, 44.42133980300008], [-79.70701965699999, 44.42102150300008], [-79.72209526099994, 44.41443470100006], [-79.71983695999995, 44.41173100100008], [-79.71996565999996, 44.41167660100007], [-79.72012745999996, 44.41160430100007], [-79.72028725999996, 44.41153300100007], [-79.72044695999995, 44.41146150100008], [-79.72061515999997, 44.41138640100007], [-79.72077495999997, 44.41131490100003], [-79.72093486099999, 44.41124340100004], [-79.72109466099994, 44.41117200100007], [-79.72128096099993, 44.41108880100006], [-79.72147896099995, 44.41100020100004], [-79.72168746099999, 44.41090710100008], [-79.72191226099994, 44.41080640100006], [-79.72231816099998, 44.41062510100005], [-79.72253106099998, 44.41052990100007], [-79.72316406099998, 44.41024690000006], [-79.72331146099998, 44.41018100000008], [-79.72352046099996, 44.41008760000005], [-79.72366076099996, 44.41002490000005], [-79.72378856099994, 44.40996770000004], [-79.72391636099997, 44.40991060000005], [-79.72404436099998, 44.40985330000007], [-79.72427026099996, 44.40975230000004], [-79.72455446199996, 44.40962530000007], [-79.72496346199995, 44.40944240000005], [-79.72522816199995, 44.40932420000007], [-79.72533126199994, 44.40927800000003], [-79.72580656199995, 44.40906540000003], [-79.72595196199995, 44.40900050000005], [-79.72675006199995, 44.40864370000003], [-79.72742546199999, 44.40834190000004], [-79.72753286199998, 44.40829440000005], [-79.72679256199996, 44.40743440000006], [-79.72685386199998, 44.40733320000004], [-79.72686336199996, 44.40731730000005], [-79.72811476199996, 44.40524239900003], [-79.73273846399997, 44.40241749900008], [-79.73236846299994, 44.40200749900004], [-79.73091496299998, 44.40033789800003], [-79.73045496299994, 44.39981999800005], [-79.73265216299995, 44.39893809800003], [-79.73373136299995, 44.39848819800005], [-79.73536646399998, 44.39780649800008], [-79.73571466399994, 44.39768489800008], [-79.73790216499998, 44.39669749700005], [-79.73791746499995, 44.39669059700003], [-79.73816176499997, 44.39657929700007], [-79.73818816499994, 44.39656739700007], [-79.73890666499994, 44.39624739700002], [-79.73906656499997, 44.39617609700008], [-79.73922646499994, 44.39610489700004], [-79.73925416499998, 44.39609259700006], [-79.73938606499996, 44.39603349700008], [-79.73951376499997, 44.39597619700004], [-79.73964146499998, 44.39591899700008], [-79.73979256499996, 44.39585129700004], [-79.74000556499999, 44.39575579700005], [-79.74015216499998, 44.39569009700006], [-79.74027976499997, 44.39563269700005], [-79.74040756499994, 44.39557559700006], [-79.74056726499998, 44.39550409700007], [-79.74072676499998, 44.39543249700006], [-79.74088646499996, 44.39536089700005], [-79.74104606599997, 44.39528939700006], [-79.74120576599995, 44.39521789700007], [-79.74136526599995, 44.39514619700003], [-79.74154196599994, 44.39506699700007], [-79.74171856599997, 44.39498779700006], [-79.74180176599998, 44.39495059700005], [-79.74190856599995, 44.39490269700008], [-79.74210226599996, 44.39481589700006], [-79.74229606599994, 44.39472889700005], [-79.74242736599996, 44.39466979700006], [-79.74255886599997, 44.39461099700003], [-79.74269016599999, 44.39455199700006], [-79.74282176599996, 44.39449309700007], [-79.74295306599998, 44.39443399700008], [-79.74308446599997, 44.39437529700007], [-79.74321596599998, 44.39431619700008], [-79.74334736599997, 44.39425719700006], [-79.74337846599997, 44.39424339700003], [-79.74354806599996, 44.39414679700008], [-79.74375836599995, 44.39402719700007], [-79.74376346599996, 44.39402479700004], [-79.74403656599998, 44.39390069700005], [-79.74422886599996, 44.39381329700007], [-79.74441966599994, 44.39372659700007], [-79.74461036599996, 44.39363989700007], [-79.74490526699998, 44.39350589700007], [-79.74516966699997, 44.39338569600005], [-79.74531226699997, 44.39332079600007], [-79.74535296699997, 44.39330229600006], [-79.74236686499995, 44.38991109600005], [-79.74212226499998, 44.38864339600008], [-79.74186306499996, 44.38214049500004], [-79.74185866499994, 44.38202739500008], [-79.74197806499996, 44.38197259500004], [-79.74198186499996, 44.38197079500003], [-79.74242376499996, 44.38177009500004], [-79.74403906499998, 44.38103259400003], [-79.74404243499998, 44.38103105500005], [-79.74423214299998, 44.38125094300005], [-79.74443021199994, 44.38148052000003], [-79.74462827899998, 44.38171009600006], [-79.74528450199995, 44.38141046100003], [-79.74870931399994, 44.38537972400007], [-79.74892196699994, 44.38528213400008], [-79.75055806899996, 44.38455563900004], [-79.75061834699994, 44.38180445700004], [-79.75098883199996, 44.38104302100004], [-79.74816796899995, 44.38120762200003], [-79.74823769999995, 44.37923429800003], [-79.74490367699997, 44.38062501800005], [-79.74479372999997, 44.38067513000004], [-79.74076176399996, 44.37598449400008], [-79.74086696399996, 44.37593439400007], [-79.74191296399994, 44.37546139400007], [-79.74203676399998, 44.37540529400007], [-79.74214266399997, 44.37535819400006], [-79.74202306399997, 44.37521899400008], [-79.74083286299998, 44.37383309300003], [-79.74040566299999, 44.37400389300007], [-79.74017656299998, 44.37378079300004], [-79.74052756299994, 44.37361799300004], [-79.74030676299998, 44.37338159300003], [-79.74011596299994, 44.37342439300005], [-79.74001696299996, 44.37332429300005], [-79.73977976299994, 44.37337099300004], [-79.73959706299996, 44.37312169300003], [-79.73917706299994, 44.37327459300008], [-79.73881926299998, 44.37258629300004], [-79.73868906299998, 44.37262539300008], [-79.73842236299998, 44.37207339300005], [-79.73810176199999, 44.37216439300005], [-79.73749886199994, 44.37102339300003], [-79.73723926199995, 44.37109239300003], [-79.73693446199997, 44.37049939300005], [-79.73675126199998, 44.37054689300004], [-79.73656836199996, 44.37018909300008], [-79.73627816199996, 44.37025819300004], [-79.73601886199998, 44.36976899300004], [-79.73568256099998, 44.36938259300007], [-79.73618696199998, 44.36924429300007], [-79.73578966099996, 44.36878969300005], [-79.73595796099994, 44.36873759300005], [-79.73562236099997, 44.36836919300004], [-79.73648386199994, 44.36798699300005], [-79.73575146099995, 44.36717319200005], [-79.73424886099997, 44.36784999300005], [-79.73385406099999, 44.36802769300004], [-79.73262625999996, 44.36661659200007], [-79.73157975999999, 44.36541059200005], [-79.73151065999997, 44.36533089200003], [-79.73247255999996, 44.36511079200005], [-79.73507086099994, 44.36451669200005], [-79.73621856099999, 44.36425459200007], [-79.73644436099994, 44.36420289200004], [-79.73804686199998, 44.36383609200004], [-79.73892066199994, 44.36363609200004], [-79.74049966199993, 44.36327479200003], [-79.74562006399998, 44.36210419100007], [-79.74538856399994, 44.36122649100002], [-79.74460316299997, 44.35825259000006], [-79.74280461399997, 44.35143543200007], [-79.75460210399996, 44.34878523600003], [-79.75320548699995, 44.34345312700003], [-79.75305047599994, 44.34284516700006], [-79.75280765399998, 44.34189277700006], [-79.75267547399994, 44.34137431700003], [-79.75232866199997, 44.34001749100003], [-79.75182079499996, 44.33803355200007], [-79.75101401099994, 44.33821149200003], [-79.74889705599998, 44.33865172800006], [-79.74772490399994, 44.33888785700003], [-79.74639652399998, 44.33915712800007], [-79.74592217499998, 44.33933498000005], [-79.74529503699995, 44.33838684800003], [-79.74464835399993, 44.33711557800007], [-79.74438152499994, 44.33656885500005], [-79.74433987199995, 44.33599385500003], [-79.74449931099997, 44.33525536600007], [-79.74446337399996, 44.33492952400007], [-79.74446097399994, 44.33440352100007], [-79.74453721999998, 44.33429063400007], [-79.74597944799996, 44.33362767900007], [-79.74655223499997, 44.33350672100005], [-79.74683561799998, 44.33346249600004], [-79.75046135599996, 44.33269439300005], [-79.75019753899994, 44.33166296900004], [-79.74654424899995, 44.33246596800007], [-79.74544069399997, 44.32815221100003], [-79.74104927899998, 44.32912031100005], [-79.74108574399997, 44.32923618800004], [-79.73835628099994, 44.32981791200007], [-79.73825589999996, 44.32941707200007], [-79.73715850599996, 44.32964917500004], [-79.73571915699995, 44.32391878500005], [-79.73518971499999, 44.32183012800004], [-79.73601132599998, 44.32164646800004], [-79.73668034099995, 44.32150091300008], [-79.73656816399995, 44.32124068600007], [-79.73597196299994, 44.32137353600007], [-79.73565053799996, 44.32144507800007], [-79.73511868399999, 44.32154990700008], [-79.73485345699999, 44.32050358400005], [-79.73451771299995, 44.31918652800005], [-79.73430385799998, 44.31922931100007], [-79.73426164699998, 44.31883493800007], [-79.73410314199998, 44.31820943800005], [-79.73410267699995, 44.31820760600004], [-79.73399076099997, 44.31823359300006], [-79.73368520099996, 44.31829924600004], [-79.73334035999994, 44.31837333800007], [-79.73314836699996, 44.31841458900004], [-79.73269360599994, 44.31851229500006], [-79.73251251399995, 44.31855120300003], [-79.73236768499999, 44.31858231900003], [-79.73207802599995, 44.31864455000004], [-79.73168661899996, 44.31872864000007], [-79.73148155799998, 44.31877269500006], [-79.73118745999994, 44.31883587700003], [-79.73088391799996, 44.31890108700003], [-79.73060913399996, 44.31896011800006], [-79.73034921699997, 44.31901595500005], [-79.72994010299999, 44.31910384000003], [-79.72984992999994, 44.31912321100003], [-79.72950924299994, 44.31920022100007], [-79.72936575599994, 44.31923265600005], [-79.72922226399999, 44.31926509100003], [-79.72890414099999, 44.31933699800004], [-79.72855450099996, 44.31941602800003], [-79.72773817699994, 44.31960054000007], [-79.72709188399995, 44.31974661500004], [-79.72682988199995, 44.31980580500004], [-79.72638596499996, 44.31990087400004], [-79.72381968499997, 44.32045043500005], [-79.72359408799997, 44.32050050600003], [-79.72333335299999, 44.32055843400008], [-79.72297392599995, 44.32063828900004], [-79.72279352899994, 44.32067836700003], [-79.72261437799995, 44.32071816800004], [-79.72243460499999, 44.32075810700007], [-79.72207500999997, 44.32083799600008], [-79.72171478999996, 44.32091802100007], [-79.72153357499997, 44.32095827900008], [-79.72141643999998, 44.32098430200006], [-79.72135169999996, 44.32100026900008], [-79.72112700499997, 44.32105568300005], [-79.72088689499998, 44.32111490000005], [-79.72062058099993, 44.32118057800005], [-79.72025264899997, 44.32127131600004], [-79.71987250299998, 44.32136506500007], [-79.71945251399995, 44.32146863700007], [-79.71902806599996, 44.32156325000005], [-79.71866786999999, 44.32164361600007], [-79.71704918599994, 44.32199607600006], [-79.71683855999999, 44.32204193600006], [-79.71587152799998, 44.32225249000004], [-79.71405722399999, 44.32265106400007], [-79.71378130399995, 44.32271113600007], [-79.71219803799994, 44.32305067300007], [-79.71181939399997, 44.32314580500008], [-79.71113874599996, 44.32329246600005], [-79.70990617199999, 44.32355803700005], [-79.70928221099996, 44.32369247000003], [-79.70887664599996, 44.32377984700003], [-79.70835249699996, 44.32390322600003], [-79.70760247699997, 44.32406417900006], [-79.70678880999998, 44.32423878400004], [-79.70554032899997, 44.32450668000007], [-79.70490796899998, 44.32464236300007], [-79.70485202899994, 44.32465476200008], [-79.70343945799993, 44.32496773900004], [-79.70225585799994, 44.32522996200004], [-79.70080140699997, 44.32555216900005], [-79.69810525599996, 44.32614939400003], [-79.69760084699999, 44.32626111800005], [-79.69613165899995, 44.32042933400004], [-79.69588941499995, 44.32048290000006], [-79.69579292199995, 44.32050441600006], [-79.69567320999994, 44.32053110500004], [-79.69009824199998, 44.32177412300007], [-79.68855076799997, 44.32211902400007], [-79.68729210699996, 44.32239978700005], [-79.68634370599995, 44.32261133100008], [-79.68492191499996, 44.32292844600005], [-79.68377545199996, 44.32318413200005], [-79.68336845999994, 44.32327489400006], [-79.68220179699995, 44.32353526600008], [-79.67948739199994, 44.32414140200007], [-79.67917376899999, 44.32421147300005], [-79.67591877299998, 44.32493867800008], [-79.67560523099996, 44.32500872300005], [-79.67398930299998, 44.32536971300004], [-79.66869175299996, 44.32655788200003], [-79.66669574999997, 44.32701147600005], [-79.66466801099995, 44.32746863600005], [-79.66404328899995, 44.32760947600008], [-79.65941568899996, 44.32865260100004], [-79.65931623699998, 44.32867482900008], [-79.65929103299999, 44.32859818900005], [-79.65915953299998, 44.32862778900005], [-79.65776323299997, 44.32894409000005], [-79.65193813099995, 44.33026379000006], [-79.65191614499997, 44.33026877600003], [-79.65200776299997, 44.33064982800005], [-79.65209505599995, 44.33096876500008], [-79.65220189899998, 44.33139663900005], [-79.65234450799994, 44.33198227700007], [-79.65249123299998, 44.33261750700007], [-79.65262238399998, 44.33317089600007], [-79.65274033599997, 44.33366858000005], [-79.65285197899993, 44.33413964300007], [-79.65301974699997, 44.33484748500007], [-79.65328871299994, 44.33598300500006], [-79.65333800399998, 44.33627449400007], [-79.64980373299994, 44.33706971700008], [-79.64968682899996, 44.33711318000007], [-79.64847914499995, 44.33737181900005], [-79.64620017799996, 44.33787626500003], [-79.64602612299996, 44.33792278700002], [-79.64654894299997, 44.33987351300004], [-79.64677906999998, 44.34072922800004], [-79.64697487099994, 44.34148478300006], [-79.64719329699994, 44.34233442100003], [-79.64727521099996, 44.34265303600006], [-79.64735712199996, 44.34297165000004], [-79.64743996499999, 44.34329386500008], [-79.64754701699997, 44.34371026400004], [-79.64757189499994, 44.34380712700005], [-79.64195200399996, 44.34505850000005], [-79.64103882999996, 44.34526117700005], [-79.64063676499995, 44.34535040800006], [-79.64027176499997, 44.34543141600005], [-79.63961550699997, 44.34557940900004], [-79.63888632799996, 44.34574384600006], [-79.63809424599998, 44.34592246100004], [-79.63723926499995, 44.34611527200008], [-79.63650991899993, 44.34627972700008], [-79.63578212399995, 44.34644382400006], [-79.63505149699995, 44.34660854400005], [-79.63456792999995, 44.34671756800003], [-79.63444758899999, 44.34674470100003], [-79.63408458099997, 44.34682654100004], [-79.63335673899996, 44.34699063300008], [-79.63299311899993, 44.34707261000005], [-79.63286803799997, 44.34710080900004], [-79.63219843799999, 44.34725232100004], [-79.63146265399996, 44.34741866500008], [-79.63109788199995, 44.34750131800007], [-79.63033306699998, 44.34767461100006], [-79.62912036199998, 44.34794937500004], [-79.62839083399996, 44.34811465600006], [-79.62833199399995, 44.34812798700005], [-79.62656711599999, 44.34852793000005], [-79.62577087599999, 44.34870857800007], [-79.62564507599996, 44.34873712100006], [-79.62467337299995, 44.34895888900007], [-79.62209981499996, 44.34954391600007], [-79.61808306599994, 44.35045674900005], [-79.61521739699998, 44.35112337300006], [-79.61327974099999, 44.35157436300005], [-79.61296974599998, 44.35164651000008], [-79.61085193499997, 44.35213938200008], [-79.61052769399998, 44.35221432300006], [-79.60761507699993, 44.35288668500004], [-79.60356782099996, 44.35382262000007], [-79.60362735099994, 44.35404609000005], [-79.60370693199997, 44.35434541800004], [-79.60376093499997, 44.35454558500004], [-79.60383646799994, 44.35482383100003], [-79.60389001199997, 44.35502108400004], [-79.60400147099995, 44.35543167000003], [-79.60412165099996, 44.35586026200008], [-79.60422408999995, 44.35625171500004], [-79.60428361599998, 44.35645688700004], [-79.60434107199995, 44.35666853100003], [-79.60442286299997, 44.35698395900005], [-79.60451110099996, 44.35730087300004], [-79.60457842499994, 44.35755928500004], [-79.60463212299999, 44.35778011800005], [-79.60470924199996, 44.35807611100006], [-79.60480580699993, 44.35844675100003], [-79.60484105899997, 44.35858206000006], [-79.60491816899997, 44.35887800600005], [-79.60498762399999, 44.35914461400006], [-79.60505214999995, 44.35939229600007], [-79.60511668199996, 44.35963998300008], [-79.60518060799996, 44.35988535500007], [-79.60522206299999, 44.36004477500006], [-79.60433076699996, 44.36025743300007], [-79.60393307599998, 44.36035231200003], [-79.60394234899996, 44.36038768900005], [-79.60398002999995, 44.36053144300007], [-79.60400785199994, 44.36063757800008], [-79.60402639999995, 44.36070833500003], [-79.60404494799997, 44.36077909300008], [-79.60405885799997, 44.36083216100008], [-79.60407276999996, 44.36088522900008], [-79.60408667999997, 44.36093829700008], [-79.60410059199995, 44.36099136500007], [-79.60411913899998, 44.36106212200008], [-79.60413768699993, 44.36113288000007], [-79.60416550899998, 44.36123901600007], [-79.60419333199997, 44.36134515200007], [-79.60420724199997, 44.36139821900008], [-79.60422115399996, 44.36145128800007], [-79.60423970199997, 44.36152204500007], [-79.60425824999999, 44.36159280300006], [-79.60428607299997, 44.36169893800007], [-79.60429998399997, 44.36175200600007], [-79.60432780699995, 44.36185814200007], [-79.60434301099997, 44.36191102700008], [-79.60437034599994, 44.36199154900004], [-79.60442172499995, 44.36216773200005], [-79.60445349799994, 44.36228982600005], [-79.60448433499994, 44.36239553600007], [-79.60451516699999, 44.36250124900005], [-79.60454600899999, 44.36260695900006], [-79.60457683599998, 44.36271267100005], [-79.60460789299998, 44.36281834700003], [-79.60463917399994, 44.36292397700004], [-79.60467045499996, 44.36302961300004], [-79.60470174199997, 44.36313525100007], [-79.60473302899999, 44.36324088200007], [-79.60476430999995, 44.36334651600004], [-79.60480244399997, 44.36347530300003], [-79.60482406699998, 44.36355818700008], [-79.60485174899998, 44.36366433700005], [-79.60487943499999, 44.36377048800006], [-79.60491154699997, 44.36389362400007], [-79.60495768499999, 44.36407054000006], [-79.60498952199998, 44.36419261100008], [-79.60502413199998, 44.36432530100006], [-79.60505942599997, 44.36446064200004], [-79.60508780399994, 44.36456944600008], [-79.60511549099994, 44.36467560000006], [-79.60514386799997, 44.36478440000008], [-79.60517265799996, 44.36489324000007], [-79.60520122499997, 44.36500100700005], [-79.60520846499998, 44.36502575700007], [-79.60524015099998, 44.36513409500003], [-79.60527183799996, 44.36524242100006], [-79.60530274999996, 44.36534811600006], [-79.60536612999994, 44.36556478000006], [-79.60539727399998, 44.36567126300008], [-79.60543388299999, 44.36579641900005], [-79.60547206399997, 44.36592694600006], [-79.60564182499996, 44.36652861000005], [-79.61303212199994, 44.36484739800005], [-79.62011872399995, 44.36323689700004], [-79.62042022399999, 44.36316829700007], [-79.62045222399996, 44.36327029700004], [-79.62046442399998, 44.36329619700007], [-79.62047362399994, 44.36334099700008], [-79.62047602399997, 44.36334069700007], [-79.62049212399995, 44.36340249700004], [-79.62084662399997, 44.36457909700005], [-79.62139712399994, 44.36678499800007], [-79.62176682499995, 44.36826569800007], [-79.62199982499999, 44.36919899800006], [-79.62268312499998, 44.36904619800004], [-79.62286052499996, 44.36900719800008], [-79.62327172499994, 44.37059309800003], [-79.62333382499997, 44.37083219800007], [-79.62353852599995, 44.37162149900007], [-79.62355152599997, 44.37167099900006], [-79.62409042699994, 44.37371580400003], [-79.65032343599995, 44.39245390100007], [-79.65006913599996, 44.39378880100003], [-79.64998253599998, 44.39426490100004], [-79.64996803599996, 44.39434550100003], [-79.64909633599996, 44.39915020200004], [-79.64888233599999, 44.40031670200005], [-79.64866343599994, 44.40141190200006], [-79.64810053699995, 44.40419140300003], [-79.64802323699996, 44.40459810300007], [-79.64758873699998, 44.40687960300005], [-79.64740153699995, 44.40786320400008], [-79.64720713699995, 44.40891370400004], [-79.64671823699996, 44.41155780400004], [-79.64612493699997, 44.41484370500007], [-79.64603253699994, 44.41534170500006], [-79.64615993699994, 44.41535380500005], [-79.65614213999999, 44.41629920500003], [-79.65603973999998, 44.41692190500004], [-79.65555313999994, 44.41988300500003], [-79.65552013999996, 44.42008390500007], [-79.65565313999997, 44.42009660500003], [-79.65767424099994, 44.42028570500003], [-79.65898194199997, 44.42040810500004], [-79.65925224199998, 44.42043310500003], [-79.66033524199997, 44.42053450500003], [-79.66033444199996, 44.42056260500004], [-79.67161594599997, 44.42162700500006], [-79.67361104599996, 44.42075010500002], [-79.67559284699996, 44.41987930400006], [-79.67580804699998, 44.41978430400007], [-79.68253004899998, 44.41681190300005], [-79.68359054899997, 44.41822600400008], [-79.68417964899999, 44.41795110400005], [-79.68572344999995, 44.41960340400004], [-79.68603264999996, 44.41995250400004], [-79.68617604999997, 44.42011460400005], [-79.68627694999998, 44.42022860400004], [-79.68637794999995, 44.42034260400004], [-79.68647884999996, 44.42045650400007], [-79.68658304999997, 44.42057430400007], [-79.68668754999999, 44.42069210400007], [-79.68679184999996, 44.42081000400003], [-79.68689605099996, 44.42092770400006], [-79.68699935099994, 44.42104440400004], [-79.68710245099999, 44.42116080400007], [-79.68720565099994, 44.42127740400008], [-79.68730915099997, 44.42139420400008], [-79.68741335099998, 44.42151190400006], [-79.68751805099998, 44.42163010400003], [-79.68758895099995, 44.42171020400008], [-79.68990045199996, 44.42431430400006], [-79.69019765199994, 44.42418180400006], [-79.69053465199994, 44.42403150400003], [-79.69070105199995, 44.42395750400004], [-79.69086095199998, 44.42388620400004], [-79.69102085199995, 44.42381480400007], [-79.69118385199994, 44.42374220400006], [-79.69138625199997, 44.42365200400008], [-79.69175525199995, 44.42348750400004], [-79.69185525199998, 44.42344290400007], [-79.69218355199996, 44.42329680400007], [-79.69243095299998, 44.42318640400003], [-79.69260485299998, 44.42310890400006], [-79.69276995299998, 44.42303520400003], [-79.69293525299997, 44.42296150400006], [-79.69310045299994, 44.42288790400005], [-79.69326575299993, 44.42281420400008], [-79.69343105299998, 44.42274050400005], [-79.69359635299998, 44.42266690400004], [-79.69376155299994, 44.42259320400007], [-79.69392685299994, 44.42251950400004], [-79.69409195299994, 44.42244580400006], [-79.69425735299995, 44.42237220400006], [-79.69449145299996, 44.42226780400006], [-79.69475745299997, 44.42214920400005], [-79.69499185299998, 44.42204470400003], [-79.69525825299996, 44.42192600400006], [-79.69564945299999, 44.42175160400006], [-79.69585965299996, 44.42165800400005], [-79.69617045399997, 44.42151930400007], [-79.69654465399998, 44.42135250400003], [-79.69696515399994, 44.42116500400004], [-79.69696825399996, 44.42116360400007], [-79.69700035399995, 44.42114930400004], [-79.69710585399997, 44.42109960400006], [-79.70009635499997, 44.42461550400003]]], [[[-79.95867028499998, 44.75369060900005], [-79.95868948399999, 44.75366795500003], [-79.95816273899999, 44.75390579800006], [-79.95751222899997, 44.75419950900005], [-79.95686171599993, 44.75449322100008], [-79.95637382099994, 44.75471350100003], [-79.95582076199997, 44.75496268900008], [-79.95556076099996, 44.75507983600005], [-79.95540048199996, 44.75515205200003], [-79.95537454999999, 44.75516373400006], [-79.95509123099998, 44.75529138600007], [-79.95491312899998, 44.75537162900008], [-79.95474716299998, 44.75544640600003], [-79.95439104199994, 44.75561131400008], [-79.95438970399994, 44.75561193400006], [-79.95371810799998, 44.75592292100004], [-79.95371675899997, 44.75592135100004], [-79.95107164699994, 44.75288705700007], [-79.95093755899995, 44.75273322800007], [-79.95067731399996, 44.75243465400007], [-79.95056983099994, 44.75248856800005], [-79.95058236599994, 44.75250294800003], [-79.95047446599995, 44.75255084800006], [-79.93938936299998, 44.75746584900003], [-79.93936485699999, 44.75747657500006], [-79.93934933699995, 44.75746571800005], [-79.93667175599995, 44.75432433700007], [-79.93663852899994, 44.75433951100007], [-79.93530142799995, 44.75274291700003], [-79.93448345199994, 44.75310660100007], [-79.93312415299994, 44.75156622100008], [-79.93045693599998, 44.75276125000005], [-79.93043755599996, 44.75281423600006], [-79.92931008699998, 44.75327705200004], [-79.92279262399995, 44.75611157100008], [-79.92279413699998, 44.75611328200006], [-79.92268783199995, 44.75615714600008], [-79.92223760399997, 44.75564812200003], [-79.92163773499999, 44.75599731300008], [-79.92141204299998, 44.75574214000005], [-79.91778168699994, 44.75735345800007], [-79.91756603499994, 44.75744916100007], [-79.91723275599998, 44.75759664700007], [-79.91612818399994, 44.75808545400008], [-79.91469030499997, 44.75872172400005], [-79.91302208899998, 44.75946126700006], [-79.91289670799995, 44.75951685000007], [-79.91279320499996, 44.75956259000003], [-79.91256420299999, 44.75966379000005], [-79.91233520599997, 44.75976498900008], [-79.91210620799995, 44.75986618400003], [-79.91187720799996, 44.75996738200007], [-79.91164463099994, 44.76007021900006], [-79.91141574099998, 44.76017143800004], [-79.91118685399994, 44.76027266100004], [-79.91095796499997, 44.76037388300006], [-79.91037555799994, 44.76063179800008], [-79.91016248999995, 44.76072644400006], [-79.90947419599996, 44.76103184100003], [-79.90934149299994, 44.76087907400006], [-79.90859067499997, 44.76121523100005], [-79.90871825499994, 44.76136732100008], [-79.90790561999995, 44.76172632700008], [-79.90756823399994, 44.76187537500005], [-79.90688845799997, 44.76217567900005], [-79.90712177899997, 44.76244532700008], [-79.90735510399998, 44.76271497400006], [-79.90755719499998, 44.76294852600006], [-79.90651375199997, 44.76340932100004], [-79.90631156499995, 44.76317581000006], [-79.90606629599995, 44.76328409300004], [-79.90582102199994, 44.76339237600007], [-79.90557574599995, 44.76350065400004], [-79.90533047599996, 44.76360893700007], [-79.90459464099996, 44.76393377500005], [-79.90434936599996, 44.76404205100005], [-79.90409435599997, 44.76415458900004], [-79.90436404299999, 44.76446667600004], [-79.90371926599994, 44.76475121500005], [-79.90348995099998, 44.76448584200006], [-79.90327406099993, 44.76458110900006], [-79.90333778699994, 44.76465493000006], [-79.90350320999994, 44.76484655900003], [-79.90285542599997, 44.76512697000004], [-79.90268988199995, 44.76493539300003], [-79.90252433899997, 44.76474381600008], [-79.90235879699998, 44.76455223900007], [-79.90211682399996, 44.76427220800008], [-79.90205463499996, 44.76429971800007], [-79.90189408399993, 44.76437074500006], [-79.90183891499998, 44.76439515100003], [-79.90162318899996, 44.76449058100008], [-79.90140746799995, 44.76458600700005], [-79.90119174499995, 44.76468143500006], [-79.90054563899997, 44.76496757300004], [-79.90018638499998, 44.76512829600006], [-79.89965348999993, 44.76536642200006], [-79.89908225299996, 44.76562163300008], [-79.89969527599999, 44.76632843000004], [-79.89982849899997, 44.76648202800004], [-79.90020718499994, 44.76691863300005], [-79.90027803199996, 44.76700031500008], [-79.90106732099997, 44.76791028800005], [-79.90209753999994, 44.76909797600007], [-79.90213074099995, 44.76913625100008], [-79.90229789699998, 44.76932894500004], [-79.90236341099995, 44.76940447900006], [-79.90243019999997, 44.76948147600007], [-79.90249620599997, 44.76955871200005], [-79.90309373899998, 44.77024802000005], [-79.90316380099995, 44.77032884400006], [-79.90489303599998, 44.77232356100006], [-79.90511828499996, 44.77258337800004], [-79.90753480399997, 44.77537056700004], [-79.90792108799997, 44.77581610400006], [-79.90795179199995, 44.77585151800008], [-79.91007367799995, 44.77829482600004], [-79.91070755699997, 44.77902376100008], [-79.91086042099994, 44.77920151400008], [-79.91170283999998, 44.78017566000005], [-79.91183620099997, 44.78032986500006], [-79.91463354199999, 44.78351198500008], [-79.91473408599995, 44.78368055200008], [-79.91639767499998, 44.78560491600007], [-79.91660008999997, 44.78583904700008], [-79.91714751899997, 44.78647224800005], [-79.91730036099995, 44.78664991200003], [-79.91779997499998, 44.78722767900007], [-79.91829944199998, 44.78780526300005], [-79.91845396999997, 44.78798395500007], [-79.91916062399997, 44.78880110600005], [-79.92096881399993, 44.79089190800005], [-79.92110139199997, 44.79104520000004], [-79.92227179699995, 44.79239842800007], [-79.92270175899995, 44.79289553700005], [-79.92308761399994, 44.79334163100003], [-79.92329284199997, 44.79358179700006], [-79.92384813999996, 44.79422851700008], [-79.92362848999994, 44.79432129100007], [-79.92362876599998, 44.79432162900008], [-79.92144486899997, 44.79524159300007], [-79.91925366599997, 44.79616456000008], [-79.91705867699994, 44.79708905100006], [-79.91765157399999, 44.79777571700004], [-79.91840552899998, 44.79864889900006], [-79.91935713199996, 44.79975725400004], [-79.91998259699994, 44.80048477800005], [-79.92041283799995, 44.80098508400005], [-79.92123486299994, 44.80194855500008], [-79.92182598999995, 44.80262308800008], [-79.92235878299994, 44.80331860700005], [-79.92248646299998, 44.80347522300008], [-79.91986315199995, 44.80455915400006], [-79.91808770399996, 44.80528786800005], [-79.91973189899994, 44.80716803200005], [-79.91979639399995, 44.80724444100008], [-79.92000395299993, 44.80753239500007], [-79.92929308899994, 44.81103403400004], [-79.93671936399994, 44.80777938800003], [-79.93488232199996, 44.79900462200004], [-79.93570148899994, 44.79781824100007], [-79.94569766899997, 44.79925315600008], [-79.94990887099993, 44.79970145600004], [-79.95060337099994, 44.79892475600008], [-79.95135087099999, 44.79875155600007], [-79.95130795399996, 44.79872166700005], [-79.95131562899996, 44.79871994700005], [-79.95213840299994, 44.79927326900003], [-79.95391496099995, 44.80012172000005], [-79.95506210199994, 44.80025096800006], [-79.95539176999995, 44.80009992900005], [-79.95674421999996, 44.79948028900003], [-79.95743388099999, 44.79917849100008], [-79.95744195999998, 44.79918780800006], [-79.95802078399998, 44.79891825100003], [-79.95803862399998, 44.79883210800006], [-79.95807829399996, 44.79863656400005], [-79.95805567299999, 44.79860905500004], [-79.95807177299997, 44.79853115500003], [-79.95968367299997, 44.79068075400005], [-79.95975287299996, 44.79034835400006], [-79.95980807299998, 44.79008015400007], [-79.95974137299999, 44.79000125400006], [-79.95973997299996, 44.78999955400008], [-79.95628487199997, 44.78590125300008], [-79.95629054499994, 44.78590264200005], [-79.95627962199995, 44.78588968500003], [-79.96120176099998, 44.78383925500003], [-79.96226266999997, 44.77893637000005], [-79.96249114699998, 44.77786996200007], [-79.96265142899995, 44.77712179900004], [-79.96299640599995, 44.77546059700006], [-79.96301500499999, 44.77537103000003], [-79.96341841599997, 44.77354612000005], [-79.96353639599994, 44.77297968600004], [-79.96379867299999, 44.77172049100005], [-79.96418194999995, 44.76988022200004], [-79.96456520799995, 44.76803995200004], [-79.96460285899997, 44.76786085400005], [-79.96043200999998, 44.76393495900004], [-79.95864457199997, 44.76180079500006], [-79.95830275199995, 44.76139391500004], [-79.95821812699995, 44.76129388500004], [-79.95800127999996, 44.76103756300006], [-79.95671476399997, 44.75951678400003], [-79.95668694399996, 44.75948389800004], [-79.95733563799996, 44.75919993000008], [-79.95735012199998, 44.75919358900006], [-79.95692597299995, 44.75869840300004], [-79.95776084899995, 44.75833183800006], [-79.95769509899998, 44.75825676100004], [-79.95763721399999, 44.75819038100008], [-79.95761048299994, 44.75818225800003], [-79.95748214999998, 44.75813747600006], [-79.95709185999993, 44.75808327800007], [-79.95694980099995, 44.75781584300006], [-79.95707360899996, 44.75774538700006], [-79.95710618999993, 44.75772684600003], [-79.95606355599995, 44.75612248400006], [-79.95676161499995, 44.75640070300005], [-79.95695610199994, 44.75615180400007], [-79.95709654299998, 44.75597208100004], [-79.95639989099999, 44.75569345000008], [-79.95656683199996, 44.75553530900004], [-79.95680376899998, 44.75532546800008], [-79.95687117999995, 44.75527932300002], [-79.95693928599997, 44.75522743200003], [-79.95711968799998, 44.75508998200007], [-79.95720338599995, 44.75502621000004], [-79.95758211399993, 44.75478337600003], [-79.95777315399994, 44.75466449500004], [-79.95805996999997, 44.75448255800006], [-79.95820790499994, 44.75439216100006], [-79.95862492999998, 44.75409371700005], [-79.95850214999996, 44.75402337200006], [-79.95842431599993, 44.75397877900008], [-79.95850941799995, 44.75388042500003], [-79.95867028499998, 44.75369060900005], [-79.95816816899998, 44.75391744800004], [-79.95751756899995, 44.75421114800008], [-79.95686696899998, 44.75450494800003], [-79.95637906899998, 44.75472514800003], [-79.95867028499998, 44.75369060900005]]]]}}]}